
> fuse-riders@1.0.0 test:coverage
> c8 tsx --test tests/*.test.ts

TAP version 13
# Subtest: accepted host actions replay complete lifecycle, bots, timeout cancellation and resets
ok 1 - accepted host actions replay complete lifecycle, bots, timeout cancellation and resets
  ---
  duration_ms: 4071.792625
  ...
# Subtest: replica game checkpoint preserves connected and charging state without host recovery sanitization
ok 2 - replica game checkpoint preserves connected and charging state without host recovery sanitization
  ---
  duration_ms: 2.848542
  ...
# Subtest: steady held input records only changes; bomb edges never persist into later ticks
ok 3 - steady held input records only changes; bomb edges never persist into later ticks
  ---
  duration_ms: 1.9625
  ...
# Subtest: MessagePack tuples and malformed operations are bounded
ok 4 - MessagePack tuples and malformed operations are bounded
  ---
  duration_ms: 2.110791
  ...
# Subtest: real encoded sender/receiver: duplicate, dropped and reordered batches repair without divergent commit
ok 5 - real encoded sender/receiver: duplicate, dropped and reordered batches repair without divergent commit
  ---
  duration_ms: 4.869708
  ...
# Subtest: invalid transaction and repeated hash mismatch never replace healthy state; fresh baseline repairs
ok 6 - invalid transaction and repeated hash mismatch never replace healthy state; fresh baseline repairs
  ---
  duration_ms: 1.68625
  ...
# Subtest: checkpoint chunk loss, reordering, corruption and timeout are bounded
ok 7 - checkpoint chunk loss, reordering, corruption and timeout are bounded
  ---
  duration_ms: 3.564583
  ...
# Subtest: decoder rejects nested allocation bombs before decoding and accepts ordinary envelopes
ok 8 - decoder rejects nested allocation bombs before decoding and accepts ordinary envelopes
  ---
  duration_ms: 6.47775
  ...
# Subtest: checkpoint and action identity validation agree, including history bounds and legal slot reuse
ok 9 - checkpoint and action identity validation agree, including history bounds and legal slot reuse
  ---
  duration_ms: 70.707959
  ...
# Subtest: newer checkpoint generations cannot erase same-tick accepted lifecycle operations
ok 10 - newer checkpoint generations cannot erase same-tick accepted lifecycle operations
  ---
  duration_ms: 1.137666
  ...
# Subtest: hash comparison survives backpressure precisely on twentieth ticks
ok 11 - hash comparison survives backpressure precisely on twentieth ticks
  ---
  duration_ms: 7.820625
  ...
# Subtest: missing middle checkpoint chunk times out, throttled pump recovers with a fresh generation
ok 12 - missing middle checkpoint chunk times out, throttled pump recovers with a fresh generation
  ---
  duration_ms: 81.691209
  ...
# Subtest: signed-zero headings and arena-coordinate bomb targets survive checkpoint suffix replay
ok 13 - signed-zero headings and arena-coordinate bomb targets survive checkpoint suffix replay
  ---
  duration_ms: 2.251791
  ...
# Subtest: host refuses a new historical identity before replay/checkpoint capacity is exceeded
ok 14 - host refuses a new historical identity before replay/checkpoint capacity is exceeded
  ---
  duration_ms: 2.637166
  ...
# Subtest: signed-zero local aim is normalized before MessagePack checkpoint and action capture
ok 15 - signed-zero local aim is normalized before MessagePack checkpoint and action capture
  ---
  duration_ms: 2.987041
  ...
# Subtest: MessagePack action changes carry full applied ticks across sparse input and bomb transitions
ok 16 - MessagePack action changes carry full applied ticks across sparse input and bomb transitions
  ---
  duration_ms: 2.146958
  ...
# Subtest: absolute action ticks above uint16 replay independently of previous held timestamps
ok 17 - absolute action ticks above uint16 replay independently of previous held timestamps
  ---
  duration_ms: 0.407166
  ...
# Subtest: action tick mismatch and legacy replay checkpoints preserve healthy receiver state
ok 18 - action tick mismatch and legacy replay checkpoints preserve healthy receiver state
  ---
  duration_ms: 1.736708
  ...
# Subtest: assets resolve once under a Pages base and preserve external URLs
ok 19 - assets resolve once under a Pages base and preserve external URLs
  ---
  duration_ms: 0.446625
  ...
# Subtest: audio requires gesture unlock, routes independent mute and volume, and tolerates refusal
ok 20 - audio requires gesture unlock, routes independent mute and volume, and tolerates refusal
  ---
  duration_ms: 0.967167
  ...
# Subtest: original score loops with bounded scheduling and no background catch-up
ok 21 - original score loops with bounded scheduling and no background catch-up
  ---
  duration_ms: 0.497334
  ...
# Subtest: authoritative effects coalesce volleys, reject stale events and baseline reconnects silently
ok 22 - authoritative effects coalesce volleys, reject stale events and baseline reconnects silently
  ---
  duration_ms: 0.311958
  ...
# Subtest: pickup cues use authoritative collection events and reconnect baseline stays silent
ok 23 - pickup cues use authoritative collection events and reconnect baseline stays silent
  ---
  duration_ms: 0.097542
  ...
# Subtest: engine emits collection once only after a real pickup is consumed
ok 24 - engine emits collection once only after a real pickup is consumed
  ---
  duration_ms: 11.208083
  ...
# Subtest: older round snapshots cannot reset scope or stop music
ok 25 - older round snapshots cannot reset scope or stop music
  ---
  duration_ms: 0.198959
  ...
# Subtest: eight original scores have long arrangements, distinct melodies and bounded valid voices
ok 26 - eight original scores have long arrangements, distinct melodies and bounded valid voices
  ---
  duration_ms: 13.614542
  ...
# Subtest: playlist completes an arrangement, rotates all eight tunes and retains mute and volume
ok 27 - playlist completes an arrangement, rotates all eight tunes and retains mute and volume
  ---
  duration_ms: 0.805042
  ...
# Subtest: new rounds advance playlist once; repeated snapshots and reconnects do not rewind it
ok 28 - new rounds advance playlist once; repeated snapshots and reconnects do not rewind it
  ---
  duration_ms: 0.12475
  ...
# Subtest: enabled audio plays in the lobby and intermissions and explicit enable confirms output
ok 29 - enabled audio plays in the lobby and intermissions and explicit enable confirms output
  ---
  duration_ms: 0.105041
  ...
# Subtest: two jazz tunes swing in tempo and use soft walking bass and seventh chords
ok 30 - two jazz tunes swing in tempo and use soft walking bass and seventh chords
  ---
  duration_ms: 0.157917
  ...
# Subtest: director schedules swung offbeats without catch-up bursts
ok 31 - director schedules swung offbeats without catch-up bursts
  ---
  duration_ms: 0.107541
  ...
# Subtest: gun launch plays a layered cannon cue
ok 32 - gun launch plays a layered cannon cue
  ---
  duration_ms: 0.108083
  ...
# Subtest: a host stall over the clock threshold pauses advancing but keeps seat scopes; queued and old-scope inputs still apply
ok 33 - a host stall over the clock threshold pauses advancing but keeps seat scopes; queued and old-scope inputs still apply
  ---
  duration_ms: 35.166875
  ...
# Subtest: a single time sample above the lease guard pauses for one sample period without rotating seat scopes
ok 34 - a single time sample above the lease guard pauses for one sample period without rotating seat scopes
  ---
  duration_ms: 1.963417
  ...
# Subtest: continuous non-permission beyond the grace clears seats exactly once; a fresh certification re-arms it
ok 35 - continuous non-permission beyond the grace clears seats exactly once; a fresh certification re-arms it
  ---
  duration_ms: 19.357125
  ...
# Subtest: a lease that actually lapses under a healthy clock stops advancing at once and clears seats after the grace
ok 36 - a lease that actually lapses under a healthy clock stops advancing at once and clears seats after the grace
  ---
  duration_ms: 4.648209
  ...
# Subtest: AuthorityGrace fires once per outage, only after prior permission, and reset() scopes it to one authority
ok 37 - AuthorityGrace fires once per outage, only after prior permission, and reset() scopes it to one authority
  ---
  duration_ms: 0.291917
  ...
# Subtest: authority recovery clears a stale pause once without overwriting subsequent command errors
ok 38 - authority recovery clears a stale pause once without overwriting subsequent command errors
  ---
  duration_ms: 0.482
  ...
# Subtest: a sustained pause announces itself once; further ticks preserve the notice on screen
ok 39 - a sustained pause announces itself once; further ticks preserve the notice on screen
  ---
  duration_ms: 0.087166
  ...
# Subtest: initial permission produces confirmed status and sustained permission stays silent
ok 40 - initial permission produces confirmed status and sustained permission stays silent
  ---
  duration_ms: 0.187875
  ...
# Subtest: ten distinct avatar ids address exactly ten atlas cells
ok 41 - ten distinct avatar ids address exactly ten atlas cells
  ---
  duration_ms: 1.236209
  ...
# Subtest: default and selected heads appear in authoritative snapshots without changing slot color
ok 42 - default and selected heads appear in authoritative snapshots without changing slot color
  ---
  duration_ms: 6.354625
  ...
# Subtest: live avatar messages only accept a known head and no player override
ok 43 - live avatar messages only accept a known head and no player override
  ---
  duration_ms: 0.126875
  ...
# Subtest: disk uses radial distance rather than bounding square or cross
ok 44 - disk uses radial distance rather than bounding square or cross
  ---
  duration_ms: 0.932916
  ...
# Subtest: swept disk detects crossing, tangent, radius padding and endpoint misses
ok 45 - swept disk detects crossing, tangent, radius padding and endpoint misses
  ---
  duration_ms: 0.109083
  ...
# Subtest: ordered bomb edges survive a between-tick tap, while held resends do not repeat presses
ok 46 - ordered bomb edges survive a between-tick tap, while held resends do not repeat presses
  ---
  duration_ms: 0.894292
  ...
# Subtest: interruption discards even a queued release and requires a neutral handshake
ok 47 - interruption discards even a queued release and requires a neutral handshake
  ---
  duration_ms: 0.1075
  ...
# Subtest: overflow cancels the bounded queue and a later fresh press can recover
ok 48 - overflow cancels the bounded queue and a later fresh press can recover
  ---
  duration_ms: 0.06625
  ...
# Subtest: target input preserves per-release aim despite later packets and caller mutation
ok 49 - target input preserves per-release aim despite later packets and caller mutation
  ---
  duration_ms: 0.106917
  ...
# Subtest: maps charge ticks linearly between accepted minimum and maximum
ok 50 - maps charge ticks linearly between accepted minimum and maximum
  ---
  duration_ms: 0.413625
  ...
# Subtest: projects along the release angle and clamps each coordinate to safe bounds
ok 51 - projects along the release angle and clamps each coordinate to safe bounds
  ---
  duration_ms: 0.592666
  ...
# Subtest: AI is deterministic, uses its injected random stream and never mutates the observed world
ok 52 - AI is deterministic, uses its injected random stream and never mutates the observed world
  ---
  duration_ms: 9.952
  ...
# Subtest: AI is neutral when absent, dead, disconnected or waiting for next round
ok 53 - AI is neutral when absent, dead, disconnected or waiting for next round
  ---
  duration_ms: 0.532917
  ...
# Subtest: AI turns away from imminent walls, trails and rider paths
ok 54 - AI turns away from imminent walls, trails and rider paths
  ---
  duration_ms: 5.862458
  ...
# Subtest: AI considers expired and recent own trails, pickups, blasts, shells and drunk heading without changing physics
ok 55 - AI considers expired and recent own trails, pickups, blasts, shells and drunk heading without changing physics
  ---
  duration_ms: 1.955917
  ...
# Subtest: AI presses, holds and releases ordinary bombs through the same charge/cooldown rules
ok 56 - AI presses, holds and releases ordinary bombs through the same charge/cooldown rules
  ---
  duration_ms: 4.450125
  ...
# Subtest: AI target/gun/shell shots use normal input actions and target aim is bounded
ok 57 - AI target/gun/shell shots use normal input actions and target aim is bounded
  ---
  duration_ms: 4.282125
  ...
# Subtest: Host alone can manage AI, five shared slots are enforced, and a solo host can start
ok 58 - Host alone can manage AI, five shared slots are enforced, and a solo host can start
  ---
  duration_ms: 5.293917
  ...
# Subtest: AI arriving during a match waits and appears in the next round without a timed click
ok 59 - AI arriving during a match waits and appears in the next round without a timed click
  ---
  duration_ms: 70.968708
  ...
# Subtest: AI removal/reset frees its slot without converting humans or reusing old bot identity
ok 60 - AI removal/reset frees its slot without converting humans or reusing old bot identity
  ---
  duration_ms: 6.941291
  ...
# Subtest: Checkpoint v3 restores only validated bot ownership and rejects malformed registries atomically
ok 61 - Checkpoint v3 restores only validated bot ownership and rejects malformed registries atomically
  ---
  duration_ms: 2.212333
  ...
# Subtest: visual projection uses authoritative tick spacing during packet bursts
ok 62 - visual projection uses authoritative tick spacing during packet bursts
  ---
  duration_ms: 0.6365
  ...
# Subtest: visual projection freezes after 50 ms and never projects death or non-playing phases
ok 63 - visual projection freezes after 50 ms and never projects death or non-playing phases
  ---
  duration_ms: 0.084625
  ...
# Subtest: visual projection does not cross round, match, membership or timestamp boundaries
ok 64 - visual projection does not cross round, match, membership or timestamp boundaries
  ---
  duration_ms: 0.087583
  ...
# Subtest: visual projection snaps a portal transit and resumes on the next ordinary movement pair
ok 65 - visual projection snaps a portal transit and resumes on the next ordinary movement pair
  ---
  duration_ms: 0.075208
  ...
# Subtest: multitouch retains a control until its final pointer releases
ok 66 - multitouch retains a control until its final pointer releases
  ---
  duration_ms: 0.5445
  ...
# Subtest: fast bomb tap and cancellation always send the falling edge
ok 67 - fast bomb tap and cancellation always send the falling edge
  ---
  duration_ms: 0.104333
  ...
# Subtest: pointer cancellation never launches and lost capture after release is a no-op
ok 68 - pointer cancellation never launches and lost capture after release is a no-op
  ---
  duration_ms: 0.080125
  ...
# Subtest: reconnect can force a neutral sample to rearm bomb edges
ok 69 - reconnect can force a neutral sample to rearm bomb edges
  ---
  duration_ms: 0.058667
  ...
# Subtest: held-state resend advances sequence while idle resend stays silent
ok 70 - held-state resend advances sequence while idle resend stays silent
  ---
  duration_ms: 0.078166
  ...
# Subtest: snapshot acceptance handles opaque match ids without lexicographic ordering
ok 71 - snapshot acceptance handles opaque match ids without lexicographic ordering
  ---
  duration_ms: 0.130458
  ...
# Subtest: snapshot acceptance rejects an older round in the active match
ok 72 - snapshot acceptance rejects an older round in the active match
  ---
  duration_ms: 0.049083
  ...
# Subtest: target preview projects for at most one tick and stays inside the arena
ok 73 - target preview projects for at most one tick and stays inside the arena
  ---
  duration_ms: 0.101417
  ...
# Subtest: shell visuals advance between server ticks and reflect off walls without changing authority
ok 74 - shell visuals advance between server ticks and reflect off walls without changing authority
  ---
  duration_ms: 0.215792
  ...
# Subtest: public smoke exercises real gateway socket boundaries and emits no credentials
ok 75 - public smoke exercises real gateway socket boundaries and emits no credentials
  ---
  duration_ms: 61.010291
  ...
# Subtest: public smoke stops on broken CORS and reports only a safe check label
ok 76 - public smoke stops on broken CORS and reports only a safe check label
  ---
  duration_ms: 9.87875
  ...
# Subtest: public smoke rejects plaintext and credential-bearing production origins before requests
ok 77 - public smoke rejects plaintext and credential-bearing production origins before requests
  ---
  duration_ms: 3069.826209
  ...
# Subtest: arrows share held state and Space emits exactly one press and release despite repeats
ok 78 - arrows share held state and Space emits exactly one press and release despite repeats
  ---
  duration_ms: 1.058083
  ...
# Subtest: pointer ownership survives keyboard release and cancellation
ok 79 - pointer ownership survives keyboard release and cancellation
  ---
  duration_ms: 0.111
  ...
# Subtest: menu/focus/visibility cancellation never fires and repeat after reset cannot restart charge
ok 80 - menu/focus/visibility cancellation never fires and repeat after reset cannot restart charge
  ---
  duration_ms: 0.0965
  ...
# Subtest: blocked and unrelated keys retain normal browser handling
ok 81 - blocked and unrelated keys retain normal browser handling
  ---
  duration_ms: 0.06075
  ...
# Subtest: blocked new key clears previously held keys without releasing a bomb
ok 82 - blocked new key clears previously held keys without releasing a bomb
  ---
  duration_ms: 0.122666
  ...
# Subtest: browser modifier shortcuts remain untouched while keyup releases an earlier plain hold
ok 83 - browser modifier shortcuts remain untouched while keyup releases an earlier plain hold
  ---
  duration_ms: 0.115583
  ...
# Subtest: A and D aliases retain independent held ownership from arrow keys
ok 84 - A and D aliases retain independent held ownership from arrow keys
  ---
  duration_ms: 0.078208
  ...
# Subtest: keyboard ArrowLeft/ArrowRight and Space share serialized steering and charge/release semantics
ok 85 - keyboard ArrowLeft/ArrowRight and Space share serialized steering and charge/release semantics
  ---
  duration_ms: 1.263209
  ...
# Subtest: keyboard KeyA/KeyD and Space share serialized steering and charge/release semantics
ok 86 - keyboard KeyA/KeyD and Space share serialized steering and charge/release semantics
  ---
  duration_ms: 0.119875
  ...
# Subtest: arrow and letter aliases keep steering until both keys are released
ok 87 - arrow and letter aliases keep steering until both keys are released
  ---
  duration_ms: 0.270083
  ...
# Subtest: keyboard and pointer holds do not release each other
ok 88 - keyboard and pointer holds do not release each other
  ---
  duration_ms: 0.25375
  ...
# Subtest: focus/lifecycle cancellation never fires or reactivates a held key on repeat
ok 89 - focus/lifecycle cancellation never fires or reactivates a held key on repeat
  ---
  duration_ms: 0.170875
  ...
# Subtest: typing, disabled contexts and browser shortcuts are left alone, but keyup still releases
ok 90 - typing, disabled contexts and browser shortcuts are left alone, but keyup still releases
  ---
  duration_ms: 0.139375
  ...
# Subtest: recycled pointer ownership cancels old steering and makes both buttons reusable
ok 91 - recycled pointer ownership cancels old steering and makes both buttons reusable
  ---
  duration_ms: 0.134792
  ...
# Subtest: global release works if capture throws and leaves simultaneous touches intact
ok 92 - global release works if capture throws and leaves simultaneous touches intact
  ---
  duration_ms: 0.109083
  ...
# Subtest: lost capture and clear cancel charge without accidental release, then recover immediately
ok 93 - lost capture and clear cancel charge without accidental release, then recover immediately
  ---
  duration_ms: 0.599
  ...
# Subtest: disabled buttons, unrelated capture loss, right clicks and duplicate terminal events do nothing
ok 94 - disabled buttons, unrelated capture loss, right clicks and duplicate terminal events do nothing
  ---
  duration_ms: 0.138083
  ...
# Subtest: input model independently repairs pointer reassignment and preserves duplicate down
ok 95 - input model independently repairs pointer reassignment and preserves duplicate down
  ---
  duration_ms: 0.079958
  ...
# Subtest: held drag enters, switches and exits buttons without tapping; hovering does not press
ok 96 - held drag enters, switches and exits buttons without tapping; hovering does not press
  ---
  duration_ms: 0.198584
  ...
# Subtest: Target aim keeps its thumb while sliding across other controls
ok 97 - Target aim keeps its thumb while sliding across other controls
  ---
  duration_ms: 0.531959
  ...
# Subtest: cancelled or cleared contacts cannot slide-reactivate before lifting
ok 98 - cancelled or cleared contacts cannot slide-reactivate before lifting
  ---
  duration_ms: 0.189583
  ...
# Subtest: target trackpad uses relative motion, throttles packets and sends final release coordinates
ok 99 - target trackpad uses relative motion, throttles packets and sends final release coordinates
  ---
  duration_ms: 1.014167
  ...
# Subtest: aim clamps the board and other fingers cannot move it; cancellation clears it
ok 100 - aim clamps the board and other fingers cannot move it; cancellation clears it
  ---
  duration_ms: 0.13925
  ...
# Subtest: second Fire contact inherits aim without a jump, refresh does not reset active aim
ok 101 - second Fire contact inherits aim without a jump, refresh does not reset active aim
  ---
  duration_ms: 0.086916
  ...
# Subtest: ordinary controls send no aim and invalid positions do not corrupt it
ok 102 - ordinary controls send no aim and invalid positions do not corrupt it
  ---
  duration_ms: 0.077792
  ...
# Subtest: host intention waits for permission, latest wins, expires and cannot cross authority reset
ok 103 - host intention waits for permission, latest wins, expires and cannot cross authority reset
  ---
  duration_ms: 0.757084
  ...
# Subtest: release or cancel after round/match completion stays replayable through late rollback and finality
ok 104 - release or cancel after round/match completion stays replayable through late rollback and finality
  ---
  duration_ms: 101.776375
  ...
# Subtest: wire actions use full uint32 ticks and strict bounded MessagePack tuples
ok 105 - wire actions use full uint32 ticks and strict bounded MessagePack tuples
  ---
  duration_ms: 0.6205
  ...
# Subtest: independent stream fills holes, permits older repairs after watermark, ignores reordered watermarks
ok 106 - independent stream fills holes, permits older repairs after watermark, ignores reordered watermarks
  ---
  duration_ms: 0.133708
  ...
# Subtest: conflicting IDs, incomparable promises, chronological inversion and reused gesture are atomic faults
ok 107 - conflicting IDs, incomparable promises, chronological inversion and reused gesture are atomic faults
  ---
  duration_ms: 0.209833
  ...
# Subtest: whole world advances with no action packets, then bounded rollback exactly reconstructs late actions
ok 108 - whole world advances with no action packets, then bounded rollback exactly reconstructs late actions
  ---
  duration_ms: 51.789167
  ...
# Subtest: all same-tick press/release packet permutations yield exactly one identical shot
ok 109 - all same-tick press/release packet permutations yield exactly one identical shot
  ---
  duration_ms: 45.052958
  ...
# Subtest: replacement press restarts charge; old release cannot fire the newer gesture
ok 110 - replacement press restarts charge; old release cannot fire the newer gesture
  ---
  duration_ms: 4.520459
  ...
# Subtest: missing press never invents charge; cancel and aiming preserve per-action target order
ok 111 - missing press never invents charge; cancel and aiming preserve per-action target order
  ---
  duration_ms: 5.479709
  ...
# Subtest: idle repair delivers a lost final release; receipt loss never duplicates shots
ok 112 - idle repair delivers a lost final release; receipt loss never duplicates shots
  ---
  duration_ms: 6.565583
  ...
# Subtest: origin immediately sends newest plus old gap records; backpressure repair is paced and bounded
ok 113 - origin immediately sends newest plus old gap records; backpressure repair is paced and bounded
  ---
  duration_ms: 64.889
  ...
# Subtest: finality waits for cross-channel input gaps, then emits derived effects exactly once
ok 114 - finality waits for cross-channel input gaps, then emits derived effects exactly once
  ---
  duration_ms: 19.71975
  ...
# Subtest: finalized bootstrap uses applied prefixes, leaving already received future actions for suffix replay
ok 115 - finalized bootstrap uses applied prefixes, leaving already received future actions for suffix replay
  ---
  duration_ms: 18.822291
  ...
# Subtest: speculation pauses at its fixed bound and resumes after verified finality
ok 116 - speculation pauses at its fixed bound and resumes after verified finality
  ---
  duration_ms: 49.480041
  ...
# Subtest: malformed/future/wrong-owner/stale-segment messages do not alter healthy world
ok 117 - malformed/future/wrong-owner/stale-segment messages do not alter healthy world
  ---
  duration_ms: 24.026417
  ...
# Subtest: invalid bootstrap, changed rules, corrupt state and wrong scope never instantiate a replica
ok 118 - invalid bootstrap, changed rules, corrupt state and wrong scope never instantiate a replica
  ---
  duration_ms: 20.999458
  ...
# Subtest: encoded history budget rejects growth atomically rather than discarding rollback dependencies
ok 119 - encoded history budget rejects growth atomically rather than discarding rollback dependencies
  ---
  duration_ms: 20.991708
  ...
# Subtest: six independently advancing replicas converge through delayed/reordered delivery for five streams
ok 120 - six independently advancing replicas converge through delayed/reordered delivery for five streams
  ---
  duration_ms: 15379.042416
  ...
# Subtest: new completeness cuts preserve older promises and already certified progress
ok 121 - new completeness cuts preserve older promises and already certified progress
  ---
  duration_ms: 0.166791
  ...
# Subtest: watermark cuts, including empty periods, have a hard retention bound
ok 122 - watermark cuts, including empty periods, have a hard retention bound
  ---
  duration_ms: 0.701166
  ...
# Subtest: bootstrap rejects a rehashed impossible gesture state, not only corrupt hashes
ok 123 - bootstrap rejects a rehashed impossible gesture state, not only corrupt hashes
  ---
  duration_ms: 1.293917
  ...
# Subtest: older complete finality advances while newer certificates still await input repair
ok 124 - older complete finality advances while newer certificates still await input repair
  ---
  duration_ms: 42.449917
  ...
# Subtest: pending certificates normalize prefix order and reject conflicts without bypassing a bad older hash
ok 125 - pending certificates normalize prefix order and reject conflicts without bypassing a bad older hash
  ---
  duration_ms: 14.482375
  ...
# Subtest: pending finality has a forty-tick bound and encoded-byte admission is atomic
ok 126 - pending finality has a forty-tick bound and encoded-byte admission is atomic
  ---
  duration_ms: 9.660916
  ...
# Subtest: lost receipts retain the oldest gap without starving rotation through the unacknowledged tail
ok 127 - lost receipts retain the oldest gap without starving rotation through the unacknowledged tail
  ---
  duration_ms: 0.522
  ...
# Subtest: delivery exact cuts exclude future groups and cannot contradict retained actions
ok 128 - delivery exact cuts exclude future groups and cannot contradict retained actions
  ---
  duration_ms: 0.104125
  ...
# Subtest: remote future staging derives from both clock uncertainties without extending the execution horizon
ok 129 - remote future staging derives from both clock uncertainties without extending the execution horizon
  ---
  duration_ms: 27.692458
  ...
# Subtest: recovery distinguishes invalid action admission from verified finality disagreement
ok 130 - recovery distinguishes invalid action admission from verified finality disagreement
  ---
  duration_ms: 5.042667
  ...
# Subtest: combined progress rejects late conflicts atomically, including pending finality and events
ok 131 - combined progress rejects late conflicts atomically, including pending finality and events
  ---
  duration_ms: 14.453917
  ...
# Subtest: presentation history is exact after rollback, survives finality pruning and stays bounded
ok 132 - presentation history is exact after rollback, survives finality pruning and stays bounded
  ---
  duration_ms: 19.592583
  ...
# Subtest: a late action exposing a corrupt pending finality cannot mutate simulation or presentation history
ok 133 - a late action exposing a corrupt pending finality cannot mutate simulation or presentation history
  ---
  duration_ms: 7.07775
  ...
# Subtest: compact control admits only complete bounded clock and finality schemas
ok 134 - compact control admits only complete bounded clock and finality schemas
  ---
  duration_ms: 1.577792
  ...
# Subtest: each pair elects one initiator, with the follower initiating clock exchanges
ok 135 - each pair elects one initiator, with the follower initiating clock exchanges
  ---
  duration_ms: 0.456667
  ...
# Subtest: quiet healthy pairs exchange one request/reply per second and confirm both directions
ok 136 - quiet healthy pairs exchange one request/reply per second and confirm both directions
  ---
  duration_ms: 4.080375
  ...
# Subtest: lost replies and rejected enqueues retry with fresh IDs then return to the quiet cadence
ok 137 - lost replies and rejected enqueues retry with fresh IDs then return to the quiet cadence
  ---
  duration_ms: 0.985042
  ...
# Subtest: one-sided loss cannot keep the responder healthy with fresh requests alone
ok 138 - one-sided loss cannot keep the responder healthy with fresh requests alone
  ---
  duration_ms: 10.244666
  ...
# Subtest: replayed or reordered heartbeat IDs cannot reinstall data or refresh acknowledgement time
ok 139 - replayed or reordered heartbeat IDs cannot reinstall data or refresh acknowledgement time
  ---
  duration_ms: 2.501084
  ...
# Subtest: late or unsolicited replies cannot qualify a clock or link
ok 140 - late or unsolicited replies cannot qualify a clock or link
  ---
  duration_ms: 0.414375
  ...
# Subtest: shape, nested alias/nonce, role and byte checks precede application acceptance
ok 141 - shape, nested alias/nonce, role and byte checks precede application acceptance
  ---
  duration_ms: 3.021583
  ...
# Subtest: a rejected application candidate consumes no incoming identity or health evidence
ok 142 - a rejected application candidate consumes no incoming identity or health evidence
  ---
  duration_ms: 0.161959
  ...
# Subtest: fast qualification is bounded, stop clears attempts, and sequence exhaustion never wraps
ok 143 - fast qualification is bounded, stop clears attempts, and sequence exhaustion never wraps
  ---
  duration_ms: 2.483416
  ...
# Subtest: maximum integer cuts, receipts and certificate fit the complete fast packet budget
ok 144 - maximum integer cuts, receipts and certificate fit the complete fast packet budget
  ---
  duration_ms: 0.662709
  ...
# Subtest: non-clock pairs accept delayed liveness evidence only within its 2.5 second window
ok 145 - non-clock pairs accept delayed liveness evidence only within its 2.5 second window
  ---
  duration_ms: 3.548333
  ...
# Subtest: stopping a scope inside application callbacks prevents sends and acknowledgement installation
ok 146 - stopping a scope inside application callbacks prevents sends and acknowledgement installation
  ---
  duration_ms: 0.163292
  ...
# Subtest: synchronous request and reply delivery preserves pending correlation and quiet cadence
ok 147 - synchronous request and reply delivery preserves pending correlation and quiet cadence
  ---
  duration_ms: 0.172541
  ...
# Subtest: a responder stopped while constructing or sending its reply cannot establish remote proof
ok 148 - a responder stopped while constructing or sending its reply cannot establish remote proof
  ---
  duration_ms: 0.179667
  ...
# Subtest: one-second exchanges carry real correlated clock samples without separate probes
ok 149 - one-second exchanges carry real correlated clock samples without separate probes
  ---
  duration_ms: 3.393833
  ...
# Subtest: immutable roster permissions authorize disjoint action and receipt slot flows
ok 150 - immutable roster permissions authorize disjoint action and receipt slot flows
  ---
  duration_ms: 0.581791
  ...
# Subtest: flow burst and refill are exact, and repeated binding never refills them
ok 151 - flow burst and refill are exact, and repeated binding never refills them
  ---
  duration_ms: 0.411375
  ...
# Subtest: five legitimate100Hz stream flows preserve their separate liveness allowance
ok 152 - five legitimate100Hz stream flows preserve their separate liveness allowance
  ---
  duration_ms: 2.942375
  ...
# Subtest: liveness has a reserved burst even when all five flow bursts are used
ok 153 - liveness has a reserved burst even when all five flow bursts are used
  ---
  duration_ms: 0.404375
  ...
# Subtest: packet limits apply before parsing and the association budget survives alias changes
ok 154 - packet limits apply before parsing and the association budget survives alias changes
  ---
  duration_ms: 0.404209
  ...
# Subtest: one aggregate consumes one reserved token after every nested slot is authorized
ok 155 - one aggregate consumes one reserved token after every nested slot is authorized
  ---
  duration_ms: 0.31925
  ...
# Subtest: seeded jitter reorders fast actions but keeps reliable messages ordered and copies queued binary data
ok 156 - seeded jitter reorders fast actions but keeps reliable messages ordered and copies queued binary data
  ---
  duration_ms: 1.03125
  ...
# Subtest: fast loss leaves reliable delivery intact and shared sender bandwidth delays both channels
ok 157 - fast loss leaves reliable delivery intact and shared sender bandwidth delays both channels
  ---
  duration_ms: 0.099167
  ...
# Subtest: fixture queues are bounded and report overflow and closed sends explicitly
ok 158 - fixture queues are bounded and report overflow and closed sends explicitly
  ---
  duration_ms: 4.887875
  ...
# Subtest: per-channel buffered amount excludes propagation delay after shared serialization and resets on stop
ok 159 - per-channel buffered amount excludes propagation delay after shared serialization and resets on stop
  ---
  duration_ms: 0.112875
  ...
# Subtest: held controls emit only edges, with independent wire and UI sequence numbering
ok 160 - held controls emit only edges, with independent wire and UI sequence numbering
  ---
  duration_ms: 1.250042
  ...
# Subtest: a local change group is atomic until the caller installs the candidate
ok 161 - a local change group is atomic until the caller installs the candidate
  ---
  duration_ms: 1.106709
  ...
# Subtest: all subscriber candidates admit a full group before bytes, and failed enqueue retains it for repair
ok 162 - all subscriber candidates admit a full group before bytes, and failed enqueue retains it for repair
  ---
  duration_ms: 0.495791
  ...
# Subtest: press replacement, missing press, release and neutral cancellation preserve gesture semantics
ok 163 - press replacement, missing press, release and neutral cancellation preserve gesture semantics
  ---
  duration_ms: 0.111458
  ...
# Subtest: origin exact cuts cannot cover future actions or permit a later action before the cut
ok 164 - origin exact cuts cannot cover future actions or permit a later action before the cut
  ---
  duration_ms: 0.150792
  ...
# Subtest: invalid local frames and exhausted ticks consume neither revisions nor actions
ok 165 - invalid local frames and exhausted ticks consume neither revisions nor actions
  ---
  duration_ms: 0.19475
  ...
# Subtest: future start requires coordinator confirmation, and both clocks advance without gameplay packets
ok 166 - future start requires coordinator confirmation, and both clocks advance without gameplay packets
  ---
  duration_ms: 0.5685
  ...
# Subtest: lowest RTT filtering tolerates valid asymmetric delay without a false four-tick fault
ok 167 - lowest RTT filtering tolerates valid asymmetric delay without a false four-tick fault
  ---
  duration_ms: 0.106583
  ...
# Subtest: running clock slews in either direction at one tick per second and never moves backward
ok 168 - running clock slews in either direction at one tick per second and never moves backward
  ---
  duration_ms: 0.2
  ...
# Subtest: scope fences, expired and reordered replies cannot move time or refresh readiness
ok 169 - scope fences, expired and reordered replies cannot move time or refresh readiness
  ---
  duration_ms: 0.150958
  ...
# Subtest: discrepancy and monotonic-clock faults stay latched, including on the coordinator
ok 170 - discrepancy and monotonic-clock faults stay latched, including on the coordinator
  ---
  duration_ms: 0.155375
  ...
# Subtest: stale baseline recovery remains conservative, and a failed release cannot revive after a fresh sample
ok 171 - stale baseline recovery remains conservative, and a failed release cannot revive after a fresh sample
  ---
  duration_ms: 0.136833
  ...
# Subtest: origin bounds unpublished tick frontiers and publishing a cut restores capacity atomically
ok 172 - origin bounds unpublished tick frontiers and publishing a cut restores capacity atomically
  ---
  duration_ms: 16.963208
  ...
# Subtest: expiry cannot turn an uncertain idle clock into a qualified projection
ok 173 - expiry cannot turn an uncertain idle clock into a qualified projection
  ---
  duration_ms: 3.363334
  ...
# Subtest: uncertainty admission persists even when no read occurs before samples expire
ok 174 - uncertainty admission persists even when no read occurs before samples expire
  ---
  duration_ms: 1.309375
  ...
# Subtest: heartbeat nonces are unique, bounded and correlated with pending clock samples
ok 175 - heartbeat nonces are unique, bounded and correlated with pending clock samples
  ---
  duration_ms: 0.247125
  ...
# Subtest: quiet clock projection grows drift uncertainty and retains it after sample expiry
ok 176 - quiet clock projection grows drift uncertainty and retains it after sample expiry
  ---
  duration_ms: 0.121583
  ...
# Subtest: drift during an asymmetric clock exchange remains inside the reported interval
ok 177 - drift during an asymmetric clock exchange remains inside the reported interval
  ---
  duration_ms: 0.089166
  ...
# Subtest: a prepared clock reply cannot consume the live nonce until its whole aggregate is adopted
ok 178 - a prepared clock reply cannot consume the live nonce until its whole aggregate is adopted
  ---
  duration_ms: 0.223
  ...
# Subtest: interpolation supplies only earlier discrete world geometry and the actual partial rider trail
ok 179 - interpolation supplies only earlier discrete world geometry and the actual partial rider trail
  ---
  duration_ms: 11.877666
  ...
# Subtest: phase, portal and death discontinuities never expose a future pose or invent a trail chord
ok 180 - phase, portal and death discontinuities never expose a future pose or invent a trail chord
  ---
  duration_ms: 1.083125
  ...
# Subtest: adaptive delay is bounded, grows on late executable input and cannot move playback backward
ok 181 - adaptive delay is bounded, grows on late executable input and cannot move playback backward
  ---
  duration_ms: 1.1745
  ...
# Subtest: quiet traffic retains adverse evidence; only fresh action samples reduce delay, with bounded retention
ok 182 - quiet traffic retains adverse evidence; only fresh action samples reduce delay, with bounded retention
  ---
  duration_ms: 2.021125
  ...
# Subtest: replacement history corrects the same previously presented tick; a new segment starts clean
ok 183 - replacement history corrects the same previously presented tick; a new segment starts clean
  ---
  duration_ms: 0.8825
  ...
# Subtest: shell interpolation rejects multiple bounces even when the final velocity matches the initial velocity
ok 184 - shell interpolation rejects multiple bounces even when the final velocity matches the initial velocity
  ---
  duration_ms: 0.787167
  ...
# Subtest: initial room preparation accepts tick-stamped snapshots and rejects unknown snapshot fields
ok 185 - initial room preparation accepts tick-stamped snapshots and rejects unknown snapshot fields
  ---
  duration_ms: 17.097375
  ...
# Subtest: lifecycle changes reproduce validated management operations with neutral input state
ok 186 - lifecycle changes reproduce validated management operations with neutral input state
  ---
  duration_ms: 19.136334
  ...
# Subtest: lifecycle checkpoint validation fences the actual old state and leaves healthy state untouched
ok 187 - lifecycle checkpoint validation fences the actual old state and leaves healthy state untouched
  ---
  duration_ms: 9.357625
  ...
# Subtest: controller status contains no world geometry and cannot change stream ownership
ok 188 - controller status contains no world geometry and cannot change stream ownership
  ---
  duration_ms: 4.073167
  ...
# Subtest: room catalogs and delegation validate identities and mode-specific simulator ownership
ok 189 - room catalogs and delegation validate identities and mode-specific simulator ownership
  ---
  duration_ms: 1.364625
  ...
# Subtest: played lobby catalog reconstructs the exact nonzero-tick checkpoint and ordered historical scores
ok 190 - played lobby catalog reconstructs the exact nonzero-tick checkpoint and ordered historical scores
  ---
  duration_ms: 2.405333
  ...
# Subtest: full-view preparation rejects a valid checkpoint paired with a different phase, round or status
ok 191 - full-view preparation rejects a valid checkpoint paired with a different phase, round or status
  ---
  duration_ms: 12.689584
  ...
# Subtest: serialized reuse references and ACKs enforce closed tuples, bounds and non-tick operations
ok 192 - serialized reuse references and ACKs enforce closed tuples, bounds and non-tick operations
  ---
  duration_ms: 17.714916
  ...
# Subtest: local reuse and checkpoint derivation produce identical bytes and reject altered base or output proofs atomically
ok 193 - local reuse and checkpoint derivation produce identical bytes and reject altered base or output proofs atomically
  ---
  duration_ms: 42.073083
  ...
# Subtest: reuse eligibility retains the original authority and source/local connections across roster changes
ok 194 - reuse eligibility retains the original authority and source/local connections across roster changes
  ---
  duration_ms: 0.574917
  ...
# Subtest: a reference cannot bypass a newer finalized fence on fallback
ok 195 - a reference cannot bypass a newer finalized fence on fallback
  ---
  duration_ms: 11.498208
  ...
# Subtest: reference admission counts MessagePack containers and the largest complete recipient envelope
ok 196 - reference admission counts MessagePack containers and the largest complete recipient envelope
  ---
  duration_ms: 27.997459
  ...
# Subtest: runtime activates direct simulators, starts a match and sends actions directly between guests
ok 197 - runtime activates direct simulators, starts a match and sends actions directly between guests
  ---
  duration_ms: 295.84075
  ...
# Subtest: a failed first recovery enqueue is retried and replaces the paused segment
ok 198 - a failed first recovery enqueue is retried and replaces the paused segment
  ---
  duration_ms: 126.15425
  ...
# Subtest: an unavailable recovery coordinator produces a bounded visible fresh-lobby state
ok 199 - an unavailable recovery coordinator produces a bounded visible fresh-lobby state
  ---
  duration_ms: 179.056791
  ...
# Subtest: a release without a usable tick freezes its gesture before a fresh clock can resume input
ok 200 - a release without a usable tick freezes its gesture before a fresh clock can resume input
  ---
  duration_ms: 412.876458
  ...
# Subtest: a refreshed delegated TV without a simulation base pauses instead of creating a new match
ok 201 - a refreshed delegated TV without a simulation base pauses instead of creating a new match
  ---
  duration_ms: 84.554417
  ...
# Subtest: creator refresh in a settled lobby preserves the checkpoint and can switch to shared TV mode
ok 202 - creator refresh in a settled lobby preserves the checkpoint and can switch to shared TV mode
  ---
  duration_ms: 291.198708
  ...
# Subtest: a refreshed guest can rejoin with a fresh command sequence on its replacement connection
ok 203 - a refreshed guest can rejoin with a fresh command sequence on its replacement connection
  ---
  duration_ms: 78.510875
  ...
# Subtest: four healthy connection rebuilds do not consume the corrupt-state recovery budget
ok 204 - four healthy connection rebuilds do not consume the corrupt-state recovery budget
  ---
  duration_ms: 237.708792
  ...
# Subtest: a running recovery episode cannot reset its deadline through clock readiness without finality
ok 205 - a running recovery episode cannot reset its deadline through clock readiness without finality
  ---
  duration_ms: 483.853209
  ...
# Subtest: a delegated coordinator stops retrying an unavailable creator after the plan-request deadline
ok 206 - a delegated coordinator stops retrying an unavailable creator after the plan-request deadline
  ---
  duration_ms: 65.371709
  ...
# Subtest: a delayed current-alias activation cannot resume a latched recovery timeout
ok 207 - a delayed current-alias activation cannot resume a latched recovery timeout
  ---
  duration_ms: 343.033083
  ...
# Subtest: a guest returns after a service-observed departure and lobby seat removal
ok 208 - a guest returns after a service-observed departure and lobby seat removal
  ---
  duration_ms: 79.094583
  ...
# Subtest: invalid future actions do not consume the checkpoint and hash recovery budget
ok 209 - invalid future actions do not consume the checkpoint and hash recovery budget
  ---
  duration_ms: 147.419458
  ...
# Subtest: conflicting metadata for an installed preparation charges one corrupt recovery attempt
ok 210 - conflicting metadata for an installed preparation charges one corrupt recovery attempt
  ---
  duration_ms: 66.964959
  ...
# Subtest: checkpoint backpressure pauses preparation and resumes the same transfer after drain
ok 211 - checkpoint backpressure pauses preparation and resumes the same transfer after drain
  ---
  duration_ms: 65.713084
  ...
# Subtest: header and header-ACK enqueue failures retry delivery without substituting for readiness
ok 212 - header and header-ACK enqueue failures retry delivery without substituting for readiness
  ---
  duration_ms: 78.396291
  ...
# Subtest: stale or malformed header acknowledgements cannot stop preparation delivery
ok 213 - stale or malformed header acknowledgements cannot stop preparation delivery
  ---
  duration_ms: 44.283
  ...
# Subtest: checkpoint chunks alternate eligible recipients with one successful enqueue per scheduler tick
ok 214 - checkpoint chunks alternate eligible recipients with one successful enqueue per scheduler tick
  ---
  duration_ms: 49.234625
  ...
# Subtest: synchronous authority replacement during a chunk send retires the old transfer immediately
ok 215 - synchronous authority replacement during a chunk send retires the old transfer immediately
  ---
  duration_ms: 35.474875
  ...
# Subtest: synchronous end during a header send stops other recipient sends in the same tick
ok 216 - synchronous end during a header send stops other recipient sends in the same tick
  ---
  duration_ms: 36.74075
  ...
# Subtest: persistent checkpoint backpressure cannot extend the recovery deadline indefinitely
ok 217 - persistent checkpoint backpressure cannot extend the recovery deadline indefinitely
  ---
  duration_ms: 261.507125
  ...
# Subtest: new creator plans cannot postpone an unfinished guest recovery episode indefinitely
ok 218 - new creator plans cannot postpone an unfinished guest recovery episode indefinitely
  ---
  duration_ms: 258.32925
  ...
# Subtest: an accepted plan without a preparation header times out visibly
ok 219 - an accepted plan without a preparation header times out visibly
  ---
  duration_ms: 265.501708
  ...
# Subtest: new plans without any headers cannot restart the guest availability deadline
ok 220 - new plans without any headers cannot restart the guest availability deadline
  ---
  duration_ms: 257.064292
  ...
# Subtest: settled room metadata stops repeating until a lifecycle change
ok 221 - settled room metadata stops repeating until a lifecycle change
  ---
  duration_ms: 91.540458
  ...
# Subtest: a rejected plan enqueue and missing acknowledgement retry without reinstalling the plan
ok 222 - a rejected plan enqueue and missing acknowledgement retry without reinstalling the plan
  ---
  duration_ms: 77.855542
  ...
# Subtest: stale and foreign acknowledgements cannot stop paced plan delivery, even with duplicate hellos
ok 223 - stale and foreign acknowledgements cannot stop paced plan delivery, even with duplicate hellos
  ---
  duration_ms: 61.735333
  ...
# Subtest: only an identical current plan duplicate receives another delivery acknowledgement
ok 224 - only an identical current plan duplicate receives another delivery acknowledgement
  ---
  duration_ms: 61.752875
  ...
# Subtest: delegated setup request retries do not resend an already acknowledged room plan
ok 225 - delegated setup request retries do not resend an already acknowledged room plan
  ---
  duration_ms: 39.242542
  ...
# Subtest: an intentionally idle shared lobby does not keep a previous simulation recovery deadline running
ok 226 - an intentionally idle shared lobby does not keep a previous simulation recovery deadline running
  ---
  duration_ms: 281.809625
  ...
# Subtest: freezing a runtime deactivates its installed alias before another preparation
ok 227 - freezing a runtime deactivates its installed alias before another preparation
  ---
  duration_ms: 62.551333
  ...
# Subtest: exact lifecycle bases activate without checkpoint chunks even when the bulk lane is blocked
ok 228 - exact lifecycle bases activate without checkpoint chunks even when the bulk lane is blocked
  ---
  duration_ms: 115.0735
  ...
# Subtest: only a peer without an eligible base downloads the lifecycle payload
ok 229 - only a peer without an eligible base downloads the lifecycle payload
  ---
  duration_ms: 113.163209
  ...
# Subtest: a conflicting payload ACK fails the current preparation without accepting a new transfer mode
ok 230 - a conflicting payload ACK fails the current preparation without accepting a new transfer mode
  ---
  duration_ms: 45.16575
  ...
# Subtest: delayed remote rendering preserves immediate local steering without advancing simulation or sending packets
ok 231 - delayed remote rendering preserves immediate local steering without advancing simulation or sending packets
  ---
  duration_ms: 117.756542
  ...
# Subtest: an unqualified clock freezes the complete last rendered scene including the local overlay
ok 232 - an unqualified clock freezes the complete last rendered scene including the local overlay
  ---
  duration_ms: 160.634125
  ...
# Subtest: discarding the simulator retires cached rendering and idle catalogs stay current before TV activation
ok 233 - discarding the simulator retires cached rendering and idle catalogs stay current before TV activation
  ---
  duration_ms: 230.588542
  ...
# Subtest: six live segments independently advance and finalize continuous inputs under loss and reordering
ok 234 - six live segments independently advance and finalize continuous inputs under loss and reordering
  ---
  duration_ms: 2786.611458
  ...
# Subtest: shared TV is the only simulator while five controller origins send directly to it
ok 235 - shared TV is the only simulator while five controller origins send directly to it
  ---
  duration_ms: 67.446042
  ...
# Subtest: coordinator traffic is unnecessary for immediate peer actions, then clock/finality loss pauses safely
ok 236 - coordinator traffic is unnecessary for immediate peer actions, then clock/finality loss pauses safely
  ---
  duration_ms: 263.658334
  ...
# Subtest: provisional eliminations cannot publish death or placements before verified finality
ok 237 - provisional eliminations cannot publish death or placements before verified finality
  ---
  duration_ms: 4.184584
  ...
# Subtest: controller finality is coordinator-scoped and conflicting progress cannot overwrite the accepted fence
ok 238 - controller finality is coordinator-scoped and conflicting progress cannot overwrite the accepted fence
  ---
  duration_ms: 8.523667
  ...
# Subtest: asymmetric clock samples and opposite follower errors retain valid future actions without executing early
ok 239 - asymmetric clock samples and opposite follower errors retain valid future actions without executing early
  ---
  duration_ms: 544.354125
  ...
# Subtest: initial progress grace is bounded and replayed base cuts cannot postpone it
ok 240 - initial progress grace is bounded and replayed base cuts cannot postpone it
  ---
  duration_ms: 151.832291
  ...
# Subtest: replayed progress cannot prevent bounded synchronization when an origin falls silent
ok 241 - replayed progress cannot prevent bounded synchronization when an origin falls silent
  ---
  duration_ms: 267.332417
  ...
# Subtest: uncertain clocks stop input, cuts and world advancement, and a failed release never revives
ok 242 - uncertain clocks stop input, cuts and world advancement, and a failed release never revives
  ---
  duration_ms: 3.503833
  ...
# Subtest: quiet gameplay has one heartbeat exchange per pair per second and no idle action or clock loop
ok 243 - quiet gameplay has one heartbeat exchange per pair per second and no idle action or clock loop
  ---
  duration_ms: 4898.213041
  ...
# {"durationMs":10000,"counts":{"pulse":300,"final":50},"applicationUploadBytesPerSecond":[{"peer":"p0","bytes":611},{"peer":"p1","bytes":101},{"peer":"p2","bytes":101},{"peer":"p3","bytes":101},{"peer":"p4","bytes":101},{"peer":"tv","bytes":79}]}
# Subtest: a heartbeat with an unauthorized nested receipt cannot install its otherwise valid cut
ok 244 - a heartbeat with an unauthorized nested receipt cannot install its otherwise valid cut
  ---
  duration_ms: 26.494292
  ...
# Subtest: newer or duplicate confirmation requests cannot postpone failed delivery expiry
ok 245 - newer or duplicate confirmation requests cannot postpone failed delivery expiry
  ---
  duration_ms: 0.561125
  ...
# Subtest: a reordered old piggyback receipt does not discard a fresh clock sample
ok 246 - a reordered old piggyback receipt does not discard a fresh clock sample
  ---
  duration_ms: 0.320416
  ...
# Subtest: countdown transition is publicly confirmed promptly between periodic certificate ticks
ok 247 - countdown transition is publicly confirmed promptly between periodic certificate ticks
  ---
  duration_ms: 34.155875
  ...
# Subtest: an enqueued but lost certificate pulse cannot cancel reliable finality retry
ok 248 - an enqueued but lost certificate pulse cannot cancel reliable finality retry
  ---
  duration_ms: 12.268708
  ...
# Subtest: presentation samples newly executable remote actions once, including a repaired sequence gap
ok 249 - presentation samples newly executable remote actions once, including a repaired sequence gap
  ---
  duration_ms: 24.80425
  ...
# Subtest: integrated sway remains within 15 degrees and leaves zero heading drift for many seeded effects
ok 250 - integrated sway remains within 15 degrees and leaves zero heading drift for many seeded effects
  ---
  duration_ms: 22.523375
  ...
# Subtest: two-second cycle preserves phase during refresh and smooth onset/expiry
ok 251 - two-second cycle preserves phase during refresh and smooth onset/expiry
  ---
  duration_ms: 0.148666
  ...
# Subtest: engine adds bounded sway to ordinary steering and restores intended heading at expiry
ok 252 - engine adds bounded sway to ordinary steering and restores intended heading at expiry
  ---
  duration_ms: 14.003167
  ...
# Subtest: late refresh stays bounded and leaves no residual at the extended deadline
ok 253 - late refresh stays bounded and leaves no residual at the extended deadline
  ---
  duration_ms: 0.149125
  ...
# Subtest: durationText rounds whole seconds before splitting minutes so 59.95s never renders as "60s"
ok 254 - durationText rounds whole seconds before splitting minutes so 59.95s never renders as "60s"
  ---
  duration_ms: 0.389625
  ...
# Subtest: spawns two through five players evenly on a circle with clockwise tangent headings
ok 255 - spawns two through five players evenly on a circle with clockwise tangent headings
  ---
  duration_ms: 1.399459
  ...
# Subtest: replaying the same accepted inputs produces the same snapshots and events
ok 256 - replaying the same accepted inputs produces the same snapshots and events
  ---
  duration_ms: 65.301
  ...
# Subtest: trail segments remain active through T+159 and expire exactly at T+160
ok 257 - trail segments remain active through T+159 and expire exactly at T+160
  ---
  duration_ms: 0.515
  ...
# Subtest: a due blast removes an intersecting segment before trail collision
ok 258 - a due blast removes an intersecting segment before trail collision
  ---
  duration_ms: 0.546958
  ...
# Subtest: swept movement collides with an old trail even when the endpoint has crossed it
ok 259 - swept movement collides with an old trail even when the endpoint has crossed it
  ---
  duration_ms: 0.438667
  ...
# Subtest: recent self trail is ignored but becomes lethal at the exact grace boundary
ok 260 - recent self trail is ignored but becomes lethal at the exact grace boundary
  ---
  duration_ms: 0.774
  ...
# Subtest: head-on swept rider collision eliminates both and produces a draw
ok 261 - head-on swept rider collision eliminates both and produces a draw
  ---
  duration_ms: 0.483042
  ...
# Subtest: bomb input charges, launches on release, caps one live bomb, chains once, and observes cooldown
ok 262 - bomb input charges, launches on release, caps one live bomb, chains once, and observes cooldown
  ---
  duration_ms: 0.848541
  ...
# Subtest: quick bomb action bursts launch at minimum range and cancel paths never launch
ok 263 - quick bomb action bursts launch at minimum range and cancel paths never launch
  ---
  duration_ms: 0.644292
  ...
# Subtest: charged launches cap and clamp to the active safe interior
ok 264 - charged launches cap and clamp to the active safe interior
  ---
  duration_ms: 0.387
  ...
# Subtest: a flying bomb cannot explode or chain-trigger before landing
ok 265 - a flying bomb cannot explode or chain-trigger before landing
  ---
  duration_ms: 0.400542
  ...
# Subtest: Triple Shot releases one deterministic straight three-bomb volley
ok 266 - Triple Shot releases one deterministic straight three-bomb volley
  ---
  duration_ms: 0.676166
  ...
# Subtest: invalid release and cancellation preserve launch modifiers
ok 267 - invalid release and cancellation preserve launch modifiers
  ---
  duration_ms: 2.501583
  ...
# Subtest: round wins score once, first to three ends the match, and rematch resets wins and scope
ok 268 - round wins score once, first to three ends the match, and rematch resets wins and scope
  ---
  duration_ms: 1.685959
  ...
# Subtest: overtime inset updates before collision and a 90-second unresolved round draws
ok 269 - overtime inset updates before collision and a 90-second unresolved round draws
  ---
  duration_ms: 0.737208
  ...
# Subtest: lifecycle commands enforce phase, capacity, identity, and connected-player guards
ok 270 - lifecycle commands enforce phase, capacity, identity, and connected-player guards
  ---
  duration_ms: 0.417625
  ...
# Subtest: wall and explosion causes are authoritative, clipped, and blast visuals expire exactly
ok 271 - wall and explosion causes are authoritative, clipped, and blast visuals expire exactly
  ---
  duration_ms: 0.7795
  ...
# Subtest: a finished match can replace every seat and start a clean rematch without restarting the server
ok 272 - a finished match can replace every seat and start a clean rematch without restarting the server
  ---
  duration_ms: 0.39025
  ...
# Subtest: the larger arena and seeded pickup schedule replay deterministically
ok 273 - the larger arena and seeded pickup schedule replay deterministically
  ---
  duration_ms: 0.69125
  ...
# Subtest: blast pickups cap at level two and affect bombs placed on the collection tick
ok 274 - blast pickups cap at level two and affect bombs placed on the collection tick
  ---
  duration_ms: 0.450208
  ...
# Subtest: a star collected on the swept path rescues and reflects a wall hit, then expires sharply
ok 275 - a star collected on the swept path rescues and reflects a wall hit, then expires sharply
  ---
  duration_ms: 0.481167
  ...
# Subtest: star head contact kills only a normal rider while two stars pass through
ok 276 - star head contact kills only a normal rider while two stars pass through
  ---
  duration_ms: 0.661084
  ...
# Subtest: pickup expiry, active cap, and impossible safe interior stay bounded
ok 277 - pickup expiry, active cap, and impossible safe interior stay bounded
  ---
  duration_ms: 0.416875
  ...
# Subtest: beer pickup debuffs every other living rider, refreshes, and keeps the collector unchanged
ok 278 - beer pickup debuffs every other living rider, refreshes, and keeps the collector unchanged
  ---
  duration_ms: 0.5835
  ...
# Subtest: drunk wobble expires at the strict tick boundary and resets between rounds
ok 279 - drunk wobble expires at the strict tick boundary and resets between rounds
  ---
  duration_ms: 0.401208
  ...
# Subtest: modifier pickups arm one use, refresh without stacking, and reset between rounds
ok 280 - modifier pickups arm one use, refresh without stacking, and reset between rounds
  ---
  duration_ms: 2.550541
  ...
# Subtest: orbit shields absorb a whole clustered hazard tick and grace protects until strict expiry
ok 281 - orbit shields absorb a whole clustered hazard tick and grace protects until strict expiry
  ---
  duration_ms: 0.593042
  ...
# Subtest: two shields both break on contact while Star preserves its stored shield
ok 282 - two shields both break on contact while Star preserves its stored shield
  ---
  duration_ms: 0.670583
  ...
# Subtest: shield break reflects an outward wall sweep and records the bounce
ok 283 - shield break reflects an outward wall sweep and records the bounce
  ---
  duration_ms: 0.356625
  ...
# Subtest: countdown leave is stamped, scored once, and a later join receives no prior-round award
ok 284 - countdown leave is stamped, scored once, and a later join receives no prior-round award
  ---
  duration_ms: 0.407875
  ...
# Subtest: overlapping blast owners receive no speculative elimination credit
ok 285 - overlapping blast owners receive no speculative elimination credit
  ---
  duration_ms: 0.500583
  ...
# Subtest: match-over recap is frozen and deeply detached from engine state
ok 286 - match-over recap is frozen and deeply detached from engine state
  ---
  duration_ms: 0.431708
  ...
# Subtest: Five Shot survives Triple collection and cancellation, then launches five with one cooldown
ok 287 - Five Shot survives Triple collection and cancellation, then launches five with one cooldown
  ---
  duration_ms: 0.619083
  ...
# Subtest: radial blast hits diagonal riders, clears diagonal trails and chains diagonal bombs
ok 288 - radial blast hits diagonal riders, clears diagonal trails and chains diagonal bombs
  ---
  duration_ms: 0.548083
  ...
# Subtest: bomb landing hits a rider before detonation, respecting star and shield
ok 289 - bomb landing hits a rider before detonation, respecting star and shield
  ---
  duration_ms: 1.673916
  ...
# Subtest: a bomb landing inside an active blast chains immediately
ok 290 - a bomb landing inside an active blast chains immediately
  ---
  duration_ms: 0.483666
  ...
# Subtest: blast preview is harmless before the fuse, both in flight and after landing
ok 291 - blast preview is harmless before the fuse, both in flight and after landing
  ---
  duration_ms: 1.867334
  ...
# Subtest: bomb skips riders along flight and only snipes at its landing position
ok 292 - bomb skips riders along flight and only snipes at its landing position
  ---
  duration_ms: 1.623167
  ...
# Subtest: landing step never uses blast radius for contact damage
ok 293 - landing step never uses blast radius for contact damage
  ---
  duration_ms: 3.566125
  ...
# Subtest: shell persists beyond five seconds and permits another shot after cooldown
ok 294 - shell persists beyond five seconds and permits another shot after cooldown
  ---
  duration_ms: 1.06525
  ...
# Subtest: shell body hits once, shield absorbs it, and no blast radius is produced
ok 295 - shell body hits once, shield absorbs it, and no blast radius is produced
  ---
  duration_ms: 0.907375
  ...
# Subtest: Gun pickup fires one bullet at twice rider speed and cuts a traversable trail gap
ok 296 - Gun pickup fires one bullet at twice rider speed and cuts a traversable trail gap
  ---
  duration_ms: 1.4545
  ...
# Subtest: gun head and wall impacts explode
ok 297 - gun head and wall impacts explode
  ---
  duration_ms: 1.497292
  ...
# Subtest: stopwatch caps at two levels, changes only future own bombs and resets next round
ok 298 - stopwatch caps at two levels, changes only future own bombs and resets next round
  ---
  duration_ms: 6.934334
  ...
# Subtest: first stopwatch level produces a one-and-a-half second fuse
ok 299 - first stopwatch level produces a one-and-a-half second fuse
  ---
  duration_ms: 0.5215
  ...
# Subtest: live shell bounces off a rider trail without damage or resetting its lifetime
ok 300 - live shell bounces off a rider trail without damage or resetting its lifetime
  ---
  duration_ms: 0.579667
  ...
# Subtest: gun explodes against the trail directly behind a rider and kills the rider
ok 301 - gun explodes against the trail directly behind a rider and kills the rider
  ---
  duration_ms: 0.510166
  ...
# Subtest: a blast clears trails whether it came from a landed bomb or a gun projectile hitting a rider
ok 302 - a blast clears trails whether it came from a landed bomb or a gun projectile hitting a rider
  ---
  duration_ms: 3.297875
  ...
# Subtest: a fixed-rounds match ends on the standings leader even when another rider wins the final round
ok 303 - a fixed-rounds match ends on the standings leader even when another rider wins the final round
  ---
  duration_ms: 1.203958
  ...
# Subtest: a drawn final round still awards the fixed-rounds match to the standings leader
ok 304 - a drawn final round still awards the fixed-rounds match to the standings leader
  ---
  duration_ms: 0.767375
  ...
# Subtest: a fixed-rounds leader who also wins the final round is credited exactly once
ok 305 - a fixed-rounds leader who also wins the final round is credited exactly once
  ---
  duration_ms: 0.650791
  ...
# Subtest: a fixed-rounds match tied at the final round ends without a match winner
ok 306 - a fixed-rounds match tied at the final round ends without a match winner
  ---
  duration_ms: 0.679917
  ...
# Subtest: gun speed is twice rider speed with a bounded nearby steering correction
ok 307 - gun speed is twice rider speed with a bounded nearby steering correction
  ---
  duration_ms: 1.239542
  ...
# Subtest: gun holes split trails precisely, keeping expiry metadata and distant trails
ok 308 - gun holes split trails precisely, keeping expiry metadata and distant trails
  ---
  duration_ms: 0.15925
  ...
# Subtest: defaults carry two STUN providers and no TURN
ok 309 - defaults carry two STUN providers and no TURN
  ---
  duration_ms: 0.789417
  ...
# Subtest: service ICE lists are validated at the client boundary and fall back to defaults
ok 310 - service ICE lists are validated at the client boundary and fall back to defaults
  ---
  duration_ms: 0.254417
  ...
# Subtest: peer connections wait for the ICE fetch instead of negotiating with the initial list (issue \#27)
ok 311 - peer connections wait for the ICE fetch instead of negotiating with the initial list (issue \#27)
  ---
  duration_ms: 0.349292
  ...
# Subtest: a failed ICE fetch yields the STUN defaults, never an empty list
ok 312 - a failed ICE fetch yields the STUN defaults, never an empty list
  ---
  duration_ms: 0.735666
  ...
# Subtest: a hung ICE fetch falls back to the STUN defaults when the abort bound fires, even if the fetch ignores the signal
ok 313 - a hung ICE fetch falls back to the STUN defaults when the abort bound fires, even if the fetch ignores the signal
  ---
  duration_ms: 0.1865
  ...
# Subtest: candidate types are read from the candidate line without keeping addresses
ok 314 - candidate types are read from the candidate line without keeping addresses
  ---
  duration_ms: 0.447042
  ...
# Subtest: ufrag and fingerprint readers tolerate missing lines
ok 315 - ufrag and fingerprint readers tolerate missing lines
  ---
  duration_ms: 0.529667
  ...
# Subtest: restart offers keep the DTLS certificate; a recreated connection does not
ok 316 - restart offers keep the DTLS certificate; a recreated connection does not
  ---
  duration_ms: 0.0645
  ...
# Subtest: candidates are scoped to the ICE generation named by their ufrag
ok 317 - candidates are scoped to the ICE generation named by their ufrag
  ---
  duration_ms: 0.108084
  ...
# Subtest: Ink affects only other living riders, refreshes three seconds and snapshots without changing steering
ok 318 - Ink affects only other living riders, refreshes three seconds and snapshots without changing steering
  ---
  duration_ms: 24.685375
  ...
# Subtest: Ink clears at the next round
ok 319 - Ink clears at the next round
  ---
  duration_ms: 1.075709
  ...
# Subtest: join survives authority setup and failed delivery until roster confirmation
ok 320 - join survives authority setup and failed delivery until roster confirmation
  ---
  duration_ms: 0.727041
  ...
# Subtest: lost baseline retries identical full envelope on bounded clock, not dependent deltas
ok 321 - lost baseline retries identical full envelope on bounded clock, not dependent deltas
  ---
  duration_ms: 1.228417
  ...
# Subtest: lost ACK can acknowledge exact previously accepted duplicate without applying it twice
ok 322 - lost ACK can acknowledge exact previously accepted duplicate without applying it twice
  ---
  duration_ms: 0.484875
  ...
# Subtest: old generation stream sequence match and round ACKs cannot retire current baseline
ok 323 - old generation stream sequence match and round ACKs cannot retire current baseline
  ---
  duration_ms: 0.13175
  ...
# Subtest: five-second expiry bounds retained baseline and repeated poll/resync cannot flood retries
ok 324 - five-second expiry bounds retained baseline and repeated poll/resync cannot flood retries
  ---
  duration_ms: 1.234042
  ...
# Subtest: baseline is accepted before any dependent delta; ACK loss does not corrupt next decode
ok 325 - baseline is accepted before any dependent delta; ACK loss does not corrupt next decode
  ---
  duration_ms: 0.738833
  ...
# Subtest: creates a deterministic straight triple fan with seven points per bomb
ok 326 - creates a deterministic straight triple fan with seven points per bomb
  ---
  duration_ms: 1.127166
  ...
# Subtest: all fan paths clamp to safe bounds
ok 327 - all fan paths clamp to safe bounds
  ---
  duration_ms: 0.096708
  ...
# Subtest: rejects invalid geometry
ok 328 - rejects invalid geometry
  ---
  duration_ms: 0.226709
  ...
# Subtest: awards five-player placement points
ok 329 - awards five-player placement points
  ---
  duration_ms: 0.886584
  ...
# Subtest: two participants use winner five and runner-up three
ok 330 - two participants use winner five and runner-up three
  ---
  duration_ms: 0.082917
  ...
# Subtest: averages simultaneous elimination places exactly
ok 331 - averages simultaneous elimination places exactly
  ---
  duration_ms: 0.1155
  ...
# Subtest: does not mutate participants and rejects invalid groups
ok 332 - does not mutate participants and rejects invalid groups
  ---
  duration_ms: 0.180875
  ...
# Subtest: survivors share the top occupied ranks at timeout and points remain conserved
ok 333 - survivors share the top occupied ranks at timeout and points remain conserved
  ---
  duration_ms: 0.092667
  ...
# Subtest: score application validates the complete result before mutating totals
ok 334 - score application validates the complete result before mutating totals
  ---
  duration_ms: 0.146834
  ...
# Subtest: accumulates repeated matches and preserves departures
ok 335 - accumulates repeated matches and preserves departures
  ---
  duration_ms: 0.141
  ...
# Subtest: returns copies in score order with deterministic tie break
ok 336 - returns copies in score order with deterministic tie break
  ---
  duration_ms: 6.515917
  ...
# Subtest: legendSrc routes pickup legend icons through assetUrl so they work under a Pages base path
ok 337 - legendSrc routes pickup legend icons through assetUrl so they work under a Pages base path
  ---
  duration_ms: 0.452458
  ...
# Subtest: queued retired-channel pongs cannot certify a new RTC link whose probe IDs restarted
ok 338 - queued retired-channel pongs cannot certify a new RTC link whose probe IDs restarted
  ---
  duration_ms: 0.549375
  ...
# Subtest: a replaced channel on the same live link cannot update state or expose stale errors
ok 339 - a replaced channel on the same live link cannot update state or expose stale errors
  ---
  duration_ms: 0.064875
  ...
# Subtest: retired peer callbacks cannot replace the current data channel even with identical service identity
ok 340 - retired peer callbacks cannot replace the current data channel even with identical service identity
  ---
  duration_ms: 0.062542
  ...
# Subtest: pulse proof is scoped to the captured active binding and two live undrained channels
ok 341 - pulse proof is scoped to the captured active binding and two live undrained channels
  ---
  duration_ms: 0.109792
  ...
# Subtest: the reason names the first missing step in the direct-link pipeline
ok 342 - the reason names the first missing step in the direct-link pipeline
  ---
  duration_ms: 0.657208
  ...
# Subtest: the panel text is redacted and complete
ok 343 - the panel text is redacted and complete
  ---
  duration_ms: 0.304125
  ...
# Subtest: restarts are due every interval and stop after the bounded budget
ok 344 - restarts are due every interval and stop after the bounded budget
  ---
  duration_ms: 0.448084
  ...
# Subtest: fresh health restores the budget and retires the attempt in flight
ok 345 - fresh health restores the budget and retires the attempt in flight
  ---
  duration_ms: 0.078
  ...
# Subtest: idle health checks every 200 ms do not retire anything
ok 346 - idle health checks every 200 ms do not retire anything
  ---
  duration_ms: 0.054167
  ...
# Subtest: only the newest attempt can complete
ok 347 - only the newest attempt can complete
  ---
  duration_ms: 0.048334
  ...
# Subtest: aggregate transfer budget counts other peers, both lanes and the encoded envelope while reserving control headroom
ok 348 - aggregate transfer budget counts other peers, both lanes and the encoded envelope while reserving control headroom
  ---
  duration_ms: 0.482042
  ...
# Subtest: deferred fast health replies recheck visibility and both lanes without depending on reliable backlog
ok 349 - deferred fast health replies recheck visibility and both lanes without depending on reliable backlog
  ---
  duration_ms: 0.13825
  ...
# Subtest: healthy open channel under the buffer limit is permitted for gameplay and probes
ok 350 - healthy open channel under the buffer limit is permitted for gameplay and probes
  ---
  duration_ms: 0.066417
  ...
# Subtest: a closing signal recorded before the DOM readyState changes blocks gameplay and probe sends
ok 351 - a closing signal recorded before the DOM readyState changes blocks gameplay and probe sends
  ---
  duration_ms: 0.051875
  ...
# Subtest: bulk transfer idle permission requires an open, fully drained, undrained action channel
ok 352 - bulk transfer idle permission requires an open, fully drained, undrained action channel
  ---
  duration_ms: 0.142042
  ...
# Subtest: solo starts one human and four AI without browser services, ready only on start
ok 353 - solo starts one human and four AI without browser services, ready only on start
  ---
  duration_ms: 8.861083
  ...
# Subtest: fixed ticks publish the ordinary game and matching zero-RTT motion clock
ok 354 - fixed ticks publish the ordinary game and matching zero-RTT motion clock
  ---
  duration_ms: 31.751083
  ...
# Subtest: visibility suspension clears held controls and old scope, with no hidden catch-up
ok 355 - visibility suspension clears held controls and old scope, with no hidden catch-up
  ---
  duration_ms: 11.108625
  ...
# Subtest: lobby settings and rematch use ordinary commands, stop disposes callbacks
ok 356 - lobby settings and rematch use ordinary commands, stop disposes callbacks
  ---
  duration_ms: 0.569542
  ...
# Subtest: fire edges stamped from a stalled wall-clock estimate are admitted for the next authority tick (\#43)
ok 357 - fire edges stamped from a stalled wall-clock estimate are admitted for the next authority tick (\#43)
  ---
  duration_ms: 18.570458
  ...
# Subtest: a hold resend that estimated an earlier tick cannot skip the solo press (\#43)
ok 358 - a hold resend that estimated an earlier tick cannot skip the solo press (\#43)
  ---
  duration_ms: 8.805333
  ...
# Subtest: distances render as whole arena units and durations reuse the shared formatter
ok 359 - distances render as whole arena units and durations reuse the shared formatter
  ---
  duration_ms: 0.461375
  ...
# Subtest: empty statistics produce an empty recap with no placeholder awards or totals
ok 360 - empty statistics produce an empty recap with no placeholder awards or totals
  ---
  duration_ms: 0.533125
  ...
# Subtest: a single rider stands alone as champion, wins every non-zero award and fills the table
ok 361 - a single rider stands alone as champion, wins every non-zero award and fills the table
  ---
  duration_ms: 0.397833
  ...
# Subtest: podium centres champions, keeps side places in seat order and excludes placements beyond third
ok 362 - podium centres champions, keeps side places in seat order and excludes placements beyond third
  ---
  duration_ms: 0.102417
  ...
# Subtest: a tied first place shows every champion in the centre and no second place
ok 363 - a tied first place shows every champion in the centre and no second place
  ---
  duration_ms: 0.108541
  ...
# Subtest: a match where nobody won any round places everyone on the podium as champions
ok 364 - a match where nobody won any round places everyone on the podium as champions
  ---
  duration_ms: 0.086583
  ...
# Subtest: awards share ties by joining names in placement order and skip counters nobody raised
ok 365 - awards share ties by joining names in placement order and skip counters nobody raised
  ---
  duration_ms: 0.111416
  ...
# Subtest: all-zero statistics yield no awards while the podium and table still render
ok 366 - all-zero statistics yield no awards while the podium and table still render
  ---
  duration_ms: 0.078584
  ...
# Subtest: singular award details read naturally
ok 367 - singular award details read naturally
  ---
  duration_ms: 0.080458
  ...
# Subtest: comparison rows order by placement then seat and format every recorded counter
ok 368 - comparison rows order by placement then seat and format every recorded counter
  ---
  duration_ms: 0.095125
  ...
# Subtest: match totals sum the recorded counters across riders
ok 369 - match totals sum the recorded counters across riders
  ---
  duration_ms: 0.078083
  ...
# Subtest: the signature changes with any rendered figure and is order independent
ok 370 - the signature changes with any rendered figure and is order independent
  ---
  duration_ms: 0.095792
  ...
# Subtest: recap ignores riders with an unset placement rather than inventing a podium slot
ok 371 - recap ignores riders with an unset placement rather than inventing a podium slot
  ---
  duration_ms: 0.05925
  ...
# Subtest: records authoritative actions and returns detached snapshots
ok 372 - records authoritative actions and returns detached snapshots
  ---
  duration_ms: 1.02025
  ...
# Subtest: tracks round draws, longest survival and competition-ranked win ties
ok 373 - tracks round draws, longest survival and competition-ranked win ties
  ---
  duration_ms: 0.135292
  ...
# Subtest: validates references, distances and round membership
ok 374 - validates references, distances and round membership
  ---
  duration_ms: 0.345209
  ...
# Subtest: never credits self deaths and updates an existing participant identity
ok 375 - never credits self deaths and updates an existing participant identity
  ---
  duration_ms: 0.068875
  ...
# Subtest: a joined phone is the same landscape controller in every phase (\#13)
ok 376 - a joined phone is the same landscape controller in every phase (\#13)
  ---
  duration_ms: 1.083417
  ...
# Subtest: unjoined, display-only, desktop and mouse views keep the normal layout
ok 377 - unjoined, display-only, desktop and mouse views keep the normal layout
  ---
  duration_ms: 0.128167
  ...
# Subtest: an ended room is not joined play on any phone size or phase
ok 378 - an ended room is not joined play on any phone size or phase
  ---
  duration_ms: 0.278208
  ...
# Subtest: one validated nearby probe qualifies immediately; high RTT restores conservative delay
ok 379 - one validated nearby probe qualifies immediately; high RTT restores conservative delay
  ---
  duration_ms: 0.618625
  ...
# Subtest: stale, paused and explicit reset lose qualification; rejected samples do not extend freshness
ok 380 - stale, paused and explicit reset lose qualification; rejected samples do not extend freshness
  ---
  duration_ms: 0.127916
  ...
# Subtest: regional60ms never qualifies and a fresh scope is independently classified
ok 381 - regional60ms never qualifies and a fresh scope is independently classified
  ---
  duration_ms: 0.074208
  ...
# Subtest: half-tick presentation never rewinds or extrapolates; missing clock remains newest only
ok 382 - half-tick presentation never rewinds or extrapolates; missing clock remains newest only
  ---
  duration_ms: 0.441666
  ...
# Subtest: clock discontinuity clears the old clock even when observed before rendering
ok 383 - clock discontinuity clears the old clock even when observed before rendering
  ---
  duration_ms: 0.129292
  ...
# Subtest: rejected excessive RTT cancels fast classification and exact40ms boundary qualifies
ok 384 - rejected excessive RTT cancels fast classification and exact40ms boundary qualifies
  ---
  duration_ms: 0.054209
  ...
# Subtest: clock diagnostics are read-only and cannot refresh a sample or mutate its scope
ok 385 - clock diagnostics are read-only and cannot refresh a sample or mutate its scope
  ---
  duration_ms: 0.06375
  ...
# Subtest: empty and invalid clock observations cannot enable fast presentation
ok 386 - empty and invalid clock observations cannot enable fast presentation
  ---
  duration_ms: 0.049875
  ...
# Subtest: replacement reservation fences partitions and rejects delayed old renewals
ok 387 - replacement reservation fences partitions and rejects delayed old renewals
  ---
  duration_ms: 0.782458
  ...
# Subtest: clock uncertainty prevents overlapping old and new authorization
ok 388 - clock uncertainty prevents overlapping old and new authorization
  ---
  duration_ms: 0.207042
  ...
# Subtest: clock stops after suspension or stale samples, resuming only after fresh sample
ok 389 - clock stops after suspension or stale samples, resuming only after fresh sample
  ---
  duration_ms: 0.091667
  ...
# Subtest: clock rejects bad samples and conservative intervals crossing lease boundaries
ok 390 - clock rejects bad samples and conservative intervals crossing lease boundaries
  ---
  duration_ms: 0.086875
  ...
# Subtest: grant boundary validation rejects malformed values and exhausted epochs
ok 391 - grant boundary validation rejects malformed values and exhausted epochs
  ---
  duration_ms: 0.283791
  ...
# Subtest: checkpoint restore is atomic on the malformed sequences regression
ok 392 - checkpoint restore is atomic on the malformed sequences regression
  ---
  duration_ms: 14.305541
  ...
# Subtest: checkpoint restores exact physics, pending preferences and neutral disconnected identities
ok 393 - checkpoint restores exact physics, pending preferences and neutral disconnected identities
  ---
  duration_ms: 2.759333
  ...
# Subtest: checkpoint rejects missing required game maps and nested fields
ok 394 - checkpoint rejects missing required game maps and nested fields
  ---
  duration_ms: 36.068125
  ...
# Subtest: checkpoint rejects schema incompatibility, foreign host and unsafe shape extensions
ok 395 - checkpoint rejects schema incompatibility, foreign host and unsafe shape extensions
  ---
  duration_ms: 26.050542
  ...
# Subtest: checkpoint rejects invalid sequences, duplicate map keys and cross references
ok 396 - checkpoint rejects invalid sequences, duplicate map keys and cross references
  ---
  duration_ms: 13.165333
  ...
# Subtest: checkpoint rejects nonfinite values, excessive bytes/depth and oversized nested trails
ok 397 - checkpoint rejects nonfinite values, excessive bytes/depth and oversized nested trails
  ---
  duration_ms: 22.669042
  ...
# Subtest: real countdown, playing and round transitions produce restorable bounded checkpoints
ok 398 - real countdown, playing and round transitions produce restorable bounded checkpoints
  ---
  duration_ms: 276.65975
  ...
# Subtest: checkpoint validates bombs, shell lifetime sentinel, pickups and portal geometry
ok 399 - checkpoint validates bombs, shell lifetime sentinel, pickups and portal geometry
  ---
  duration_ms: 2.810875
  ...
# Subtest: checkpoint rejects oversized history, malformed maps and missing participant statistics
ok 400 - checkpoint rejects oversized history, malformed maps and missing participant statistics
  ---
  duration_ms: 6.53275
  ...
# Subtest: room settings reject malformed values, restore safe defaults and allow all drops off
ok 401 - room settings reject malformed values, restore safe defaults and allow all drops off
  ---
  duration_ms: 0.9885
  ...
# Subtest: rooms isolate players and only the host can start or change rules
ok 402 - rooms isolate players and only the host can start or change rules
  ---
  duration_ms: 8.656083
  ...
# Subtest: fixed one-round rooms finish after one round
ok 403 - fixed one-round rooms finish after one round
  ---
  duration_ms: 2.58725
  ...
# Subtest: world deltas reconstruct split, removed and appended trails and recover via keyframe
ok 404 - world deltas reconstruct split, removed and appended trails and recover via keyframe
  ---
  duration_ms: 1.211167
  ...
# Subtest: fresh encoder after reconnection replaces old stream without accepting retired frames
ok 405 - fresh encoder after reconnection replaces old stream without accepting retired frames
  ---
  duration_ms: 0.249083
  ...
# Subtest: host checkpoint restores world and sequence numbers without replaying held fire
ok 406 - host checkpoint restores world and sequence numbers without replaying held fire
  ---
  duration_ms: 3.377083
  ...
# Subtest: field patches update joins and clear optional charge state without repeating identity
ok 407 - field patches update joins and clear optional charge state without repeating identity
  ---
  duration_ms: 0.517416
  ...
# Subtest: delayed unseen old keyframe cannot roll a newer generation backward
ok 408 - delayed unseen old keyframe cannot roll a newer generation backward
  ---
  duration_ms: 0.103959
  ...
# Subtest: invalid higher generation and corrupt trail patches cannot mutate accepted baseline
ok 409 - invalid higher generation and corrupt trail patches cannot mutate accepted baseline
  ---
  duration_ms: 0.32125
  ...
# Subtest: online return to lobby preserves transport simulation time
ok 410 - online return to lobby preserves transport simulation time
  ---
  duration_ms: 0.131708
  ...
# Subtest: guests that vanish in the lobby free their seats and the removal replicates to guests
ok 411 - guests that vanish in the lobby free their seats and the removal replicates to guests
  ---
  duration_ms: 0.452792
  ...
# Subtest: a guest lost mid-round keeps its seat until the match ends, then a newcomer reclaims it
ok 412 - a guest lost mid-round keeps its seat until the match ends, then a newcomer reclaims it
  ---
  duration_ms: 1.312292
  ...
# Subtest: a rematch drops the riders that were lost during the finished match
ok 413 - a rematch drops the riders that were lost during the finished match
  ---
  duration_ms: 0.863709
  ...
# Subtest: a whole round of chained deltas stays exact without any periodic re-baseline
ok 414 - a whole round of chained deltas stays exact without any periodic re-baseline
  ---
  duration_ms: 147.880333
  ...
# Subtest: Pages invites preserve project path while API requests use configured backend
ok 415 - Pages invites preserve project path while API requests use configured backend
  ---
  duration_ms: 0.467625
  ...
# Subtest: local origin default and endpoint boundaries are explicit
ok 416 - local origin default and endpoint boundaries are explicit
  ---
  duration_ms: 0.273834
  ...
# Subtest: failed press plus fresh held resends cannot invent charge or fire on release
ok 417 - failed press plus fresh held resends cannot invent charge or fire on release
  ---
  duration_ms: 10.754917
  ...
# Subtest: lost final release without other held controls cancels within ten ticks and is never retried
ok 418 - lost final release without other held controls cancels within ten ticks and is never retried
  ---
  duration_ms: 2.654291
  ...
# Subtest: steering heartbeat after lost release carries bomb false and safely cancels instead of firing
ok 419 - steering heartbeat after lost release carries bomb false and safely cancels instead of firing
  ---
  duration_ms: 4.133042
  ...
# Subtest: ordered-but-delayed release expires rather than replaying after network recovery
ok 420 - ordered-but-delayed release expires rather than replaying after network recovery
  ---
  duration_ms: 1.2305
  ...
# Subtest: first fresh press after countdown and explicit lobby reset fires without a neutral packet
ok 421 - first fresh press after countdown and explicit lobby reset fires without a neutral packet
  ---
  duration_ms: 13.230208
  ...
# Subtest: idle watchdog without a held gesture does not block the first fresh shot
ok 422 - idle watchdog without a held gesture does not block the first fresh shot
  ---
  duration_ms: 2.238667
  ...
# Subtest: new scope rejects old held/release packets but accepts a fresh press
ok 423 - new scope rejects old held/release packets but accepts a fresh press
  ---
  duration_ms: 1.275291
  ...
# Subtest: watchdog still suppresses interrupted held gestures until an actual release
ok 424 - watchdog still suppresses interrupted held gestures until an actual release
  ---
  duration_ms: 3.447417
  ...
# Subtest: receipt is not application: future steering waits and reports exact application tick
ok 425 - receipt is not application: future steering waits and reports exact application tick
  ---
  duration_ms: 11.037917
  ...
# Subtest: same-tick newest movement wins while all outcomes are acknowledged
ok 426 - same-tick newest movement wins while all outcomes are acknowledged
  ---
  duration_ms: 1.748334
  ...
# Subtest: older future slot cannot undo newer applied movement and exact result acknowledgements preserve pending input
ok 427 - older future slot cannot undo newer applied movement and exact result acknowledgements preserve pending input
  ---
  duration_ms: 2.830584
  ...
# Subtest: held acknowledged steering continues then expires at ten ticks without fresh application
ok 428 - held acknowledged steering continues then expires at ten ticks without fresh application
  ---
  duration_ms: 2.454125
  ...
# Subtest: same-tick press/release survives steering supersession, duplicates cannot launch twice
ok 429 - same-tick press/release survives steering supersession, duplicates cannot launch twice
  ---
  duration_ms: 2.307791
  ...
# Subtest: a press stamped later than the following hold sample is still processed first in sequence order (\#43)
ok 430 - a press stamped later than the following hold sample is still processed first in sequence order (\#43)
  ---
  duration_ms: 0.87275
  ...
# Subtest: old-scope release cannot cancel current charge; expired current release cancels without firing
ok 431 - old-scope release cannot cancel current charge; expired current release cancels without firing
  ---
  duration_ms: 0.768333
  ...
# Subtest: disconnect, match changes and restore create fresh neutral scope while preserving received highwater
ok 432 - disconnect, match changes and restore create fresh neutral scope while preserving received highwater
  ---
  duration_ms: 1.91675
  ...
# Subtest: queue and result history are bounded and overflow forces explicit neutral resync
ok 433 - queue and result history are bounded and overflow forces explicit neutral resync
  ---
  duration_ms: 0.92775
  ...
# Subtest: malformed timing and aim cannot apply motion or keep an invalid release charging
ok 434 - malformed timing and aim cannot apply motion or keep an invalid release charging
  ---
  duration_ms: 0.901709
  ...
# Subtest: queued release is discarded on disconnect and cannot fire into a rejoined control scope
ok 435 - queued release is discarded on disconnect and cannot fire into a rejoined control scope
  ---
  duration_ms: 0.712375
  ...
# Subtest: paused old-alias endpoint restores outbound health before acknowledging a new checkpoint header
ok 436 - paused old-alias endpoint restores outbound health before acknowledging a new checkpoint header
  ---
  duration_ms: 1.323417
  ...
# Subtest: direct-only path resumes on two fresh acknowledgements without relay quarantine
ok 437 - direct-only path resumes on two fresh acknowledgements without relay quarantine
  ---
  duration_ms: 0.0815
  ...
# Subtest: three-second blackhole after long healthy uptime retains channel and recovers on fresh probes
ok 438 - three-second blackhole after long healthy uptime retains channel and recovers on fresh probes
  ---
  duration_ms: 0.158708
  ...
# Subtest: restart requires eight continuously unhealthy seconds, reset by recovered health
ok 439 - restart requires eight continuously unhealthy seconds, reset by recovered health
  ---
  duration_ms: 0.055042
  ...
# Subtest: expired duplicate and pre-failure probes cannot keep blackholed path healthy
ok 440 - expired duplicate and pre-failure probes cannot keep blackholed path healthy
  ---
  duration_ms: 0.352667
  ...
# Subtest: pulse mode preserves fresh acknowledgement time and never revives expired evidence
ok 441 - pulse mode preserves fresh acknowledgement time and never revives expired evidence
  ---
  duration_ms: 0.07175
  ...
# Subtest: pause is irreversible within an alias and late application proof cannot reactivate it
ok 442 - pause is irreversible within an alias and late application proof cannot reactivate it
  ---
  duration_ms: 0.07025
  ...
# Subtest: effects do not replay on repeated snapshots or across authority/match reset
ok 443 - effects do not replay on repeated snapshots or across authority/match reset
  ---
  duration_ms: 0.837333
  ...
# Subtest: bomb flight sprite follows segmented path while damage radius stays at landing point
ok 444 - bomb flight sprite follows segmented path while damage radius stays at landing point
  ---
  duration_ms: 0.469917
  ...
# Subtest: death transitions occur once and backward presentation resets cosmetic history
ok 445 - death transitions occur once and backward presentation resets cosmetic history
  ---
  duration_ms: 0.104958
  ...
# Subtest: flight fallback clamps before launch and shells never use bomb arcs
ok 446 - flight fallback clamps before launch and shells never use bomb arcs
  ---
  duration_ms: 0.072167
  ...
# Subtest: a continuous bend is one stroke with the exact supplied vertices
ok 447 - a continuous bend is one stroke with the exact supplied vertices
  ---
  duration_ms: 0.822042
  ...
# Subtest: portal jumps, deleted ticks and clipped segments remain separate strokes
ok 448 - portal jumps, deleted ticks and clipped segments remain separate strokes
  ---
  duration_ms: 0.167958
  ...
# Subtest: history survives fractional motion, a changing predicted tip and equivalent deserialized snapshots
ok 449 - history survives fractional motion, a changing predicted tip and equivalent deserialized snapshots
  ---
  duration_ms: 0.514875
  ...
# Subtest: history refreshes for trail holes, clipping, expiry, death, identity, scope and reset
ok 450 - history refreshes for trail holes, clipping, expiry, death, identity, scope and reset
  ---
  duration_ms: 0.134208
  ...
# Subtest: a fresh trail follows the interpolated head by at most one simulation step
ok 451 - a fresh trail follows the interpolated head by at most one simulation step
  ---
  duration_ms: 0.143542
  ...
# Subtest: head interpolation never extends a stale, destroyed, teleported or dead trail
ok 452 - head interpolation never extends a stale, destroyed, teleported or dead trail
  ---
  duration_ms: 0.104125
  ...
# Subtest: arena backing follows displayed size and screen density without changing world aspect
ok 453 - arena backing follows displayed size and screen density without changing world aspect
  ---
  duration_ms: 0.748875
  ...
# Subtest: arena backing bounds oversized displays and survives hidden or unavailable density
ok 454 - arena backing bounds oversized displays and survives hidden or unavailable density
  ---
  duration_ms: 0.072333
  ...
# Subtest: weighted table gives Five one third Triple probability with deterministic intervals
ok 455 - weighted table gives Five one third Triple probability with deterministic intervals
  ---
  duration_ms: 15.929833
  ...
# Subtest: Star is removed while remaining relative weights are preserved
ok 456 - Star is removed while remaining relative weights are preserved
  ---
  duration_ms: 0.164667
  ...
# Subtest: powerup pacing ramps every twenty seconds and stays bounded in overtime
ok 457 - powerup pacing ramps every twenty seconds and stays bounded in overtime
  ---
  duration_ms: 0.432417
  ...
# Subtest: portal transits survivors, breaks trail, preserves heading/charge, counts actual movement
ok 458 - portal transits survivors, breaks trail, preserves heading/charge, counts actual movement
  ---
  duration_ms: 20.253792
  ...
# Subtest: entry collision is resolved before transit, and shield remains independent
ok 459 - entry collision is resolved before transit, and shield remains independent
  ---
  duration_ms: 1.249625
  ...
# Subtest: unsafe exit defers teleport for rider, pending trail, trail, bomb and blast hazards
ok 460 - unsafe exit defers teleport for rider, pending trail, trail, bomb and blast hazards
  ---
  duration_ms: 9.640708
  ...
# Subtest: portal grace is defensive for both riders, protects trails/walls and does not consume shield
ok 461 - portal grace is defensive for both riders, protects trails/walls and does not consume shield
  ---
  duration_ms: 0.600875
  ...
# Subtest: portal expiry, snapshot copying, compact geometry omission and round reset
ok 462 - portal expiry, snapshot copying, compact geometry omission and round reset
  ---
  duration_ms: 0.607875
  ...
# Subtest: portal pickup creates deterministic pair, records stats, replaces pair without clearing cooldown
ok 463 - portal pickup creates deterministic pair, records stats, replaces pair without clearing cooldown
  ---
  duration_ms: 1.89925
  ...
# Subtest: impossible placement leaves pickup and old pair unconsumed
ok 464 - impossible placement leaves pickup and old pair unconsumed
  ---
  duration_ms: 0.884875
  ...
# Subtest: reverse transit respects cooldown at its exact deadline after replacement
ok 465 - reverse transit respects cooldown at its exact deadline after replacement
  ---
  duration_ms: 1.2925
  ...
# Subtest: portal defensive grace expires exactly at the authoritative tick
ok 466 - portal defensive grace expires exactly at the authoritative tick
  ---
  duration_ms: 0.965792
  ...
# Subtest: concurrent riders preserve separate entry heights at the linked wall
ok 467 - concurrent riders preserve separate entry heights at the linked wall
  ---
  duration_ms: 0.543334
  ...
# Subtest: wall placement remains useful on an occupied five-rider field across seeds
ok 468 - wall placement remains useful on an occupied five-rider field across seeds
  ---
  duration_ms: 70.180791
  ...
# Subtest: authoritative overtime shrinks portal wall length and removes reclaimed walls from snapshots
ok 469 - authoritative overtime shrinks portal wall length and removes reclaimed walls from snapshots
  ---
  duration_ms: 0.471042
  ...
# Subtest: compressed linked wall reserves an exit for the first rider rather than overlapping arrivals
ok 470 - compressed linked wall reserves an exit for the first rider rather than overlapping arrivals
  ---
  duration_ms: 0.488917
  ...
# Subtest: placement sizes walls to one third of field, caps at 300 and reserves full corridor
ok 471 - placement sizes walls to one third of field, caps at 300 and reserves full corridor
  ---
  duration_ms: 0.632917
  ...
# Subtest: placement remains bounded for unsafe or insufficiently separated sites
ok 472 - placement remains bounded for unsafe or insufficiently separated sites
  ---
  duration_ms: 0.227
  ...
# Subtest: full wall safety catches a hazard between sampled center and endpoints
ok 473 - full wall safety catches a hazard between sampled center and endpoints
  ---
  duration_ms: 0.099667
  ...
# Subtest: swept wall entry preserves heading and relative linked height
ok 474 - swept wall entry preserves heading and relative linked height
  ---
  duration_ms: 0.595084
  ...
# Subtest: both directions and earliest intersected wall work
ok 475 - both directions and earliest intersected wall work
  ---
  duration_ms: 0.08275
  ...
# Subtest: rounded endpoints detect vertical and tangent contact without phantom end extensions
ok 476 - rounded endpoints detect vertical and tangent contact without phantom end extensions
  ---
  duration_ms: 0.08425
  ...
# Subtest: cooldown, expiry, inside, stationary, moving away and short movement do not retrigger
ok 477 - cooldown, expiry, inside, stationary, moving away and short movement do not retrigger
  ---
  duration_ms: 0.093291
  ...
# Subtest: unsafe and out-of-field exits defer transit and safety receives actual offset exit
ok 478 - unsafe and out-of-field exits defer transit and safety receives actual offset exit
  ---
  duration_ms: 0.1325
  ...
# Subtest: shrinking trims walls and removes pairs whose centerline or usable ends are reclaimed
ok 479 - shrinking trims walls and removes pairs whose centerline or usable ends are reclaimed
  ---
  duration_ms: 0.194333
  ...
# Subtest: motion ledger boundary rejects malformed, unbounded and contradictory tick data
ok 480 - motion ledger boundary rejects malformed, unbounded and contradictory tick data
  ---
  duration_ms: 0.55025
  ...
# Subtest: local steering responds next frame using a partial step which never changes fixed replay
ok 481 - local steering responds next frame using a partial step which never changes fixed replay
  ---
  duration_ms: 10.455208
  ...
# Subtest: acknowledged held turn replays exactly with no pending events, including drunk offset
ok 482 - acknowledged held turn replays exactly with no pending events, including drunk offset
  ---
  duration_ms: 0.908
  ...
# Subtest: fresh-input age neutralizes held controls at tick ten
ok 483 - fresh-input age neutralizes held controls at tick ten
  ---
  duration_ms: 0.680208
  ...
# Subtest: press and release scheduled for same tick uses latest sample, received ack cannot retire either
ok 484 - press and release scheduled for same tick uses latest sample, received ack cannot retire either
  ---
  duration_ms: 3.0565
  ...
# Subtest: mismatched snapshot and application tick rejected atomically
ok 485 - mismatched snapshot and application tick rejected atomically
  ---
  duration_ms: 1.163417
  ...
# Subtest: applied result retires pending but continues authoritative held input
ok 486 - applied result retires pending but continues authoritative held input
  ---
  duration_ms: 0.666375
  ...
# Subtest: death and portal reset local motion and epoch invalidates timing
ok 487 - death and portal reset local motion and epoch invalidates timing
  ---
  duration_ms: 0.585042
  ...
# Subtest: clock retains conservative send sampled bounds and rejects pause stale and invalid RTT
ok 488 - clock retains conservative send sampled bounds and rejects pause stale and invalid RTT
  ---
  duration_ms: 0.0885
  ...
# Subtest: remote buffer uses coherent past state and fractional ticks without portal chords
ok 489 - remote buffer uses coherent past state and fractional ticks without portal chords
  ---
  duration_ms: 0.865167
  ...
# Subtest: spectator clock advances fractional render ticks without a player seat and resets scope
ok 490 - spectator clock advances fractional render ticks without a player seat and resets scope
  ---
  duration_ms: 2.729458
  ...
# Subtest: presentation connector is bounded and never mutates confirmed trails
ok 491 - presentation connector is bounded and never mutates confirmed trails
  ---
  duration_ms: 1.430709
  ...
# Subtest: inactive snapshots do not invent movement correction or smoothing offsets
ok 492 - inactive snapshots do not invent movement correction or smoothing offsets
  ---
  duration_ms: 2.006125
  ...
# Subtest: slow round trip or lagging snapshot never rejects input locally; host admission and the four-tick lead cap bound it (\#15)
ok 493 - slow round trip or lagging snapshot never rejects input locally; host admission and the four-tick lead cap bound it (\#15)
  ---
  duration_ms: 0.615042
  ...
# Subtest: transport-refused and stale inputs never count toward the bound; overflow drops the backlog instead of blocking (\#20)
ok 494 - transport-refused and stale inputs never count toward the bound; overflow drops the backlog instead of blocking (\#20)
  ---
  duration_ms: 1.4055
  ...
# Subtest: overflow first drops inputs behind the host window and only clears a fully fresh backlog (\#15 follow-up)
ok 495 - overflow first drops inputs behind the host window and only clears a fully fresh backlog (\#15 follow-up)
  ---
  duration_ms: 0.728292
  ...
# Subtest: a lost clock limits the preview but never the send (\#65)
ok 496 - a lost clock limits the preview but never the send (\#65)
  ---
  duration_ms: 0.579541
  ...
# Subtest: all semantic message variants validate without accepting extra fields
ok 497 - all semantic message variants validate without accepting extra fields
  ---
  duration_ms: 1.140084
  ...
# Subtest: untrusted message shapes, sizes, tokens and input sequences fail closed
ok 498 - untrusted message shapes, sizes, tokens and input sequences fail closed
  ---
  duration_ms: 0.280125
  ...
# Subtest: target aim accepts finite normalized coordinates only and rejects nested extras
ok 499 - target aim accepts finite normalized coordinates only and rejects nested extras
  ---
  duration_ms: 0.161834
  ...
# Subtest: serialized recipient acknowledgement preserves own zero and negative sequences without other seats
ok 500 - serialized recipient acknowledgement preserves own zero and negative sequences without other seats
  ---
  duration_ms: 0.743375
  ...
# Subtest: recipient ack envelopes preserve complete keyframe retry and unchanged world decoding
ok 501 - recipient ack envelopes preserve complete keyframe retry and unchanged world decoding
  ---
  duration_ms: 3.000167
  ...
# Subtest: candidates before the remote description are buffered, bounded at 64 and flushed in order
ok 502 - candidates before the remote description are buffered, bounded at 64 and flushed in order
  ---
  duration_ms: 1.796542
  ...
# Subtest: candidates arriving while a description is being applied wait, then apply; later ones apply directly
ok 503 - candidates arriving while a description is being applied wait, then apply; later ones apply directly
  ---
  duration_ms: 0.109
  ...
# Subtest: answer-side candidates that arrive after the local answer are applied against the remote description
ok 504 - answer-side candidates that arrive after the local answer are applied against the remote description
  ---
  duration_ms: 0.096292
  ...
# Subtest: a restart offer changes the ufrag: old-generation candidates never poison it and new ones wait for it
ok 505 - a restart offer changes the ufrag: old-generation candidates never poison it and new ones wait for it
  ---
  duration_ms: 0.109708
  ...
# Subtest: browser rejection of a candidate is counted, not thrown into the signalling loop
ok 506 - browser rejection of a candidate is counted, not thrown into the signalling loop
  ---
  duration_ms: 0.113625
  ...
# Subtest: only actual changed heading counts, unchanged animation frames do not
ok 507 - only actual changed heading counts, unchanged animation frames do not
  ---
  duration_ms: 0.629208
  ...
# Subtest: clock-aligned render frames detect wrapped positive heading and reject the wrong direction
ok 508 - clock-aligned render frames detect wrapped positive heading and reject the wrong direction
  ---
  duration_ms: 0.106416
  ...
# Subtest: death, round transition, intoxication and live powerups invalidate the measurement
ok 509 - death, round transition, intoxication and live powerups invalidate the measurement
  ---
  duration_ms: 0.109583
  ...
# Subtest: turning, short, stale and missing baselines are rejected without cherry-picking
ok 510 - turning, short, stale and missing baselines are rejected without cherry-picking
  ---
  duration_ms: 0.070583
  ...
# Subtest: unchanged heading times out and incomplete capture is separately rejected
ok 511 - unchanged heading times out and incomplete capture is separately rejected
  ---
  duration_ms: 0.069875
  ...
# Subtest: one degree metric remains later than the first tiny numerical departure
ok 512 - one degree metric remains later than the first tiny numerical departure
  ---
  duration_ms: 0.060625
  ...
# Subtest: render continuity separates repeated authoritative ticks from animation cadence and attempt gaps
ok 513 - render continuity separates repeated authoritative ticks from animation cadence and attempt gaps
  ---
  duration_ms: 3.220791
  ...
# Subtest: return to lobby from lobby clears match state without inventing session points
ok 514 - return to lobby from lobby clears match state without inventing session points
  ---
  duration_ms: 9.666959
  ...
# Subtest: return to lobby from countdown clears match state without inventing session points
ok 515 - return to lobby from countdown clears match state without inventing session points
  ---
  duration_ms: 2.150834
  ...
# Subtest: return to lobby from playing clears match state without inventing session points
ok 516 - return to lobby from playing clears match state without inventing session points
  ---
  duration_ms: 0.607083
  ...
# Subtest: return to lobby from roundOver clears match state without inventing session points
ok 517 - return to lobby from roundOver clears match state without inventing session points
  ---
  duration_ms: 0.581541
  ...
# Subtest: return to lobby from matchOver clears match state without inventing session points
ok 518 - return to lobby from matchOver clears match state without inventing session points
  ---
  duration_ms: 0.645875
  ...
# Subtest: empty party can return to lobby and invalid scope is rejected before mutation
ok 519 - empty party can return to lobby and invalid scope is rejected before mutation
  ---
  duration_ms: 0.164375
  ...
# Subtest: pure rider kernel exactly matches authoritative turns including drunk offsets
ok 520 - pure rider kernel exactly matches authoritative turns including drunk offsets
  ---
  duration_ms: 24.816584
  ...
# Subtest: opposite controls cancel steering and pure motion leaves input pose unchanged
ok 521 - opposite controls cancel steering and pure motion leaves input pose unchanged
  ---
  duration_ms: 0.088125
  ...
# Subtest: short codes map the full67600 space and reject biased random tail
ok 522 - short codes map the full67600 space and reject biased random tail
  ---
  duration_ms: 0.623208
  ...
# Subtest: new and temporary legacy room identities validate without making codes secrets
ok 523 - new and temporary legacy room identities validate without making codes secrets
  ---
  duration_ms: 0.113958
  ...
# Subtest: collision reservation is bounded and never masks noncollision failure
ok 524 - collision reservation is bounded and never masks noncollision failure
  ---
  duration_ms: 0.532417
  ...
# Subtest: ordinary initial show is inert and permanent departure disposes the room
ok 525 - ordinary initial show is inert and permanent departure disposes the room
  ---
  duration_ms: 0.991083
  ...
# Subtest: BFCache restoration reloads stopped room exactly once instead of reviving its transport
ok 526 - BFCache restoration reloads stopped room exactly once instead of reviving its transport
  ---
  duration_ms: 0.083916
  ...
# Subtest: expired room stops before clearing runtime and never retries a reused public code
ok 527 - expired room stops before clearing runtime and never retries a reused public code
  ---
  duration_ms: 0.771208
  ...
# Subtest: temporary network failure retries while replaced host is terminal separately
ok 528 - temporary network failure retries while replaced host is terminal separately
  ---
  duration_ms: 0.090042
  ...
# Subtest: safeStorage falls back to an in-memory store when the underlying storage throws on access
ok 529 - safeStorage falls back to an in-memory store when the underlying storage throws on access
  ---
  duration_ms: 0.481667
  ...
# Subtest: safeStorage does not evaluate the storage accessor until a get/set/remove call is made
ok 530 - safeStorage does not evaluate the storage accessor until a get/set/remove call is made
  ---
  duration_ms: 0.072792
  ...
# Subtest: safeStorage passes through to real storage when it works
ok 531 - safeStorage passes through to real storage when it works
  ---
  duration_ms: 0.091542
  ...
# Subtest: createMemoryStorage never throws and reports missing keys as null
ok 532 - createMemoryStorage never throws and reports missing keys as null
  ---
  duration_ms: 0.047792
  ...
# Subtest: LAN AI management is authorized, shares seats, follows normal rounds and can be removed
ok 533 - LAN AI management is authorized, shares seats, follows normal rounds and can be removed
  ---
  duration_ms: 36.868208
  ...
# Subtest: LAN bot protocol rejects missing IDs, human IDs and unexpected action data
ok 534 - LAN bot protocol rejects missing IDs, human IDs and unexpected action data
  ---
  duration_ms: 0.519583
  ...
# Subtest: a reconnect cancels prior charge and accepts a fresh explicit press-release pair
ok 535 - a reconnect cancels prior charge and accepts a fresh explicit press-release pair
  ---
  duration_ms: 82.079083
  ...
# Subtest: match rematch resets scope and wins, then round-over automatically starts the next round
ok 536 - match rematch resets scope and wins, then round-over automatically starts the next round
  ---
  duration_ms: 51.23175
  ...
# Subtest: controller snapshots strip the full match statistics table
ok 537 - controller snapshots strip the full match statistics table
  ---
  duration_ms: 0.96925
  ...
# Subtest: five seats, sixth denial, full public snapshots and private host control
ok 538 - five seats, sixth denial, full public snapshots and private host control
  ---
  duration_ms: 66.030459
  ...
# Subtest: reconnect replaces the same seat, sequences continue, stale input becomes neutral, rapid bomb taps survive
ok 539 - reconnect replaces the same seat, sequences continue, stale input becomes neutral, rapid bomb taps survive
  ---
  duration_ms: 18.978958
  ...
# Subtest: admission rejects late/invalid joins, leave frees lobby seats and eliminates during play
ok 540 - admission rejects late/invalid joins, leave frees lobby seats and eliminates during play
  ---
  duration_ms: 20.924333
  ...
# Subtest: charge holds use authoritative ticks and launch only on explicit release
ok 541 - charge holds use authoritative ticks and launch only on explicit release
  ---
  duration_ms: 12.817875
  ...
# Subtest: cancel, stale input, and socket replacement discard charges and queued releases
ok 542 - cancel, stale input, and socket replacement discard charges and queued releases
  ---
  duration_ms: 14.857875
  ...
# Subtest: typed injected clock drives heartbeat timeout and rate window without sleeping
ok 543 - typed injected clock drives heartbeat timeout and rate window without sleeping
  ---
  duration_ms: 3.773833
  ...
# Subtest: a flood of malformed frames is counted against the rate limit and closes the socket with 1008
ok 544 - a flood of malformed frames is counted against the rate limit and closes the socket with 1008
  ---
  duration_ms: 4.251083
  ...
# Subtest: invalid frames do not refresh lastSeen so the idle watchdog still prunes a garbage-only client
ok 545 - invalid frames do not refresh lastSeen so the idle watchdog still prunes a garbage-only client
  ---
  duration_ms: 1.416958
  ...
# Subtest: bounded catch-up discards sleep-sized backlogs
ok 546 - bounded catch-up discards sleep-sized backlogs
  ---
  duration_ms: 0.090334
  ...
# Subtest: a finished match can accept fresh phones after every original player leaves
ok 547 - a finished match can accept fresh phones after every original player leaves
  ---
  duration_ms: 11.936083
  ...
# Subtest: injected scheduler advances fixed ticks, caps catch-up, discards excess and cancels on close
ok 548 - injected scheduler advances fixed ticks, caps catch-up, discards excess and cancels on close
  ---
  duration_ms: 0.455042
  ...
# Subtest: display receives 20Hz world state while phones receive compact 10Hz updates and measured input acknowledgments
ok 549 - display receives 20Hz world state while phones receive compact 10Hz updates and measured input acknowledgments
  ---
  duration_ms: 6.709292
  ...
# Subtest: late countdown joins wait safely, reconnect and enter next round automatically
ok 550 - late countdown joins wait safely, reconnect and enter next round automatically
  ---
  duration_ms: 12.523792
  ...
# Subtest: late playing joins wait safely, reconnect and enter next round automatically
ok 551 - late playing joins wait safely, reconnect and enter next round automatically
  ---
  duration_ms: 11.155292
  ...
# Subtest: target release aim survives newer input packets through real socket transport
ok 552 - target release aim survives newer input packets through real socket transport
  ---
  duration_ms: 6.913708
  ...
# Subtest: host can abort to lobby without losing phone seats or replaying buffered bomb releases
ok 553 - host can abort to lobby without losing phone seats or replaying buffered bomb releases
  ---
  duration_ms: 9.250292
  ...
# Subtest: serialized avatar joins assign an allowed head and reconnect preserves server identity
ok 554 - serialized avatar joins assign an allowed head and reconnect preserves server identity
  ---
  duration_ms: 2.592041
  ...
# Subtest: a joined controller can change only its own avatar during play without altering gameplay
ok 555 - a joined controller can change only its own avatar during play without altering gameplay
  ---
  duration_ms: 9.69575
  ...
# Subtest: phones that vanish in the lobby release their seats for newcomers and for the next start
ok 556 - phones that vanish in the lobby release their seats for newcomers and for the next start
  ---
  duration_ms: 5.044
  ...
# Subtest: a full lobby reclaims a vanished seat for a newcomer without any host action
ok 557 - a full lobby reclaims a vanished seat for a newcomer without any host action
  ---
  duration_ms: 4.650666
  ...
# Subtest: a phone that vanishes mid-round keeps its seat for reconnection and never yields it to a newcomer
ok 558 - a phone that vanishes mid-round keeps its seat for reconnection and never yields it to a newcomer
  ---
  duration_ms: 11.48925
  ...
# Subtest: actual service exposes Cloud Run safe health aliases without requiring provider operations
ok 559 - actual service exposes Cloud Run safe health aliases without requiring provider operations
  ---
  duration_ms: 775.66475
  ...
# Subtest: service transaction retries keep one logical connection/grant and fenced replacement
ok 560 - service transaction retries keep one logical connection/grant and fenced replacement
  ---
  duration_ms: 1.663584
  ...
# Subtest: service reserves creator slot and atomically bounds concurrent admission
ok 561 - service reserves creator slot and atomically bounds concurrent admission
  ---
  duration_ms: 0.435958
  ...
# Subtest: two gateways advertise actual remote members and route only signalling
ok 562 - two gateways advertise actual remote members and route only signalling
  ---
  duration_ms: 1.156167
  ...
# Subtest: mesh signalling permits guest pairs while rejecting foreign room and replaced target scopes
ok 563 - mesh signalling permits guest pairs while rejecting foreign room and replaced target scopes
  ---
  duration_ms: 0.463542
  ...
# Subtest: guest mesh signals retain source replacement and cross-room membership fences
ok 564 - guest mesh signals retain source replacement and cross-room membership fences
  ---
  duration_ms: 1.672167
  ...
# Subtest: fast bus after delayed metadata emits new source membership before SDP
ok 565 - fast bus after delayed metadata emits new source membership before SDP
  ---
  duration_ms: 0.466708
  ...
# Subtest: expired and duplicate bus packets never repeat SDP; old replacement source is rejected
ok 566 - expired and duplicate bus packets never repeat SDP; old replacement source is rejected
  ---
  duration_ms: 0.36325
  ...
# Subtest: time renewals preserve exact authority and stale close cannot revoke replacement
ok 567 - time renewals preserve exact authority and stale close cannot revoke replacement
  ---
  duration_ms: 0.498167
  ...
# Subtest: idle teardown and immediate rejoin serialize a new subscription before admission
ok 568 - idle teardown and immediate rejoin serialize a new subscription before admission
  ---
  duration_ms: 0.279875
  ...
# Subtest: bus failure and slow receiver fail explicitly without keeping hidden relay queues
ok 569 - bus failure and slow receiver fail explicitly without keeping hidden relay queues
  ---
  duration_ms: 1.053541
  ...
# Subtest: runtime metadata and bus schemas reject corrupt scope and gameplay frames
ok 570 - runtime metadata and bus schemas reject corrupt scope and gameplay frames
  ---
  duration_ms: 0.395625
  ...
# Subtest: v2 renewal accepts GrantIdentity without timestamps at the actual JSON boundary
ok 571 - v2 renewal accepts GrantIdentity without timestamps at the actual JSON boundary
  ---
  duration_ms: 0.314167
  ...
# Subtest: failed bus is drained before a queued new connection can mark it ready
ok 572 - failed bus is drained before a queued new connection can mark it ready
  ---
  duration_ms: 0.390916
  ...
# Subtest: short-code transactional collisions preserve the live room and retry only bounded conflicts
ok 573 - short-code transactional collisions preserve the live room and retry only bounded conflicts
  ---
  duration_ms: 0.793625
  ...
# Subtest: guest keepalives never extend host-session lifetime and exact expiry rejects admission
ok 574 - guest keepalives never extend host-session lifetime and exact expiry rejects admission
  ---
  duration_ms: 0.263625
  ...
# Subtest: only the current host extends reconnect grace and replacement close cannot shorten it
ok 575 - only the current host extends reconnect grace and replacement close cannot shorten it
  ---
  duration_ms: 0.17825
  ...
# Subtest: host end is authorized, immediate and cannot end a reused code with an old capability
ok 576 - host end is authorized, immediate and cannot end a reused code with an old capability
  ---
  duration_ms: 0.554125
  ...
# Subtest: cached signalling refuses expired rooms before asynchronous TTL deletion
ok 577 - cached signalling refuses expired rooms before asynchronous TTL deletion
  ---
  duration_ms: 0.542541
  ...
# Subtest: gateway expiry timer closes silent sockets without depending on TTL deletion or traffic
ok 578 - gateway expiry timer closes silent sockets without depending on TTL deletion or traffic
  ---
  duration_ms: 6.185458
  ...
# Subtest: delayed old-incarnation heartbeat or read cannot roll back a reused room view
ok 579 - delayed old-incarnation heartbeat or read cannot roll back a reused room view
  ---
  duration_ms: 3.183958
  ...
# Subtest: delayed old admission cannot replace a newly observed room incarnation
ok 580 - delayed old admission cannot replace a newly observed room incarnation
  ---
  duration_ms: 1.028791
  ...
# Subtest: cancelled metadata watch callbacks cannot mutate a recreated room view
ok 581 - cancelled metadata watch callbacks cannot mutate a recreated room view
  ---
  duration_ms: 0.384
  ...
# Subtest: direct new admission rotates an active old watch before its delayed callbacks arrive
ok 582 - direct new admission rotates an active old watch before its delayed callbacks arrive
  ---
  duration_ms: 0.347542
  ...
# Subtest: shell reflects remaining travel and exposes the true collision path
ok 583 - shell reflects remaining travel and exposes the true collision path
  ---
  duration_ms: 0.803875
  ...
# Subtest: corners reflect both axes and shrinking bounds clamp safely
ok 584 - corners reflect both axes and shrinking bounds clamp safely
  ---
  duration_ms: 2.04675
  ...
# Subtest: shell ricochets off a tail without crossing it and keeps its speed
ok 585 - shell ricochets off a tail without crossing it and keeps its speed
  ---
  duration_ms: 0.518042
  ...
# Subtest: diagonal tails and exposed endpoints reflect instead of tunnelling
ok 586 - diagonal tails and exposed endpoints reflect instead of tunnelling
  ---
  duration_ms: 0.105875
  ...
# Subtest: failure notice classifies only press/release gestures, never neutral or held heartbeats
ok 587 - failure notice classifies only press/release gestures, never neutral or held heartbeats
  ---
  duration_ms: 0.548083
  ...
# Subtest: shot notice persists three seconds independently and another failure restarts the deadline
ok 588 - shot notice persists three seconds independently and another failure restarts the deadline
  ---
  duration_ms: 0.099125
  ...
# Subtest: every candidate shape Chrome and Safari emit passes the signalling boundary
ok 589 - every candidate shape Chrome and Safari emit passes the signalling boundary
  ---
  duration_ms: 0.462833
  ...
# Subtest: descriptions from localDescription.toJSON() pass; anything else is rejected
ok 590 - descriptions from localDescription.toJSON() pass; anything else is rejected
  ---
  duration_ms: 0.211917
  ...
# Subtest: connect() while the previous socket is still CONNECTING closes it instead of orphaning it
ok 591 - connect() while the previous socket is still CONNECTING closes it instead of orphaning it
  ---
  duration_ms: 1.053042
  ...
# Subtest: connect() with no prior socket does not attempt to close anything
ok 592 - connect() with no prior socket does not attempt to close anything
  ---
  duration_ms: 0.119666
  ...
# Subtest: a real disconnect on the current socket reports status and reconnects
ok 593 - a real disconnect on the current socket reports status and reconnects
  ---
  duration_ms: 0.102791
  ...
# Subtest: send() only transmits once the current socket reports OPEN, and close() is idempotent-safe
ok 594 - send() only transmits once the current socket reports OPEN, and close() is idempotent-safe
  ---
  duration_ms: 0.095
  ...
# Subtest: an inbound pong reports round-trip time instead of reaching onMessage
ok 595 - an inbound pong reports round-trip time instead of reaching onMessage
  ---
  duration_ms: 0.6065
  ...
# Subtest: a host error reply survives 200 ms of ticks and world frames, then the connection status returns
ok 596 - a host error reply survives 200 ms of ticks and world frames, then the connection status returns
  ---
  duration_ms: 0.907625
  ...
# Subtest: unchanged recurring status is emitted once however many ticks and frames restate it
ok 597 - unchanged recurring status is emitted once however many ticks and frames restate it
  ---
  duration_ms: 0.237958
  ...
# Subtest: the recurring status that returns after a notice is the latest one, not the one it replaced
ok 598 - the recurring status that returns after a notice is the latest one, not the one it replaced
  ---
  duration_ms: 0.118083
  ...
# Subtest: a join error survives the 500 ms join retry cadence without restating itself
ok 599 - a join error survives the 500 ms join retry cadence without restating itself
  ---
  duration_ms: 0.156333
  ...
# Subtest: a later notice replaces a live notice and extends the hold
ok 600 - a later notice replaces a live notice and extends the hold
  ---
  duration_ms: 0.094542
  ...
# Subtest: a notice raised before any connection status is never replaced by a silent refresh
ok 601 - a notice raised before any connection status is never replaced by a silent refresh
  ---
  duration_ms: 0.114916
  ...
# Subtest: a rejected input frame flashes without holding the line or hiding a real error
ok 602 - a rejected input frame flashes without holding the line or hiding a real error
  ---
  duration_ms: 0.332833
  ...
# Subtest: a terminal notice is never overwritten by recurring status or by later notices
ok 603 - a terminal notice is never overwritten by recurring status or by later notices
  ---
  duration_ms: 0.191667
  ...
# Subtest: target collection arms one normal-strength bomb and preserves volley upgrades
ok 604 - target collection arms one normal-strength bomb and preserves volley upgrades
  ---
  duration_ms: 10.475584
  ...
# Subtest: targeting requires pickup and clamps to the current safe field
ok 605 - targeting requires pickup and clamps to the current safe field
  ---
  duration_ms: 0.927875
  ...
# Subtest: cancel, rejected release and death clear preview without consuming; next round resets
ok 606 - cancel, rejected release and death clear preview without consuming; next round resets
  ---
  duration_ms: 0.940833
  ...
# Subtest: queued release uses its own aim rather than a later packet in the same server tick
ok 607 - queued release uses its own aim rather than a later packet in the same server tick
  ---
  duration_ms: 0.535375
  ...
# Subtest: Target detonates on the release tick, with damage and protection resolved immediately
ok 608 - Target detonates on the release tick, with damage and protection resolved immediately
  ---
  duration_ms: 1.45225
  ...
# Subtest: instant Target blast chains nearby bombs in the same tick
ok 609 - instant Target blast chains nearby bombs in the same tick
  ---
  duration_ms: 0.491167
  ...
# Subtest: host clock replies are bound, single-use, bounded and invalidated at recovery
ok 610 - host clock replies are bound, single-use, bounded and invalidated at recovery
  ---
  duration_ms: 0.463042
  ...
# Subtest: trail clipping preserves contained geometry identity and timestamps
ok 611 - trail clipping preserves contained geometry identity and timestamps
  ---
  duration_ms: 0.48575
  ...
# Subtest: trail clipping trims crossings on every edge in both directions
ok 612 - trail clipping trims crossings on every edge in both directions
  ---
  duration_ms: 0.455
  ...
# Subtest: trail clipping keeps closed tangent edges and corner contacts
ok 613 - trail clipping keeps closed tangent edges and corner contacts
  ---
  duration_ms: 0.074167
  ...
# Subtest: trail clipping removes exterior points, parallel lines and disjoint diagonal segments
ok 614 - trail clipping removes exterior points, parallel lines and disjoint diagonal segments
  ---
  duration_ms: 0.064375
  ...
# Subtest: overtime trims dead and living trails before collision and snapshot, retaining disconnected pieces
ok 615 - overtime trims dead and living trails before collision and snapshot, retaining disconnected pieces
  ---
  duration_ms: 9.791958
  ...
# Subtest: star, shield and portal grace bounce trails cannot start outside the newly closed field
ok 616 - star, shield and portal grace bounce trails cannot start outside the newly closed field
  ---
  duration_ms: 1.825333
  ...
# Subtest: overtime clipping preserves portal entry and exit discontinuity
ok 617 - overtime clipping preserves portal entry and exit discontinuity
  ---
  duration_ms: 0.940834
  ...
# Subtest: Worker persists an incarnation and allocates authority to the current host connection only
ok 618 - Worker persists an incarnation and allocates authority to the current host connection only
  ---
  duration_ms: 15.091541
  ...
# Subtest: Worker fences host replacement and delayed close without overlapping lease validity
ok 619 - Worker fences host replacement and delayed close without overlapping lease validity
  ---
  duration_ms: 1.709708
  ...
# Subtest: Worker renews only an active exact grant from its current host, with authenticated clock echo
ok 620 - Worker renews only an active exact grant from its current host, with authenticated clock echo
  ---
  duration_ms: 1.095833
  ...
# Subtest: Worker routes only current authenticated endpoints and includes source connection scope
ok 621 - Worker routes only current authenticated endpoints and includes source connection scope
  ---
  duration_ms: 1.621084
  ...
# Subtest: Worker serializes simultaneous host reservations and retains fencing through hibernation state
ok 622 - Worker serializes simultaneous host reservations and retains fencing through hibernation state
  ---
  duration_ms: 0.92975
  ...
# Subtest: Worker rejects malformed clock requests and bounds six active memberships while permitting replacement
ok 623 - Worker rejects malformed clock requests and bounds six active memberships while permitting replacement
  ---
  duration_ms: 3.634416
  ...
# Subtest: Worker reserves creator capacity when invitees arrive before the host
ok 624 - Worker reserves creator capacity when invitees arrive before the host
  ---
  duration_ms: 2.464667
  ...
# Subtest: Worker rejects gameplay relay even between valid host and guest sockets
ok 625 - Worker rejects gameplay relay even between valid host and guest sockets
  ---
  duration_ms: 0.967792
  ...
# Subtest: Worker expires at90seconds without host heartbeat even while guests keep sending
ok 626 - Worker expires at90seconds without host heartbeat even while guests keep sending
  ---
  duration_ms: 1.220667
  ...
# Subtest: Worker end requires host capability and code reuse clears prior authority
ok 627 - Worker end requires host capability and code reuse clears prior authority
  ---
  duration_ms: 1.670167
  ...
# Subtest: Worker current host heartbeats extend deadline while stale closes do not
ok 628 - Worker current host heartbeats extend deadline while stale closes do not
  ---
  duration_ms: 1.391041
  ...
1..628
# tests 628
# suites 0
# pass 628
# fail 0
# cancelled 0
# skipped 0
# todo 0
# duration_ms 16461.193041
--------------------------|---------|----------|---------|---------|--------------------------------
File                      | % Stmts | % Branch | % Funcs | % Lines | Uncovered Line #s              
--------------------------|---------|----------|---------|---------|--------------------------------
All files                 |    99.5 |    94.17 |   99.07 |    99.5 |                                
 client                   |     100 |    97.94 |    98.3 |     100 |                                
  audio-director.ts       |     100 |    98.38 |     100 |     100 | 77                             
  controller-keyboard.ts  |     100 |      100 |     100 |     100 |                                
  controller-pointers.ts  |     100 |    98.48 |   91.66 |     100 | 56                             
  controller-state.ts     |     100 |    98.95 |     100 |     100 | 81                             
  render-snapshot.ts      |     100 |       90 |     100 |     100 | 37-45                          
  snapshot-stream.ts      |     100 |      100 |     100 |     100 |                                
 online                   |   99.49 |    92.74 |    98.8 |   99.49 |                                
  action-replication.ts   |     100 |    89.94 |     100 |     100 | ...135,142,153,159,162,164-166 
  authority-grace.ts      |     100 |      100 |     100 |     100 |                                
  authority-status.ts     |     100 |      100 |     100 |     100 |                                
  authority.ts            |     100 |      100 |     100 |     100 |                                
  checkpoint.ts           |     100 |    92.22 |     100 |     100 | ...112,114,117-119,121,137,141 
  direct-clock.ts         |     100 |    98.98 |     100 |     100 | 75                             
  direct-control.ts       |     100 |      100 |     100 |     100 |                                
  direct-heartbeat.ts     |     100 |    95.52 |     100 |     100 | 19,86,95,100,105,107           
  direct-ingress.ts       |     100 |      100 |     100 |     100 |                                
  direct-origin.ts        |     100 |    95.52 |     100 |     100 | 53,57,69                       
  direct-presentation.ts  |     100 |    98.46 |     100 |     100 | 28                             
  direct-room-state.ts    |     100 |    93.71 |     100 |     100 | ...,92,100,105,112,120,137-138 
  direct-segment.ts       |     100 |    91.35 |   96.55 |     100 | ...225,234,264,266,275,286,298 
  direct-stream.ts        |     100 |    98.75 |     100 |     100 | 42,159                         
  host-session.ts         |   99.49 |    89.79 |     100 |   99.49 | 41                             
  ice-config.ts           |     100 |    97.36 |     100 |     100 | 13                             
  ice-signal.ts           |     100 |       92 |     100 |     100 | 9,18                           
  keyframe-delivery.ts    |     100 |      100 |     100 |     100 |                                
  link-callback.ts        |     100 |      100 |     100 |     100 |                                
  link-diagnostics.ts     |     100 |       84 |     100 |     100 | 16,20,33,39-42                 
  link-health.ts          |     100 |      100 |     100 |     100 |                                
  link-restart.ts         |     100 |      100 |     100 |     100 |                                
  link-send-gate.ts       |     100 |      100 |     100 |     100 |                                
  local-runtime.ts        |     100 |    89.58 |     100 |     100 | 33,54,61,71-73                 
  mobile-play-policy.ts   |     100 |      100 |     100 |     100 |                                
  prediction-clock.ts     |     100 |    98.03 |     100 |     100 | 37                             
  prediction.ts           |     100 |    87.15 |     100 |     100 | ...1,84-85,106,114-115,118-120 
  recipient-ack.ts        |     100 |      100 |     100 |     100 |                                
  remote-signal.ts        |   95.34 |    94.73 |     100 |   95.34 | 36-37                          
  response-measurement.ts |     100 |    98.52 |     100 |     100 | 25                             
  rollback-world.ts       |     100 |    91.51 |     100 |     100 | ...202,225,233,241-243,250,266 
  room-lifecycle.ts       |     100 |      100 |     100 |     100 |                                
  room-socket-close.ts    |     100 |      100 |     100 |     100 |                                
  runtime.ts              |   97.14 |    88.69 |    90.9 |   97.14 | 36-39,316-317,432-436,450-452  
  status-notices.ts       |     100 |      100 |     100 |     100 |                                
  world-codec.ts          |     100 |     86.4 |      90 |     100 | ...64,66,68,71-75,86,88-95,100 
 server                   |    98.2 |     92.2 |     100 |    98.2 |                                
  bomb-input.ts           |     100 |      100 |     100 |     100 |                                
  index.ts                |    97.9 |    90.95 |     100 |    97.9 | 60,74,283-286                  
 service                  |     100 |      100 |     100 |     100 |                                
  signal.ts               |     100 |      100 |     100 |     100 |                                
 shared                   |   99.59 |    96.84 |     100 |   99.59 |                                
  action-log.ts           |     100 |    96.03 |     100 |     100 | 40,44,75-76,113                
  avatars.ts              |     100 |      100 |     100 |     100 |                                
  blast-geometry.ts       |     100 |      100 |     100 |     100 |                                
  bomb-launch.ts          |     100 |      100 |     100 |     100 |                                
  bot-controller.ts       |     100 |      100 |     100 |     100 |                                
  deterministic-math.ts   |     100 |      100 |     100 |     100 |                                
  direct-input.ts         |     100 |      100 |     100 |     100 |                                
  drunk.ts                |     100 |      100 |     100 |     100 |                                
  duration-text.ts        |     100 |      100 |     100 |     100 |                                
  game.ts                 |   99.44 |    95.82 |     100 |   99.44 | 342-343,730-731,1154-1156      
  gun.ts                  |     100 |    88.23 |     100 |     100 | 26,31                          
  launch-modifiers.ts     |     100 |      100 |     100 |     100 |                                
  leaderboard.ts          |   96.63 |    94.33 |     100 |   96.63 | 46-47,89-90                    
  match-recap.ts          |     100 |    95.71 |     100 |     100 | 23,83,86                       
  match-stats.ts          |     100 |    98.36 |     100 |     100 | 181                            
  pickup-weights.ts       |     100 |       90 |     100 |     100 | 16                             
  portal.ts               |     100 |      100 |     100 |     100 |                                
  protocol.ts             |     100 |      100 |     100 |     100 |                                
  rider-motion.ts         |     100 |      100 |     100 |     100 |                                
  room-code.ts            |     100 |      100 |     100 |     100 |                                
  room-settings.ts        |     100 |    92.85 |     100 |     100 | 27                             
  shell.ts                |     100 |    93.47 |     100 |     100 | 15,47-50                       
  trail-clipping.ts       |     100 |      100 |     100 |     100 |                                
--------------------------|---------|----------|---------|---------|--------------------------------
