
> fuse-riders@1.0.0 test:coverage
> c8 tsx --test tests/*.test.ts

TAP version 13
# Subtest: accepted host actions replay complete lifecycle, bots, timeout cancellation and resets
ok 1 - accepted host actions replay complete lifecycle, bots, timeout cancellation and resets
  ---
  duration_ms: 4301.8165
  ...
# Subtest: replica game checkpoint preserves connected and charging state without host recovery sanitization
ok 2 - replica game checkpoint preserves connected and charging state without host recovery sanitization
  ---
  duration_ms: 2.867792
  ...
# Subtest: steady held input records only changes; bomb edges never persist into later ticks
ok 3 - steady held input records only changes; bomb edges never persist into later ticks
  ---
  duration_ms: 1.929125
  ...
# Subtest: MessagePack tuples and malformed operations are bounded
ok 4 - MessagePack tuples and malformed operations are bounded
  ---
  duration_ms: 2.128333
  ...
# Subtest: real encoded sender/receiver: duplicate, dropped and reordered batches repair without divergent commit
ok 5 - real encoded sender/receiver: duplicate, dropped and reordered batches repair without divergent commit
  ---
  duration_ms: 4.849333
  ...
# Subtest: invalid transaction and repeated hash mismatch never replace healthy state; fresh baseline repairs
ok 6 - invalid transaction and repeated hash mismatch never replace healthy state; fresh baseline repairs
  ---
  duration_ms: 1.642541
  ...
# Subtest: checkpoint chunk loss, reordering, corruption and timeout are bounded
ok 7 - checkpoint chunk loss, reordering, corruption and timeout are bounded
  ---
  duration_ms: 3.300708
  ...
# Subtest: decoder rejects nested allocation bombs before decoding and accepts ordinary envelopes
ok 8 - decoder rejects nested allocation bombs before decoding and accepts ordinary envelopes
  ---
  duration_ms: 6.922041
  ...
# Subtest: checkpoint and action identity validation agree, including history bounds and legal slot reuse
ok 9 - checkpoint and action identity validation agree, including history bounds and legal slot reuse
  ---
  duration_ms: 69.383917
  ...
# Subtest: newer checkpoint generations cannot erase same-tick accepted lifecycle operations
ok 10 - newer checkpoint generations cannot erase same-tick accepted lifecycle operations
  ---
  duration_ms: 1.1175
  ...
# Subtest: hash comparison survives backpressure precisely on twentieth ticks
ok 11 - hash comparison survives backpressure precisely on twentieth ticks
  ---
  duration_ms: 7.715
  ...
# Subtest: missing middle checkpoint chunk times out, throttled pump recovers with a fresh generation
ok 12 - missing middle checkpoint chunk times out, throttled pump recovers with a fresh generation
  ---
  duration_ms: 76.8265
  ...
# Subtest: signed-zero headings and arena-coordinate bomb targets survive checkpoint suffix replay
ok 13 - signed-zero headings and arena-coordinate bomb targets survive checkpoint suffix replay
  ---
  duration_ms: 2.144667
  ...
# Subtest: host refuses a new historical identity before replay/checkpoint capacity is exceeded
ok 14 - host refuses a new historical identity before replay/checkpoint capacity is exceeded
  ---
  duration_ms: 2.422291
  ...
# Subtest: signed-zero local aim is normalized before MessagePack checkpoint and action capture
ok 15 - signed-zero local aim is normalized before MessagePack checkpoint and action capture
  ---
  duration_ms: 2.7255
  ...
# Subtest: MessagePack action changes carry full applied ticks across sparse input and bomb transitions
ok 16 - MessagePack action changes carry full applied ticks across sparse input and bomb transitions
  ---
  duration_ms: 2.1265
  ...
# Subtest: absolute action ticks above uint16 replay independently of previous held timestamps
ok 17 - absolute action ticks above uint16 replay independently of previous held timestamps
  ---
  duration_ms: 0.414208
  ...
# Subtest: action tick mismatch and legacy replay checkpoints preserve healthy receiver state
ok 18 - action tick mismatch and legacy replay checkpoints preserve healthy receiver state
  ---
  duration_ms: 1.750958
  ...
# Subtest: assets resolve once under a Pages base and preserve external URLs
ok 19 - assets resolve once under a Pages base and preserve external URLs
  ---
  duration_ms: 0.487
  ...
# Subtest: audio requires gesture unlock, routes independent mute and volume, and tolerates refusal
ok 20 - audio requires gesture unlock, routes independent mute and volume, and tolerates refusal
  ---
  duration_ms: 1.01325
  ...
# Subtest: original score loops with bounded scheduling and no background catch-up
ok 21 - original score loops with bounded scheduling and no background catch-up
  ---
  duration_ms: 0.503541
  ...
# Subtest: authoritative effects coalesce volleys, reject stale events and baseline reconnects silently
ok 22 - authoritative effects coalesce volleys, reject stale events and baseline reconnects silently
  ---
  duration_ms: 0.319792
  ...
# Subtest: pickup cues use authoritative collection events and reconnect baseline stays silent
ok 23 - pickup cues use authoritative collection events and reconnect baseline stays silent
  ---
  duration_ms: 0.09825
  ...
# Subtest: engine emits collection once only after a real pickup is consumed
ok 24 - engine emits collection once only after a real pickup is consumed
  ---
  duration_ms: 12.336708
  ...
# Subtest: older round snapshots cannot reset scope or stop music
ok 25 - older round snapshots cannot reset scope or stop music
  ---
  duration_ms: 0.192958
  ...
# Subtest: eight original scores have long arrangements, distinct melodies and bounded valid voices
ok 26 - eight original scores have long arrangements, distinct melodies and bounded valid voices
  ---
  duration_ms: 24.204916
  ...
# Subtest: playlist completes an arrangement, rotates all eight tunes and retains mute and volume
ok 27 - playlist completes an arrangement, rotates all eight tunes and retains mute and volume
  ---
  duration_ms: 15.5325
  ...
# Subtest: new rounds advance playlist once; repeated snapshots and reconnects do not rewind it
ok 28 - new rounds advance playlist once; repeated snapshots and reconnects do not rewind it
  ---
  duration_ms: 0.164958
  ...
# Subtest: enabled audio plays in the lobby and intermissions and explicit enable confirms output
ok 29 - enabled audio plays in the lobby and intermissions and explicit enable confirms output
  ---
  duration_ms: 0.112917
  ...
# Subtest: two jazz tunes swing in tempo and use soft walking bass and seventh chords
ok 30 - two jazz tunes swing in tempo and use soft walking bass and seventh chords
  ---
  duration_ms: 0.161042
  ...
# Subtest: director schedules swung offbeats without catch-up bursts
ok 31 - director schedules swung offbeats without catch-up bursts
  ---
  duration_ms: 2.568083
  ...
# Subtest: gun launch plays a layered cannon cue
ok 32 - gun launch plays a layered cannon cue
  ---
  duration_ms: 0.14025
  ...
# Subtest: a host stall over the clock threshold pauses advancing but keeps seat scopes; queued and old-scope inputs still apply
ok 33 - a host stall over the clock threshold pauses advancing but keeps seat scopes; queued and old-scope inputs still apply
  ---
  duration_ms: 28.299416
  ...
# Subtest: a single time sample above the lease guard pauses for one sample period without rotating seat scopes
ok 34 - a single time sample above the lease guard pauses for one sample period without rotating seat scopes
  ---
  duration_ms: 3.316
  ...
# Subtest: continuous non-permission beyond the grace clears seats exactly once; a fresh certification re-arms it
ok 35 - continuous non-permission beyond the grace clears seats exactly once; a fresh certification re-arms it
  ---
  duration_ms: 14.306083
  ...
# Subtest: a lease that actually lapses under a healthy clock stops advancing at once and clears seats after the grace
ok 36 - a lease that actually lapses under a healthy clock stops advancing at once and clears seats after the grace
  ---
  duration_ms: 6.269959
  ...
# Subtest: AuthorityGrace fires once per outage, only after prior permission, and reset() scopes it to one authority
ok 37 - AuthorityGrace fires once per outage, only after prior permission, and reset() scopes it to one authority
  ---
  duration_ms: 0.292709
  ...
# Subtest: authority recovery clears a stale pause once without overwriting subsequent command errors
ok 38 - authority recovery clears a stale pause once without overwriting subsequent command errors
  ---
  duration_ms: 0.456041
  ...
# Subtest: a sustained pause announces itself once; further ticks preserve the notice on screen
ok 39 - a sustained pause announces itself once; further ticks preserve the notice on screen
  ---
  duration_ms: 0.081625
  ...
# Subtest: initial permission produces confirmed status and sustained permission stays silent
ok 40 - initial permission produces confirmed status and sustained permission stays silent
  ---
  duration_ms: 0.055667
  ...
# Subtest: ten distinct avatar ids address exactly ten atlas cells
ok 41 - ten distinct avatar ids address exactly ten atlas cells
  ---
  duration_ms: 4.656416
  ...
# Subtest: default and selected heads appear in authoritative snapshots without changing slot color
ok 42 - default and selected heads appear in authoritative snapshots without changing slot color
  ---
  duration_ms: 7.384208
  ...
# Subtest: live avatar messages only accept a known head and no player override
ok 43 - live avatar messages only accept a known head and no player override
  ---
  duration_ms: 0.162708
  ...
# Subtest: disk uses radial distance rather than bounding square or cross
ok 44 - disk uses radial distance rather than bounding square or cross
  ---
  duration_ms: 0.493833
  ...
# Subtest: swept disk detects crossing, tangent, radius padding and endpoint misses
ok 45 - swept disk detects crossing, tangent, radius padding and endpoint misses
  ---
  duration_ms: 0.110791
  ...
# Subtest: ordered bomb edges survive a between-tick tap, while held resends do not repeat presses
ok 46 - ordered bomb edges survive a between-tick tap, while held resends do not repeat presses
  ---
  duration_ms: 0.862583
  ...
# Subtest: interruption discards even a queued release and requires a neutral handshake
ok 47 - interruption discards even a queued release and requires a neutral handshake
  ---
  duration_ms: 0.099167
  ...
# Subtest: overflow cancels the bounded queue and a later fresh press can recover
ok 48 - overflow cancels the bounded queue and a later fresh press can recover
  ---
  duration_ms: 0.0695
  ...
# Subtest: target input preserves per-release aim despite later packets and caller mutation
ok 49 - target input preserves per-release aim despite later packets and caller mutation
  ---
  duration_ms: 0.110625
  ...
# Subtest: maps charge ticks linearly between accepted minimum and maximum
ok 50 - maps charge ticks linearly between accepted minimum and maximum
  ---
  duration_ms: 0.422625
  ...
# Subtest: projects along the release angle and clamps each coordinate to safe bounds
ok 51 - projects along the release angle and clamps each coordinate to safe bounds
  ---
  duration_ms: 0.6205
  ...
# Subtest: AI is deterministic, uses its injected random stream and never mutates the observed world
ok 52 - AI is deterministic, uses its injected random stream and never mutates the observed world
  ---
  duration_ms: 10.001
  ...
# Subtest: AI is neutral when absent, dead, disconnected or waiting for next round
ok 53 - AI is neutral when absent, dead, disconnected or waiting for next round
  ---
  duration_ms: 0.525166
  ...
# Subtest: AI turns away from imminent walls, trails and rider paths
ok 54 - AI turns away from imminent walls, trails and rider paths
  ---
  duration_ms: 2.718
  ...
# Subtest: AI considers expired and recent own trails, pickups, blasts, shells and drunk heading without changing physics
ok 55 - AI considers expired and recent own trails, pickups, blasts, shells and drunk heading without changing physics
  ---
  duration_ms: 0.9775
  ...
# Subtest: AI presses, holds and releases ordinary bombs through the same charge/cooldown rules
ok 56 - AI presses, holds and releases ordinary bombs through the same charge/cooldown rules
  ---
  duration_ms: 8.628833
  ...
# Subtest: AI target/gun/shell shots use normal input actions and target aim is bounded
ok 57 - AI target/gun/shell shots use normal input actions and target aim is bounded
  ---
  duration_ms: 6.211209
  ...
# Subtest: Host alone can manage AI, five shared slots are enforced, and a solo host can start
ok 58 - Host alone can manage AI, five shared slots are enforced, and a solo host can start
  ---
  duration_ms: 0.929791
  ...
# Subtest: AI arriving during a match waits and appears in the next round without a timed click
ok 59 - AI arriving during a match waits and appears in the next round without a timed click
  ---
  duration_ms: 119.478792
  ...
# Subtest: AI removal/reset frees its slot without converting humans or reusing old bot identity
ok 60 - AI removal/reset frees its slot without converting humans or reusing old bot identity
  ---
  duration_ms: 0.275583
  ...
# Subtest: Checkpoint v3 restores only validated bot ownership and rejects malformed registries atomically
ok 61 - Checkpoint v3 restores only validated bot ownership and rejects malformed registries atomically
  ---
  duration_ms: 2.849042
  ...
# Subtest: visual projection uses authoritative tick spacing during packet bursts
ok 62 - visual projection uses authoritative tick spacing during packet bursts
  ---
  duration_ms: 0.669167
  ...
# Subtest: visual projection freezes after 50 ms and never projects death or non-playing phases
ok 63 - visual projection freezes after 50 ms and never projects death or non-playing phases
  ---
  duration_ms: 0.086
  ...
# Subtest: visual projection does not cross round, match, membership or timestamp boundaries
ok 64 - visual projection does not cross round, match, membership or timestamp boundaries
  ---
  duration_ms: 0.089916
  ...
# Subtest: visual projection snaps a portal transit and resumes on the next ordinary movement pair
ok 65 - visual projection snaps a portal transit and resumes on the next ordinary movement pair
  ---
  duration_ms: 0.074666
  ...
# Subtest: multitouch retains a control until its final pointer releases
ok 66 - multitouch retains a control until its final pointer releases
  ---
  duration_ms: 0.566292
  ...
# Subtest: fast bomb tap and cancellation always send the falling edge
ok 67 - fast bomb tap and cancellation always send the falling edge
  ---
  duration_ms: 0.103125
  ...
# Subtest: pointer cancellation never launches and lost capture after release is a no-op
ok 68 - pointer cancellation never launches and lost capture after release is a no-op
  ---
  duration_ms: 0.080125
  ...
# Subtest: reconnect can force a neutral sample to rearm bomb edges
ok 69 - reconnect can force a neutral sample to rearm bomb edges
  ---
  duration_ms: 0.060542
  ...
# Subtest: held-state resend advances sequence while idle resend stays silent
ok 70 - held-state resend advances sequence while idle resend stays silent
  ---
  duration_ms: 0.076666
  ...
# Subtest: snapshot acceptance handles opaque match ids without lexicographic ordering
ok 71 - snapshot acceptance handles opaque match ids without lexicographic ordering
  ---
  duration_ms: 0.134708
  ...
# Subtest: snapshot acceptance rejects an older round in the active match
ok 72 - snapshot acceptance rejects an older round in the active match
  ---
  duration_ms: 0.047875
  ...
# Subtest: target preview projects for at most one tick and stays inside the arena
ok 73 - target preview projects for at most one tick and stays inside the arena
  ---
  duration_ms: 0.101292
  ...
# Subtest: shell visuals advance between server ticks and reflect off walls without changing authority
ok 74 - shell visuals advance between server ticks and reflect off walls without changing authority
  ---
  duration_ms: 0.217875
  ...
# Subtest: public smoke exercises real gateway socket boundaries and emits no credentials
ok 75 - public smoke exercises real gateway socket boundaries and emits no credentials
  ---
  duration_ms: 66.291417
  ...
# Subtest: public smoke stops on broken CORS and reports only a safe check label
ok 76 - public smoke stops on broken CORS and reports only a safe check label
  ---
  duration_ms: 10.425917
  ...
# Subtest: public smoke rejects plaintext and credential-bearing production origins before requests
ok 77 - public smoke rejects plaintext and credential-bearing production origins before requests
  ---
  duration_ms: 3383.8315
  ...
# Subtest: arrows share held state and Space emits exactly one press and release despite repeats
ok 78 - arrows share held state and Space emits exactly one press and release despite repeats
  ---
  duration_ms: 1.054458
  ...
# Subtest: pointer ownership survives keyboard release and cancellation
ok 79 - pointer ownership survives keyboard release and cancellation
  ---
  duration_ms: 0.1125
  ...
# Subtest: menu/focus/visibility cancellation never fires and repeat after reset cannot restart charge
ok 80 - menu/focus/visibility cancellation never fires and repeat after reset cannot restart charge
  ---
  duration_ms: 0.099166
  ...
# Subtest: blocked and unrelated keys retain normal browser handling
ok 81 - blocked and unrelated keys retain normal browser handling
  ---
  duration_ms: 0.063959
  ...
# Subtest: blocked new key clears previously held keys without releasing a bomb
ok 82 - blocked new key clears previously held keys without releasing a bomb
  ---
  duration_ms: 0.122
  ...
# Subtest: browser modifier shortcuts remain untouched while keyup releases an earlier plain hold
ok 83 - browser modifier shortcuts remain untouched while keyup releases an earlier plain hold
  ---
  duration_ms: 0.116125
  ...
# Subtest: A and D aliases retain independent held ownership from arrow keys
ok 84 - A and D aliases retain independent held ownership from arrow keys
  ---
  duration_ms: 0.076292
  ...
# Subtest: keyboard ArrowLeft/ArrowRight and Space share serialized steering and charge/release semantics
ok 85 - keyboard ArrowLeft/ArrowRight and Space share serialized steering and charge/release semantics
  ---
  duration_ms: 1.370292
  ...
# Subtest: keyboard KeyA/KeyD and Space share serialized steering and charge/release semantics
ok 86 - keyboard KeyA/KeyD and Space share serialized steering and charge/release semantics
  ---
  duration_ms: 0.1195
  ...
# Subtest: arrow and letter aliases keep steering until both keys are released
ok 87 - arrow and letter aliases keep steering until both keys are released
  ---
  duration_ms: 0.274291
  ...
# Subtest: keyboard and pointer holds do not release each other
ok 88 - keyboard and pointer holds do not release each other
  ---
  duration_ms: 0.250916
  ...
# Subtest: focus/lifecycle cancellation never fires or reactivates a held key on repeat
ok 89 - focus/lifecycle cancellation never fires or reactivates a held key on repeat
  ---
  duration_ms: 0.169
  ...
# Subtest: typing, disabled contexts and browser shortcuts are left alone, but keyup still releases
ok 90 - typing, disabled contexts and browser shortcuts are left alone, but keyup still releases
  ---
  duration_ms: 0.137334
  ...
# Subtest: recycled pointer ownership cancels old steering and makes both buttons reusable
ok 91 - recycled pointer ownership cancels old steering and makes both buttons reusable
  ---
  duration_ms: 0.136917
  ...
# Subtest: global release works if capture throws and leaves simultaneous touches intact
ok 92 - global release works if capture throws and leaves simultaneous touches intact
  ---
  duration_ms: 0.107958
  ...
# Subtest: lost capture and clear cancel charge without accidental release, then recover immediately
ok 93 - lost capture and clear cancel charge without accidental release, then recover immediately
  ---
  duration_ms: 0.21625
  ...
# Subtest: disabled buttons, unrelated capture loss, right clicks and duplicate terminal events do nothing
ok 94 - disabled buttons, unrelated capture loss, right clicks and duplicate terminal events do nothing
  ---
  duration_ms: 0.111208
  ...
# Subtest: input model independently repairs pointer reassignment and preserves duplicate down
ok 95 - input model independently repairs pointer reassignment and preserves duplicate down
  ---
  duration_ms: 0.0785
  ...
# Subtest: held drag enters, switches and exits buttons without tapping; hovering does not press
ok 96 - held drag enters, switches and exits buttons without tapping; hovering does not press
  ---
  duration_ms: 0.195333
  ...
# Subtest: Target aim keeps its thumb while sliding across other controls
ok 97 - Target aim keeps its thumb while sliding across other controls
  ---
  duration_ms: 0.554833
  ...
# Subtest: cancelled or cleared contacts cannot slide-reactivate before lifting
ok 98 - cancelled or cleared contacts cannot slide-reactivate before lifting
  ---
  duration_ms: 0.187125
  ...
# Subtest: target trackpad uses relative motion, throttles packets and sends final release coordinates
ok 99 - target trackpad uses relative motion, throttles packets and sends final release coordinates
  ---
  duration_ms: 1.01975
  ...
# Subtest: aim clamps the board and other fingers cannot move it; cancellation clears it
ok 100 - aim clamps the board and other fingers cannot move it; cancellation clears it
  ---
  duration_ms: 0.139834
  ...
# Subtest: second Fire contact inherits aim without a jump, refresh does not reset active aim
ok 101 - second Fire contact inherits aim without a jump, refresh does not reset active aim
  ---
  duration_ms: 0.081417
  ...
# Subtest: ordinary controls send no aim and invalid positions do not corrupt it
ok 102 - ordinary controls send no aim and invalid positions do not corrupt it
  ---
  duration_ms: 0.074291
  ...
# Subtest: host intention waits for permission, latest wins, expires and cannot cross authority reset
ok 103 - host intention waits for permission, latest wins, expires and cannot cross authority reset
  ---
  duration_ms: 0.734834
  ...
# Subtest: release or cancel after round/match completion stays replayable through late rollback and finality
ok 104 - release or cancel after round/match completion stays replayable through late rollback and finality
  ---
  duration_ms: 132.842208
  ...
# Subtest: wire actions use full uint32 ticks and strict bounded MessagePack tuples
ok 105 - wire actions use full uint32 ticks and strict bounded MessagePack tuples
  ---
  duration_ms: 0.61975
  ...
# Subtest: independent stream fills holes, permits older repairs after watermark, ignores reordered watermarks
ok 106 - independent stream fills holes, permits older repairs after watermark, ignores reordered watermarks
  ---
  duration_ms: 0.132833
  ...
# Subtest: conflicting IDs, incomparable promises, chronological inversion and reused gesture are atomic faults
ok 107 - conflicting IDs, incomparable promises, chronological inversion and reused gesture are atomic faults
  ---
  duration_ms: 0.188084
  ...
# Subtest: whole world advances with no action packets, then bounded rollback exactly reconstructs late actions
ok 108 - whole world advances with no action packets, then bounded rollback exactly reconstructs late actions
  ---
  duration_ms: 67.349875
  ...
# Subtest: all same-tick press/release packet permutations yield exactly one identical shot
ok 109 - all same-tick press/release packet permutations yield exactly one identical shot
  ---
  duration_ms: 137.605166
  ...
# Subtest: replacement press restarts charge; old release cannot fire the newer gesture
ok 110 - replacement press restarts charge; old release cannot fire the newer gesture
  ---
  duration_ms: 4.617916
  ...
# Subtest: missing press never invents charge; cancel and aiming preserve per-action target order
ok 111 - missing press never invents charge; cancel and aiming preserve per-action target order
  ---
  duration_ms: 9.817084
  ...
# Subtest: idle repair delivers a lost final release; receipt loss never duplicates shots
ok 112 - idle repair delivers a lost final release; receipt loss never duplicates shots
  ---
  duration_ms: 6.622041
  ...
# Subtest: origin immediately sends newest plus old gap records; backpressure repair is paced and bounded
ok 113 - origin immediately sends newest plus old gap records; backpressure repair is paced and bounded
  ---
  duration_ms: 17.00425
  ...
# Subtest: finality waits for cross-channel input gaps, then emits derived effects exactly once
ok 114 - finality waits for cross-channel input gaps, then emits derived effects exactly once
  ---
  duration_ms: 23.9445
  ...
# Subtest: finalized bootstrap uses applied prefixes, leaving already received future actions for suffix replay
ok 115 - finalized bootstrap uses applied prefixes, leaving already received future actions for suffix replay
  ---
  duration_ms: 46.879292
  ...
# Subtest: speculation pauses at its fixed bound and resumes after verified finality
ok 116 - speculation pauses at its fixed bound and resumes after verified finality
  ---
  duration_ms: 62.877792
  ...
# Subtest: malformed/future/wrong-owner/stale-segment messages do not alter healthy world
ok 117 - malformed/future/wrong-owner/stale-segment messages do not alter healthy world
  ---
  duration_ms: 9.451417
  ...
# Subtest: invalid bootstrap, changed rules, corrupt state and wrong scope never instantiate a replica
ok 118 - invalid bootstrap, changed rules, corrupt state and wrong scope never instantiate a replica
  ---
  duration_ms: 22.741083
  ...
# Subtest: encoded history budget rejects growth atomically rather than discarding rollback dependencies
ok 119 - encoded history budget rejects growth atomically rather than discarding rollback dependencies
  ---
  duration_ms: 6.540542
  ...
# Subtest: six independently advancing replicas converge through delayed/reordered delivery for five streams
ok 120 - six independently advancing replicas converge through delayed/reordered delivery for five streams
  ---
  duration_ms: 15406.178042
  ...
# Subtest: new completeness cuts preserve older promises and already certified progress
ok 121 - new completeness cuts preserve older promises and already certified progress
  ---
  duration_ms: 0.188375
  ...
# Subtest: watermark cuts, including empty periods, have a hard retention bound
ok 122 - watermark cuts, including empty periods, have a hard retention bound
  ---
  duration_ms: 0.710792
  ...
# Subtest: bootstrap rejects a rehashed impossible gesture state, not only corrupt hashes
ok 123 - bootstrap rejects a rehashed impossible gesture state, not only corrupt hashes
  ---
  duration_ms: 1.402292
  ...
# Subtest: older complete finality advances while newer certificates still await input repair
ok 124 - older complete finality advances while newer certificates still await input repair
  ---
  duration_ms: 51.372
  ...
# Subtest: pending certificates normalize prefix order and reject conflicts without bypassing a bad older hash
ok 125 - pending certificates normalize prefix order and reject conflicts without bypassing a bad older hash
  ---
  duration_ms: 15.874459
  ...
# Subtest: pending finality has a forty-tick bound and encoded-byte admission is atomic
ok 126 - pending finality has a forty-tick bound and encoded-byte admission is atomic
  ---
  duration_ms: 10.061167
  ...
# Subtest: lost receipts retain the oldest gap without starving rotation through the unacknowledged tail
ok 127 - lost receipts retain the oldest gap without starving rotation through the unacknowledged tail
  ---
  duration_ms: 0.573041
  ...
# Subtest: delivery exact cuts exclude future groups and cannot contradict retained actions
ok 128 - delivery exact cuts exclude future groups and cannot contradict retained actions
  ---
  duration_ms: 0.110333
  ...
# Subtest: remote future staging derives from both clock uncertainties without extending the execution horizon
ok 129 - remote future staging derives from both clock uncertainties without extending the execution horizon
  ---
  duration_ms: 28.83
  ...
# Subtest: recovery distinguishes invalid action admission from verified finality disagreement
ok 130 - recovery distinguishes invalid action admission from verified finality disagreement
  ---
  duration_ms: 5.57725
  ...
# Subtest: combined progress rejects late conflicts atomically, including pending finality and events
ok 131 - combined progress rejects late conflicts atomically, including pending finality and events
  ---
  duration_ms: 16.179666
  ...
# Subtest: presentation history is exact after rollback, survives finality pruning and stays bounded
ok 132 - presentation history is exact after rollback, survives finality pruning and stays bounded
  ---
  duration_ms: 21.566292
  ...
# Subtest: a late action exposing a corrupt pending finality cannot mutate simulation or presentation history
ok 133 - a late action exposing a corrupt pending finality cannot mutate simulation or presentation history
  ---
  duration_ms: 7.789125
  ...
# Subtest: ordinary rounds advance on their deterministic deadline with neutral controls and persistent gesture identity
ok 134 - ordinary rounds advance on their deterministic deadline with neutral controls and persistent gesture identity
  ---
  duration_ms: 5.202375
  ...
# Subtest: late reordered actions across an automatic round boundary replay to the identical world
ok 135 - late reordered actions across an automatic round boundary replay to the identical world
  ---
  duration_ms: 12.673042
  ...
# Subtest: pending round settings survive validated bootstrap and apply without changing the active match format
ok 136 - pending round settings survive validated bootstrap and apply without changing the active match format
  ---
  duration_ms: 9.703417
  ...
# Subtest: automatic round progression waits when fewer than two participants remain connected
ok 137 - automatic round progression waits when fewer than two participants remain connected
  ---
  duration_ms: 1.694416
  ...
# Subtest: direct stepping without explicit match settings keeps shared defaults when applying pending round settings
ok 138 - direct stepping without explicit match settings keeps shared defaults when applying pending round settings
  ---
  duration_ms: 3.0645
  ...
# Subtest: compact control admits only complete bounded clock and finality schemas
ok 139 - compact control admits only complete bounded clock and finality schemas
  ---
  duration_ms: 3.887208
  ...
# Subtest: each pair elects one initiator, with the follower initiating clock exchanges
ok 140 - each pair elects one initiator, with the follower initiating clock exchanges
  ---
  duration_ms: 0.475
  ...
# Subtest: quiet healthy pairs exchange one request/reply per second and confirm both directions
ok 141 - quiet healthy pairs exchange one request/reply per second and confirm both directions
  ---
  duration_ms: 4.144041
  ...
# Subtest: lost replies and rejected enqueues retry with fresh IDs then return to the quiet cadence
ok 142 - lost replies and rejected enqueues retry with fresh IDs then return to the quiet cadence
  ---
  duration_ms: 1.007167
  ...
# Subtest: one-sided loss cannot keep the responder healthy with fresh requests alone
ok 143 - one-sided loss cannot keep the responder healthy with fresh requests alone
  ---
  duration_ms: 3.368084
  ...
# Subtest: replayed or reordered heartbeat IDs cannot reinstall data or refresh acknowledgement time
ok 144 - replayed or reordered heartbeat IDs cannot reinstall data or refresh acknowledgement time
  ---
  duration_ms: 0.3195
  ...
# Subtest: late or unsolicited replies cannot qualify a clock or link
ok 145 - late or unsolicited replies cannot qualify a clock or link
  ---
  duration_ms: 3.54925
  ...
# Subtest: shape, nested alias/nonce, role and byte checks precede application acceptance
ok 146 - shape, nested alias/nonce, role and byte checks precede application acceptance
  ---
  duration_ms: 0.498042
  ...
# Subtest: a rejected application candidate consumes no incoming identity or health evidence
ok 147 - a rejected application candidate consumes no incoming identity or health evidence
  ---
  duration_ms: 0.141833
  ...
# Subtest: fast qualification is bounded, stop clears attempts, and sequence exhaustion never wraps
ok 148 - fast qualification is bounded, stop clears attempts, and sequence exhaustion never wraps
  ---
  duration_ms: 6.948417
  ...
# Subtest: maximum integer cuts, receipts and certificate fit the complete fast packet budget
ok 149 - maximum integer cuts, receipts and certificate fit the complete fast packet budget
  ---
  duration_ms: 0.693375
  ...
# Subtest: non-clock pairs accept delayed liveness evidence only within its 2.5 second window
ok 150 - non-clock pairs accept delayed liveness evidence only within its 2.5 second window
  ---
  duration_ms: 0.229625
  ...
# Subtest: stopping a scope inside application callbacks prevents sends and acknowledgement installation
ok 151 - stopping a scope inside application callbacks prevents sends and acknowledgement installation
  ---
  duration_ms: 0.177167
  ...
# Subtest: synchronous request and reply delivery preserves pending correlation and quiet cadence
ok 152 - synchronous request and reply delivery preserves pending correlation and quiet cadence
  ---
  duration_ms: 0.168167
  ...
# Subtest: a responder stopped while constructing or sending its reply cannot establish remote proof
ok 153 - a responder stopped while constructing or sending its reply cannot establish remote proof
  ---
  duration_ms: 0.177709
  ...
# Subtest: one-second exchanges carry real correlated clock samples without separate probes
ok 154 - one-second exchanges carry real correlated clock samples without separate probes
  ---
  duration_ms: 3.324958
  ...
# Subtest: immutable roster permissions authorize disjoint action and receipt slot flows
ok 155 - immutable roster permissions authorize disjoint action and receipt slot flows
  ---
  duration_ms: 0.600334
  ...
# Subtest: flow burst and refill are exact, and repeated binding never refills them
ok 156 - flow burst and refill are exact, and repeated binding never refills them
  ---
  duration_ms: 0.414959
  ...
# Subtest: five legitimate100Hz stream flows preserve their separate liveness allowance
ok 157 - five legitimate100Hz stream flows preserve their separate liveness allowance
  ---
  duration_ms: 2.886709
  ...
# Subtest: liveness has a reserved burst even when all five flow bursts are used
ok 158 - liveness has a reserved burst even when all five flow bursts are used
  ---
  duration_ms: 0.333875
  ...
# Subtest: packet limits apply before parsing and the association budget survives alias changes
ok 159 - packet limits apply before parsing and the association budget survives alias changes
  ---
  duration_ms: 0.417791
  ...
# Subtest: one aggregate consumes one reserved token after every nested slot is authorized
ok 160 - one aggregate consumes one reserved token after every nested slot is authorized
  ---
  duration_ms: 0.179959
  ...
# Subtest: seeded jitter reorders fast actions but keeps reliable messages ordered and copies queued binary data
ok 161 - seeded jitter reorders fast actions but keeps reliable messages ordered and copies queued binary data
  ---
  duration_ms: 1.039292
  ...
# Subtest: fast loss leaves reliable delivery intact and shared sender bandwidth delays both channels
ok 162 - fast loss leaves reliable delivery intact and shared sender bandwidth delays both channels
  ---
  duration_ms: 0.098666
  ...
# Subtest: fixture queues are bounded and report overflow and closed sends explicitly
ok 163 - fixture queues are bounded and report overflow and closed sends explicitly
  ---
  duration_ms: 5.388
  ...
# Subtest: per-channel buffered amount excludes propagation delay after shared serialization and resets on stop
ok 164 - per-channel buffered amount excludes propagation delay after shared serialization and resets on stop
  ---
  duration_ms: 0.106708
  ...
# Subtest: held controls emit only edges, with independent wire and UI sequence numbering
ok 165 - held controls emit only edges, with independent wire and UI sequence numbering
  ---
  duration_ms: 13.824166
  ...
# Subtest: a local change group is atomic until the caller installs the candidate
ok 166 - a local change group is atomic until the caller installs the candidate
  ---
  duration_ms: 1.245125
  ...
# Subtest: all subscriber candidates admit a full group before bytes, and failed enqueue retains it for repair
ok 167 - all subscriber candidates admit a full group before bytes, and failed enqueue retains it for repair
  ---
  duration_ms: 0.514041
  ...
# Subtest: press replacement, missing press, release and neutral cancellation preserve gesture semantics
ok 168 - press replacement, missing press, release and neutral cancellation preserve gesture semantics
  ---
  duration_ms: 0.120083
  ...
# Subtest: origin exact cuts cannot cover future actions or permit a later action before the cut
ok 169 - origin exact cuts cannot cover future actions or permit a later action before the cut
  ---
  duration_ms: 0.238625
  ...
# Subtest: invalid local frames and exhausted ticks consume neither revisions nor actions
ok 170 - invalid local frames and exhausted ticks consume neither revisions nor actions
  ---
  duration_ms: 0.204625
  ...
# Subtest: future start requires coordinator confirmation, and both clocks advance without gameplay packets
ok 171 - future start requires coordinator confirmation, and both clocks advance without gameplay packets
  ---
  duration_ms: 0.601167
  ...
# Subtest: lowest RTT filtering tolerates valid asymmetric delay without a false four-tick fault
ok 172 - lowest RTT filtering tolerates valid asymmetric delay without a false four-tick fault
  ---
  duration_ms: 0.113833
  ...
# Subtest: running clock slews in either direction at one tick per second and never moves backward
ok 173 - running clock slews in either direction at one tick per second and never moves backward
  ---
  duration_ms: 0.2095
  ...
# Subtest: scope fences, expired and reordered replies cannot move time or refresh readiness
ok 174 - scope fences, expired and reordered replies cannot move time or refresh readiness
  ---
  duration_ms: 0.155709
  ...
# Subtest: discrepancy and monotonic-clock faults stay latched, including on the coordinator
ok 175 - discrepancy and monotonic-clock faults stay latched, including on the coordinator
  ---
  duration_ms: 0.254
  ...
# Subtest: stale baseline recovery remains conservative, and a failed release cannot revive after a fresh sample
ok 176 - stale baseline recovery remains conservative, and a failed release cannot revive after a fresh sample
  ---
  duration_ms: 0.173584
  ...
# Subtest: origin bounds unpublished tick frontiers and publishing a cut restores capacity atomically
ok 177 - origin bounds unpublished tick frontiers and publishing a cut restores capacity atomically
  ---
  duration_ms: 0.422916
  ...
# Subtest: expiry cannot turn an uncertain idle clock into a qualified projection
ok 178 - expiry cannot turn an uncertain idle clock into a qualified projection
  ---
  duration_ms: 0.094417
  ...
# Subtest: uncertainty admission persists even when no read occurs before samples expire
ok 179 - uncertainty admission persists even when no read occurs before samples expire
  ---
  duration_ms: 0.155542
  ...
# Subtest: heartbeat nonces are unique, bounded and correlated with pending clock samples
ok 180 - heartbeat nonces are unique, bounded and correlated with pending clock samples
  ---
  duration_ms: 0.111291
  ...
# Subtest: quiet clock projection grows drift uncertainty and retains it after sample expiry
ok 181 - quiet clock projection grows drift uncertainty and retains it after sample expiry
  ---
  duration_ms: 0.084166
  ...
# Subtest: drift during an asymmetric clock exchange remains inside the reported interval
ok 182 - drift during an asymmetric clock exchange remains inside the reported interval
  ---
  duration_ms: 0.078333
  ...
# Subtest: a prepared clock reply cannot consume the live nonce until its whole aggregate is adopted
ok 183 - a prepared clock reply cannot consume the live nonce until its whole aggregate is adopted
  ---
  duration_ms: 0.1195
  ...
# Subtest: finalized-round cancellation preserves wire identities and does not consume the next UI revision
ok 184 - finalized-round cancellation preserves wire identities and does not consume the next UI revision
  ---
  duration_ms: 0.118625
  ...
# Subtest: round reset preserves the initial and exhausted UI revision values
ok 185 - round reset preserves the initial and exhausted UI revision values
  ---
  duration_ms: 0.081458
  ...
# Subtest: interpolation supplies only earlier discrete world geometry and the actual partial rider trail
ok 186 - interpolation supplies only earlier discrete world geometry and the actual partial rider trail
  ---
  duration_ms: 20.948459
  ...
# Subtest: phase, portal and death discontinuities never expose a future pose or invent a trail chord
ok 187 - phase, portal and death discontinuities never expose a future pose or invent a trail chord
  ---
  duration_ms: 1.008625
  ...
# Subtest: adaptive delay is bounded, grows on late executable input and cannot move playback backward
ok 188 - adaptive delay is bounded, grows on late executable input and cannot move playback backward
  ---
  duration_ms: 1.098917
  ...
# Subtest: quiet traffic retains adverse evidence; only fresh action samples reduce delay, with bounded retention
ok 189 - quiet traffic retains adverse evidence; only fresh action samples reduce delay, with bounded retention
  ---
  duration_ms: 2.2105
  ...
# Subtest: replacement history corrects the same previously presented tick; a new segment starts clean
ok 190 - replacement history corrects the same previously presented tick; a new segment starts clean
  ---
  duration_ms: 1.019583
  ...
# Subtest: shell interpolation rejects multiple bounces even when the final velocity matches the initial velocity
ok 191 - shell interpolation rejects multiple bounces even when the final velocity matches the initial velocity
  ---
  duration_ms: 0.897958
  ...
# Subtest: initial room preparation accepts tick-stamped snapshots and rejects unknown snapshot fields
ok 192 - initial room preparation accepts tick-stamped snapshots and rejects unknown snapshot fields
  ---
  duration_ms: 45.242417
  ...
# Subtest: lifecycle changes reproduce validated management operations with neutral input state
ok 193 - lifecycle changes reproduce validated management operations with neutral input state
  ---
  duration_ms: 21.127667
  ...
# Subtest: lifecycle checkpoint validation fences the actual old state and leaves healthy state untouched
ok 194 - lifecycle checkpoint validation fences the actual old state and leaves healthy state untouched
  ---
  duration_ms: 13.410084
  ...
# Subtest: controller status contains no world geometry and cannot change stream ownership
ok 195 - controller status contains no world geometry and cannot change stream ownership
  ---
  duration_ms: 19.477875
  ...
# Subtest: room catalogs and delegation validate identities and mode-specific simulator ownership
ok 196 - room catalogs and delegation validate identities and mode-specific simulator ownership
  ---
  duration_ms: 1.832834
  ...
# Subtest: played lobby catalog reconstructs the exact nonzero-tick checkpoint and ordered historical scores
ok 197 - played lobby catalog reconstructs the exact nonzero-tick checkpoint and ordered historical scores
  ---
  duration_ms: 22.236709
  ...
# Subtest: full-view preparation rejects a valid checkpoint paired with a different phase, round or status
ok 198 - full-view preparation rejects a valid checkpoint paired with a different phase, round or status
  ---
  duration_ms: 31.510291
  ...
# Subtest: serialized reuse references and ACKs enforce closed tuples, bounds and non-tick operations
ok 199 - serialized reuse references and ACKs enforce closed tuples, bounds and non-tick operations
  ---
  duration_ms: 4.248541
  ...
# Subtest: local reuse and checkpoint derivation produce identical bytes and reject altered base or output proofs atomically
ok 200 - local reuse and checkpoint derivation produce identical bytes and reject altered base or output proofs atomically
  ---
  duration_ms: 80.774291
  ...
# Subtest: reuse eligibility retains the original authority and source/local connections across roster changes
ok 201 - reuse eligibility retains the original authority and source/local connections across roster changes
  ---
  duration_ms: 0.581542
  ...
# Subtest: a reference cannot bypass a newer finalized fence on fallback
ok 202 - a reference cannot bypass a newer finalized fence on fallback
  ---
  duration_ms: 19.230625
  ...
# Subtest: reference admission counts MessagePack containers and the largest complete recipient envelope
ok 203 - reference admission counts MessagePack containers and the largest complete recipient envelope
  ---
  duration_ms: 23.176583
  ...
# Subtest: pending powerup settings derive identically from the authenticated plan on reuse and checkpoint fallback
ok 204 - pending powerup settings derive identically from the authenticated plan on reuse and checkpoint fallback
  ---
  duration_ms: 34.065791
  ...
# Subtest: runtime activates direct simulators, starts a match and sends actions directly between guests
ok 205 - runtime activates direct simulators, starts a match and sends actions directly between guests
  ---
  duration_ms: 424.970042
  ...
# Subtest: a failed first recovery enqueue is retried and replaces the paused segment
ok 206 - a failed first recovery enqueue is retried and replaces the paused segment
  ---
  duration_ms: 218.0305
  ...
# Subtest: an unavailable recovery coordinator produces a bounded visible fresh-lobby state
ok 207 - an unavailable recovery coordinator produces a bounded visible fresh-lobby state
  ---
  duration_ms: 127.127833
  ...
# Subtest: a release without a usable tick freezes its gesture before a fresh clock can resume input
ok 208 - a release without a usable tick freezes its gesture before a fresh clock can resume input
  ---
  duration_ms: 488.068541
  ...
# Subtest: a refreshed delegated TV without a simulation base pauses instead of creating a new match
ok 209 - a refreshed delegated TV without a simulation base pauses instead of creating a new match
  ---
  duration_ms: 96.376041
  ...
# Subtest: creator refresh in a settled lobby preserves the checkpoint and can switch to shared TV mode
ok 210 - creator refresh in a settled lobby preserves the checkpoint and can switch to shared TV mode
  ---
  duration_ms: 280.629875
  ...
# Subtest: a refreshed guest can rejoin with a fresh command sequence on its replacement connection
ok 211 - a refreshed guest can rejoin with a fresh command sequence on its replacement connection
  ---
  duration_ms: 81.786792
  ...
# Subtest: four healthy connection rebuilds do not consume the corrupt-state recovery budget
ok 212 - four healthy connection rebuilds do not consume the corrupt-state recovery budget
  ---
  duration_ms: 247.081959
  ...
# Subtest: a running recovery episode cannot reset its deadline through clock readiness without finality
ok 213 - a running recovery episode cannot reset its deadline through clock readiness without finality
  ---
  duration_ms: 503.238542
  ...
# Subtest: a delegated coordinator stops retrying an unavailable creator after the plan-request deadline
ok 214 - a delegated coordinator stops retrying an unavailable creator after the plan-request deadline
  ---
  duration_ms: 67.641791
  ...
# Subtest: a delayed current-alias activation cannot resume a latched recovery timeout
ok 215 - a delayed current-alias activation cannot resume a latched recovery timeout
  ---
  duration_ms: 356.409208
  ...
# Subtest: a guest returns after a service-observed departure and lobby seat removal
ok 216 - a guest returns after a service-observed departure and lobby seat removal
  ---
  duration_ms: 84.005417
  ...
# Subtest: invalid future actions do not consume the checkpoint and hash recovery budget
ok 217 - invalid future actions do not consume the checkpoint and hash recovery budget
  ---
  duration_ms: 153.067041
  ...
# Subtest: conflicting metadata for an installed preparation charges one corrupt recovery attempt
ok 218 - conflicting metadata for an installed preparation charges one corrupt recovery attempt
  ---
  duration_ms: 72.192375
  ...
# Subtest: checkpoint backpressure pauses preparation and resumes the same transfer after drain
ok 219 - checkpoint backpressure pauses preparation and resumes the same transfer after drain
  ---
  duration_ms: 69.594917
  ...
# Subtest: header and header-ACK enqueue failures retry delivery without substituting for readiness
ok 220 - header and header-ACK enqueue failures retry delivery without substituting for readiness
  ---
  duration_ms: 80.894208
  ...
# Subtest: header retries distinguish failed enqueue from a queued header awaiting acknowledgement
ok 221 - header retries distinguish failed enqueue from a queued header awaiting acknowledgement
  ---
  duration_ms: 77.865625
  ...
# Subtest: stale or malformed header acknowledgements cannot stop preparation delivery
ok 222 - stale or malformed header acknowledgements cannot stop preparation delivery
  ---
  duration_ms: 50.48425
  ...
# Subtest: checkpoint chunks alternate eligible recipients with one successful enqueue per scheduler tick
ok 223 - checkpoint chunks alternate eligible recipients with one successful enqueue per scheduler tick
  ---
  duration_ms: 51.479708
  ...
# Subtest: synchronous authority replacement during a chunk send retires the old transfer immediately
ok 224 - synchronous authority replacement during a chunk send retires the old transfer immediately
  ---
  duration_ms: 37.541583
  ...
# Subtest: synchronous end during a header send stops other recipient sends in the same tick
ok 225 - synchronous end during a header send stops other recipient sends in the same tick
  ---
  duration_ms: 39.499875
  ...
# Subtest: persistent checkpoint backpressure cannot extend the recovery deadline indefinitely
ok 226 - persistent checkpoint backpressure cannot extend the recovery deadline indefinitely
  ---
  duration_ms: 266.817833
  ...
# Subtest: new creator plans cannot postpone an unfinished guest recovery episode indefinitely
ok 227 - new creator plans cannot postpone an unfinished guest recovery episode indefinitely
  ---
  duration_ms: 260.730791
  ...
# Subtest: an accepted plan without a preparation header times out visibly
ok 228 - an accepted plan without a preparation header times out visibly
  ---
  duration_ms: 259.692209
  ...
# Subtest: new plans without any headers cannot restart the guest availability deadline
ok 229 - new plans without any headers cannot restart the guest availability deadline
  ---
  duration_ms: 257.492208
  ...
# Subtest: settled room metadata stops repeating until a lifecycle change
ok 230 - settled room metadata stops repeating until a lifecycle change
  ---
  duration_ms: 93.129375
  ...
# Subtest: a rejected plan enqueue and missing acknowledgement retry without reinstalling the plan
ok 231 - a rejected plan enqueue and missing acknowledgement retry without reinstalling the plan
  ---
  duration_ms: 77.285417
  ...
# Subtest: stale and foreign acknowledgements cannot stop paced plan delivery, even with duplicate hellos
ok 232 - stale and foreign acknowledgements cannot stop paced plan delivery, even with duplicate hellos
  ---
  duration_ms: 62.960667
  ...
# Subtest: only an identical current plan duplicate receives another delivery acknowledgement
ok 233 - only an identical current plan duplicate receives another delivery acknowledgement
  ---
  duration_ms: 61.842667
  ...
# Subtest: delegated setup request retries do not resend an already acknowledged room plan
ok 234 - delegated setup request retries do not resend an already acknowledged room plan
  ---
  duration_ms: 38.511417
  ...
# Subtest: an intentionally idle shared lobby does not keep a previous simulation recovery deadline running
ok 235 - an intentionally idle shared lobby does not keep a previous simulation recovery deadline running
  ---
  duration_ms: 278.954334
  ...
# Subtest: freezing a runtime deactivates its installed alias before another preparation
ok 236 - freezing a runtime deactivates its installed alias before another preparation
  ---
  duration_ms: 64.792458
  ...
# Subtest: exact lifecycle bases activate without checkpoint chunks even when the bulk lane is blocked
ok 237 - exact lifecycle bases activate without checkpoint chunks even when the bulk lane is blocked
  ---
  duration_ms: 117.930416
  ...
# Subtest: only a peer without an eligible base downloads the lifecycle payload
ok 238 - only a peer without an eligible base downloads the lifecycle payload
  ---
  duration_ms: 115.735042
  ...
# Subtest: a conflicting payload ACK fails the current preparation without accepting a new transfer mode
ok 239 - a conflicting payload ACK fails the current preparation without accepting a new transfer mode
  ---
  duration_ms: 52.866917
  ...
# Subtest: delayed remote rendering preserves immediate local steering without advancing simulation or sending packets
ok 240 - delayed remote rendering preserves immediate local steering without advancing simulation or sending packets
  ---
  duration_ms: 119.958375
  ...
# Subtest: an unqualified clock freezes the complete last rendered scene including the local overlay
ok 241 - an unqualified clock freezes the complete last rendered scene including the local overlay
  ---
  duration_ms: 152.663791
  ...
# Subtest: discarding the simulator retires cached rendering and idle catalogs stay current before TV activation
ok 242 - discarding the simulator retires cached rendering and idle catalogs stay current before TV activation
  ---
  duration_ms: 233.650708
  ...
# Subtest: individual views and shared-TV controllers play consecutive rounds in one segment without checkpoint traffic
ok 243 - individual views and shared-TV controllers play consecutive rounds in one segment without checkpoint traffic
  ---
  duration_ms: 1818.39275
  ...
# Subtest: shared-controller statuses retain departed human and exact bot identities across rounds
ok 244 - shared-controller statuses retain departed human and exact bot identities across rounds
  ---
  duration_ms: 466.066041
  ...
# Subtest: only the installed coordinator pause freezes play while a delayed replacement plan arrives
ok 245 - only the installed coordinator pause freezes play while a delayed replacement plan arrives
  ---
  duration_ms: 165.063875
  ...
# Subtest: duplicate coordinator pauses cannot postpone the missing-plan recovery deadline
ok 246 - duplicate coordinator pauses cannot postpone the missing-plan recovery deadline
  ---
  duration_ms: 167.718416
  ...
# Subtest: a paused controller keeps its published scene despite queued old-segment status
ok 247 - a paused controller keeps its published scene despite queued old-segment status
  ---
  duration_ms: 77.120166
  ...
# Subtest: transient pulse activation failure on p0 retains the frozen world and retries the same prepared match
ok 248 - transient pulse activation failure on p0 retains the frozen world and retries the same prepared match
  ---
  duration_ms: 125.086042
  ...
# Subtest: transient pulse activation failure on p1 retains the frozen world and retries the same prepared match
ok 249 - transient pulse activation failure on p1 retains the frozen world and retries the same prepared match
  ---
  duration_ms: 132.123083
  ...
# Subtest: permanently unavailable pulse activation retains the bounded setup and recovery deadlines
ok 250 - permanently unavailable pulse activation retains the bounded setup and recovery deadlines
  ---
  duration_ms: 162.078708
  ...
# Subtest: authority replacement during pulse activation cannot publish or acknowledge the retired preparation
ok 251 - authority replacement during pulse activation cannot publish or acknowledge the retired preparation
  ---
  duration_ms: 41.323875
  ...
# Subtest: an activation callback cannot install a prepared world after setup expiry before the scheduler runs
ok 252 - an activation callback cannot install a prepared world after setup expiry before the scheduler runs
  ---
  duration_ms: 43.5485
  ...
# Subtest: six live segments independently advance and finalize continuous inputs under loss and reordering
ok 253 - six live segments independently advance and finalize continuous inputs under loss and reordering
  ---
  duration_ms: 2868.730833
  ...
# Subtest: shared TV is the only simulator while five controller origins send directly to it
ok 254 - shared TV is the only simulator while five controller origins send directly to it
  ---
  duration_ms: 69.225834
  ...
# Subtest: coordinator traffic is unnecessary for immediate peer actions, then clock/finality loss pauses safely
ok 255 - coordinator traffic is unnecessary for immediate peer actions, then clock/finality loss pauses safely
  ---
  duration_ms: 266.852792
  ...
# Subtest: provisional eliminations cannot publish death or placements before verified finality
ok 256 - provisional eliminations cannot publish death or placements before verified finality
  ---
  duration_ms: 4.424708
  ...
# Subtest: controller finality is coordinator-scoped and conflicting progress cannot overwrite the accepted fence
ok 257 - controller finality is coordinator-scoped and conflicting progress cannot overwrite the accepted fence
  ---
  duration_ms: 8.708458
  ...
# Subtest: asymmetric clock samples and opposite follower errors retain valid future actions without executing early
ok 258 - asymmetric clock samples and opposite follower errors retain valid future actions without executing early
  ---
  duration_ms: 555.119417
  ...
# Subtest: initial progress grace is bounded and replayed base cuts cannot postpone it
ok 259 - initial progress grace is bounded and replayed base cuts cannot postpone it
  ---
  duration_ms: 152.616208
  ...
# Subtest: replayed progress cannot prevent bounded synchronization when an origin falls silent
ok 260 - replayed progress cannot prevent bounded synchronization when an origin falls silent
  ---
  duration_ms: 259.98375
  ...
# Subtest: uncertain clocks stop input, cuts and world advancement, and a failed release never revives
ok 261 - uncertain clocks stop input, cuts and world advancement, and a failed release never revives
  ---
  duration_ms: 4.048083
  ...
# Subtest: quiet gameplay has one heartbeat exchange per pair per second and no idle action or clock loop
ok 262 - quiet gameplay has one heartbeat exchange per pair per second and no idle action or clock loop
  ---
  duration_ms: 4879.376875
  ...
# {"durationMs":10000,"counts":{"pulse":300,"final":50},"applicationUploadBytesPerSecond":[{"peer":"p0","bytes":611},{"peer":"p1","bytes":101},{"peer":"p2","bytes":101},{"peer":"p3","bytes":101},{"peer":"p4","bytes":101},{"peer":"tv","bytes":79}]}
# Subtest: a heartbeat with an unauthorized nested receipt cannot install its otherwise valid cut
ok 263 - a heartbeat with an unauthorized nested receipt cannot install its otherwise valid cut
  ---
  duration_ms: 24.684083
  ...
# Subtest: newer or duplicate confirmation requests cannot postpone failed delivery expiry
ok 264 - newer or duplicate confirmation requests cannot postpone failed delivery expiry
  ---
  duration_ms: 0.533167
  ...
# Subtest: a reordered old piggyback receipt does not discard a fresh clock sample
ok 265 - a reordered old piggyback receipt does not discard a fresh clock sample
  ---
  duration_ms: 0.316875
  ...
# Subtest: countdown transition is publicly confirmed promptly between periodic certificate ticks
ok 266 - countdown transition is publicly confirmed promptly between periodic certificate ticks
  ---
  duration_ms: 31.982708
  ...
# Subtest: an enqueued but lost certificate pulse cannot cancel reliable finality retry
ok 267 - an enqueued but lost certificate pulse cannot cancel reliable finality retry
  ---
  duration_ms: 12.200084
  ...
# Subtest: presentation samples newly executable remote actions once, including a repaired sequence gap
ok 268 - presentation samples newly executable remote actions once, including a repaired sequence gap
  ---
  duration_ms: 25.287875
  ...
# Subtest: speculative next-round spawning cannot replace the finalized presentation scene
ok 269 - speculative next-round spawning cannot replace the finalized presentation scene
  ---
  duration_ms: 2.596084
  ...
# Subtest: a participant behind coordinator finality can request fresh completeness from already-finalized origins
ok 270 - a participant behind coordinator finality can request fresh completeness from already-finalized origins
  ---
  duration_ms: 221.826041
  ...
# Subtest: losing one quiet heartbeat path does not strand a view behind finality while direct progress repair remains available
ok 271 - losing one quiet heartbeat path does not strand a view behind finality while direct progress repair remains available
  ---
  duration_ms: 1995.579
  ...
# Subtest: simultaneous behind-peer requests share one origin-confirmation fanout and reject wrong scopes
ok 272 - simultaneous behind-peer requests share one origin-confirmation fanout and reject wrong scopes
  ---
  duration_ms: 176.933458
  ...
# Subtest: fresh finality retains urgent delivery while duplicate repairs and failed enqueues wait 250 ms
ok 273 - fresh finality retains urgent delivery while duplicate repairs and failed enqueues wait 250 ms
  ---
  duration_ms: 4.134
  ...
# Subtest: integrated sway remains within 15 degrees and leaves zero heading drift for many seeded effects
ok 274 - integrated sway remains within 15 degrees and leaves zero heading drift for many seeded effects
  ---
  duration_ms: 19.883834
  ...
# Subtest: two-second cycle preserves phase during refresh and smooth onset/expiry
ok 275 - two-second cycle preserves phase during refresh and smooth onset/expiry
  ---
  duration_ms: 0.1395
  ...
# Subtest: engine adds bounded sway to ordinary steering and restores intended heading at expiry
ok 276 - engine adds bounded sway to ordinary steering and restores intended heading at expiry
  ---
  duration_ms: 16.835708
  ...
# Subtest: late refresh stays bounded and leaves no residual at the extended deadline
ok 277 - late refresh stays bounded and leaves no residual at the extended deadline
  ---
  duration_ms: 0.152708
  ...
# Subtest: durationText rounds whole seconds before splitting minutes so 59.95s never renders as "60s"
ok 278 - durationText rounds whole seconds before splitting minutes so 59.95s never renders as "60s"
  ---
  duration_ms: 0.409834
  ...
# Subtest: spawns two through five players evenly on a circle with clockwise tangent headings
ok 279 - spawns two through five players evenly on a circle with clockwise tangent headings
  ---
  duration_ms: 2.670583
  ...
# Subtest: replaying the same accepted inputs produces the same snapshots and events
ok 280 - replaying the same accepted inputs produces the same snapshots and events
  ---
  duration_ms: 77.9035
  ...
# Subtest: trail segments remain active through T+159 and expire exactly at T+160
ok 281 - trail segments remain active through T+159 and expire exactly at T+160
  ---
  duration_ms: 0.612834
  ...
# Subtest: a due blast removes an intersecting segment before trail collision
ok 282 - a due blast removes an intersecting segment before trail collision
  ---
  duration_ms: 0.600959
  ...
# Subtest: swept movement collides with an old trail even when the endpoint has crossed it
ok 283 - swept movement collides with an old trail even when the endpoint has crossed it
  ---
  duration_ms: 0.459583
  ...
# Subtest: recent self trail is ignored but becomes lethal at the exact grace boundary
ok 284 - recent self trail is ignored but becomes lethal at the exact grace boundary
  ---
  duration_ms: 0.96975
  ...
# Subtest: head-on swept rider collision eliminates both and produces a draw
ok 285 - head-on swept rider collision eliminates both and produces a draw
  ---
  duration_ms: 1.390292
  ...
# Subtest: bomb input charges, launches on release, caps one live bomb, chains once, and observes cooldown
ok 286 - bomb input charges, launches on release, caps one live bomb, chains once, and observes cooldown
  ---
  duration_ms: 14.526292
  ...
# Subtest: quick bomb action bursts launch at minimum range and cancel paths never launch
ok 287 - quick bomb action bursts launch at minimum range and cancel paths never launch
  ---
  duration_ms: 19.042125
  ...
# Subtest: charged launches cap and clamp to the active safe interior
ok 288 - charged launches cap and clamp to the active safe interior
  ---
  duration_ms: 2.16675
  ...
# Subtest: a flying bomb cannot explode or chain-trigger before landing
ok 289 - a flying bomb cannot explode or chain-trigger before landing
  ---
  duration_ms: 0.459833
  ...
# Subtest: Triple Shot releases one deterministic straight three-bomb volley
ok 290 - Triple Shot releases one deterministic straight three-bomb volley
  ---
  duration_ms: 0.718709
  ...
# Subtest: invalid release and cancellation preserve launch modifiers
ok 291 - invalid release and cancellation preserve launch modifiers
  ---
  duration_ms: 0.389542
  ...
# Subtest: round wins score once, first to three ends the match, and rematch resets wins and scope
ok 292 - round wins score once, first to three ends the match, and rematch resets wins and scope
  ---
  duration_ms: 1.451208
  ...
# Subtest: overtime inset updates before collision and a 90-second unresolved round draws
ok 293 - overtime inset updates before collision and a 90-second unresolved round draws
  ---
  duration_ms: 0.701875
  ...
# Subtest: lifecycle commands enforce phase, capacity, identity, and connected-player guards
ok 294 - lifecycle commands enforce phase, capacity, identity, and connected-player guards
  ---
  duration_ms: 0.418875
  ...
# Subtest: wall and explosion causes are authoritative, clipped, and blast visuals expire exactly
ok 295 - wall and explosion causes are authoritative, clipped, and blast visuals expire exactly
  ---
  duration_ms: 2.862
  ...
# Subtest: a finished match can replace every seat and start a clean rematch without restarting the server
ok 296 - a finished match can replace every seat and start a clean rematch without restarting the server
  ---
  duration_ms: 0.445459
  ...
# Subtest: the larger arena and seeded pickup schedule replay deterministically
ok 297 - the larger arena and seeded pickup schedule replay deterministically
  ---
  duration_ms: 3.006458
  ...
# Subtest: blast pickups cap at level two and affect bombs placed on the collection tick
ok 298 - blast pickups cap at level two and affect bombs placed on the collection tick
  ---
  duration_ms: 0.524
  ...
# Subtest: a star collected on the swept path rescues and reflects a wall hit, then expires sharply
ok 299 - a star collected on the swept path rescues and reflects a wall hit, then expires sharply
  ---
  duration_ms: 17.603
  ...
# Subtest: star head contact kills only a normal rider while two stars pass through
ok 300 - star head contact kills only a normal rider while two stars pass through
  ---
  duration_ms: 0.72925
  ...
# Subtest: pickup expiry, active cap, and impossible safe interior stay bounded
ok 301 - pickup expiry, active cap, and impossible safe interior stay bounded
  ---
  duration_ms: 0.453833
  ...
# Subtest: beer pickup debuffs every other living rider, refreshes, and keeps the collector unchanged
ok 302 - beer pickup debuffs every other living rider, refreshes, and keeps the collector unchanged
  ---
  duration_ms: 8.366833
  ...
# Subtest: drunk wobble expires at the strict tick boundary and resets between rounds
ok 303 - drunk wobble expires at the strict tick boundary and resets between rounds
  ---
  duration_ms: 0.737708
  ...
# Subtest: modifier pickups arm one use, refresh without stacking, and reset between rounds
ok 304 - modifier pickups arm one use, refresh without stacking, and reset between rounds
  ---
  duration_ms: 0.467792
  ...
# Subtest: orbit shields absorb a whole clustered hazard tick and grace protects until strict expiry
ok 305 - orbit shields absorb a whole clustered hazard tick and grace protects until strict expiry
  ---
  duration_ms: 0.599875
  ...
# Subtest: two shields both break on contact while Star preserves its stored shield
ok 306 - two shields both break on contact while Star preserves its stored shield
  ---
  duration_ms: 0.673583
  ...
# Subtest: shield break reflects an outward wall sweep and records the bounce
ok 307 - shield break reflects an outward wall sweep and records the bounce
  ---
  duration_ms: 0.353333
  ...
# Subtest: countdown leave is stamped, scored once, and a later join receives no prior-round award
ok 308 - countdown leave is stamped, scored once, and a later join receives no prior-round award
  ---
  duration_ms: 0.407959
  ...
# Subtest: overlapping blast owners receive no speculative elimination credit
ok 309 - overlapping blast owners receive no speculative elimination credit
  ---
  duration_ms: 0.517458
  ...
# Subtest: match-over recap is frozen and deeply detached from engine state
ok 310 - match-over recap is frozen and deeply detached from engine state
  ---
  duration_ms: 0.443542
  ...
# Subtest: Five Shot survives Triple collection and cancellation, then launches five with one cooldown
ok 311 - Five Shot survives Triple collection and cancellation, then launches five with one cooldown
  ---
  duration_ms: 0.621458
  ...
# Subtest: radial blast hits diagonal riders, clears diagonal trails and chains diagonal bombs
ok 312 - radial blast hits diagonal riders, clears diagonal trails and chains diagonal bombs
  ---
  duration_ms: 0.549
  ...
# Subtest: bomb landing hits a rider before detonation, respecting star and shield
ok 313 - bomb landing hits a rider before detonation, respecting star and shield
  ---
  duration_ms: 1.692791
  ...
# Subtest: a bomb landing inside an active blast chains immediately
ok 314 - a bomb landing inside an active blast chains immediately
  ---
  duration_ms: 0.477291
  ...
# Subtest: blast preview is harmless before the fuse, both in flight and after landing
ok 315 - blast preview is harmless before the fuse, both in flight and after landing
  ---
  duration_ms: 5.124041
  ...
# Subtest: bomb skips riders along flight and only snipes at its landing position
ok 316 - bomb skips riders along flight and only snipes at its landing position
  ---
  duration_ms: 2.264875
  ...
# Subtest: landing step never uses blast radius for contact damage
ok 317 - landing step never uses blast radius for contact damage
  ---
  duration_ms: 1.588792
  ...
# Subtest: shell persists beyond five seconds and permits another shot after cooldown
ok 318 - shell persists beyond five seconds and permits another shot after cooldown
  ---
  duration_ms: 1.051792
  ...
# Subtest: shell body hits once, shield absorbs it, and no blast radius is produced
ok 319 - shell body hits once, shield absorbs it, and no blast radius is produced
  ---
  duration_ms: 0.87525
  ...
# Subtest: Gun pickup fires one bullet at twice rider speed and cuts a traversable trail gap
ok 320 - Gun pickup fires one bullet at twice rider speed and cuts a traversable trail gap
  ---
  duration_ms: 0.946958
  ...
# Subtest: gun head and wall impacts explode
ok 321 - gun head and wall impacts explode
  ---
  duration_ms: 0.974084
  ...
# Subtest: stopwatch caps at two levels, changes only future own bombs and resets next round
ok 322 - stopwatch caps at two levels, changes only future own bombs and resets next round
  ---
  duration_ms: 0.759833
  ...
# Subtest: first stopwatch level produces a one-and-a-half second fuse
ok 323 - first stopwatch level produces a one-and-a-half second fuse
  ---
  duration_ms: 21.650667
  ...
# Subtest: live shell bounces off a rider trail without damage or resetting its lifetime
ok 324 - live shell bounces off a rider trail without damage or resetting its lifetime
  ---
  duration_ms: 5.896708
  ...
# Subtest: gun explodes against the trail directly behind a rider and kills the rider
ok 325 - gun explodes against the trail directly behind a rider and kills the rider
  ---
  duration_ms: 1.096042
  ...
# Subtest: a blast clears trails whether it came from a landed bomb or a gun projectile hitting a rider
ok 326 - a blast clears trails whether it came from a landed bomb or a gun projectile hitting a rider
  ---
  duration_ms: 1.037791
  ...
# Subtest: a fixed-rounds match ends on the standings leader even when another rider wins the final round
ok 327 - a fixed-rounds match ends on the standings leader even when another rider wins the final round
  ---
  duration_ms: 1.199625
  ...
# Subtest: a drawn final round still awards the fixed-rounds match to the standings leader
ok 328 - a drawn final round still awards the fixed-rounds match to the standings leader
  ---
  duration_ms: 0.706167
  ...
# Subtest: a fixed-rounds leader who also wins the final round is credited exactly once
ok 329 - a fixed-rounds leader who also wins the final round is credited exactly once
  ---
  duration_ms: 0.653125
  ...
# Subtest: a fixed-rounds match tied at the final round ends without a match winner
ok 330 - a fixed-rounds match tied at the final round ends without a match winner
  ---
  duration_ms: 0.6715
  ...
# Subtest: gun speed is twice rider speed with a bounded nearby steering correction
ok 331 - gun speed is twice rider speed with a bounded nearby steering correction
  ---
  duration_ms: 1.221375
  ...
# Subtest: gun holes split trails precisely, keeping expiry metadata and distant trails
ok 332 - gun holes split trails precisely, keeping expiry metadata and distant trails
  ---
  duration_ms: 0.154375
  ...
# Subtest: defaults carry two STUN providers and no TURN
ok 333 - defaults carry two STUN providers and no TURN
  ---
  duration_ms: 0.750375
  ...
# Subtest: service ICE lists are validated at the client boundary and fall back to defaults
ok 334 - service ICE lists are validated at the client boundary and fall back to defaults
  ---
  duration_ms: 0.240625
  ...
# Subtest: peer connections wait for the ICE fetch instead of negotiating with the initial list (issue \#27)
ok 335 - peer connections wait for the ICE fetch instead of negotiating with the initial list (issue \#27)
  ---
  duration_ms: 0.273542
  ...
# Subtest: a failed ICE fetch yields the STUN defaults, never an empty list
ok 336 - a failed ICE fetch yields the STUN defaults, never an empty list
  ---
  duration_ms: 0.188625
  ...
# Subtest: a hung ICE fetch falls back to the STUN defaults when the abort bound fires, even if the fetch ignores the signal
ok 337 - a hung ICE fetch falls back to the STUN defaults when the abort bound fires, even if the fetch ignores the signal
  ---
  duration_ms: 0.162917
  ...
# Subtest: candidate types are read from the candidate line without keeping addresses
ok 338 - candidate types are read from the candidate line without keeping addresses
  ---
  duration_ms: 0.473542
  ...
# Subtest: ufrag and fingerprint readers tolerate missing lines
ok 339 - ufrag and fingerprint readers tolerate missing lines
  ---
  duration_ms: 0.514167
  ...
# Subtest: restart offers keep the DTLS certificate; a recreated connection does not
ok 340 - restart offers keep the DTLS certificate; a recreated connection does not
  ---
  duration_ms: 0.067125
  ...
# Subtest: candidates are scoped to the ICE generation named by their ufrag
ok 341 - candidates are scoped to the ICE generation named by their ufrag
  ---
  duration_ms: 0.112417
  ...
# Subtest: Ink affects only other living riders, refreshes three seconds and snapshots without changing steering
ok 342 - Ink affects only other living riders, refreshes three seconds and snapshots without changing steering
  ---
  duration_ms: 37.712042
  ...
# Subtest: Ink clears at the next round
ok 343 - Ink clears at the next round
  ---
  duration_ms: 1.066833
  ...
# Subtest: join survives authority setup and failed delivery until roster confirmation
ok 344 - join survives authority setup and failed delivery until roster confirmation
  ---
  duration_ms: 0.756458
  ...
# Subtest: lost baseline retries identical full envelope on bounded clock, not dependent deltas
ok 345 - lost baseline retries identical full envelope on bounded clock, not dependent deltas
  ---
  duration_ms: 1.404917
  ...
# Subtest: lost ACK can acknowledge exact previously accepted duplicate without applying it twice
ok 346 - lost ACK can acknowledge exact previously accepted duplicate without applying it twice
  ---
  duration_ms: 0.495959
  ...
# Subtest: old generation stream sequence match and round ACKs cannot retire current baseline
ok 347 - old generation stream sequence match and round ACKs cannot retire current baseline
  ---
  duration_ms: 0.130584
  ...
# Subtest: five-second expiry bounds retained baseline and repeated poll/resync cannot flood retries
ok 348 - five-second expiry bounds retained baseline and repeated poll/resync cannot flood retries
  ---
  duration_ms: 0.301083
  ...
# Subtest: baseline is accepted before any dependent delta; ACK loss does not corrupt next decode
ok 349 - baseline is accepted before any dependent delta; ACK loss does not corrupt next decode
  ---
  duration_ms: 0.223125
  ...
# Subtest: creates a deterministic straight triple fan with seven points per bomb
ok 350 - creates a deterministic straight triple fan with seven points per bomb
  ---
  duration_ms: 1.196916
  ...
# Subtest: all fan paths clamp to safe bounds
ok 351 - all fan paths clamp to safe bounds
  ---
  duration_ms: 1.768792
  ...
# Subtest: rejects invalid geometry
ok 352 - rejects invalid geometry
  ---
  duration_ms: 0.232625
  ...
# Subtest: awards five-player placement points
ok 353 - awards five-player placement points
  ---
  duration_ms: 1.690625
  ...
# Subtest: two participants use winner five and runner-up three
ok 354 - two participants use winner five and runner-up three
  ---
  duration_ms: 0.096041
  ...
# Subtest: averages simultaneous elimination places exactly
ok 355 - averages simultaneous elimination places exactly
  ---
  duration_ms: 0.124709
  ...
# Subtest: does not mutate participants and rejects invalid groups
ok 356 - does not mutate participants and rejects invalid groups
  ---
  duration_ms: 0.200458
  ...
# Subtest: survivors share the top occupied ranks at timeout and points remain conserved
ok 357 - survivors share the top occupied ranks at timeout and points remain conserved
  ---
  duration_ms: 0.095333
  ...
# Subtest: score application validates the complete result before mutating totals
ok 358 - score application validates the complete result before mutating totals
  ---
  duration_ms: 0.156709
  ...
# Subtest: accumulates repeated matches and preserves departures
ok 359 - accumulates repeated matches and preserves departures
  ---
  duration_ms: 0.153583
  ...
# Subtest: returns copies in score order with deterministic tie break
ok 360 - returns copies in score order with deterministic tie break
  ---
  duration_ms: 6.196542
  ...
# Subtest: legendSrc routes pickup legend icons through assetUrl so they work under a Pages base path
ok 361 - legendSrc routes pickup legend icons through assetUrl so they work under a Pages base path
  ---
  duration_ms: 0.540416
  ...
# Subtest: queued retired-channel pongs cannot certify a new RTC link whose probe IDs restarted
ok 362 - queued retired-channel pongs cannot certify a new RTC link whose probe IDs restarted
  ---
  duration_ms: 0.5325
  ...
# Subtest: a replaced channel on the same live link cannot update state or expose stale errors
ok 363 - a replaced channel on the same live link cannot update state or expose stale errors
  ---
  duration_ms: 0.064958
  ...
# Subtest: retired peer callbacks cannot replace the current data channel even with identical service identity
ok 364 - retired peer callbacks cannot replace the current data channel even with identical service identity
  ---
  duration_ms: 0.061416
  ...
# Subtest: pulse proof is scoped to the captured active binding and two live undrained channels
ok 365 - pulse proof is scoped to the captured active binding and two live undrained channels
  ---
  duration_ms: 0.109917
  ...
# Subtest: the reason names the first missing step in the direct-link pipeline
ok 366 - the reason names the first missing step in the direct-link pipeline
  ---
  duration_ms: 0.727625
  ...
# Subtest: the panel text is redacted and complete
ok 367 - the panel text is redacted and complete
  ---
  duration_ms: 0.316958
  ...
# Subtest: restarts are due every interval and stop after the bounded budget
ok 368 - restarts are due every interval and stop after the bounded budget
  ---
  duration_ms: 0.456125
  ...
# Subtest: fresh health restores the budget and retires the attempt in flight
ok 369 - fresh health restores the budget and retires the attempt in flight
  ---
  duration_ms: 0.077084
  ...
# Subtest: idle health checks every 200 ms do not retire anything
ok 370 - idle health checks every 200 ms do not retire anything
  ---
  duration_ms: 0.054875
  ...
# Subtest: only the newest attempt can complete
ok 371 - only the newest attempt can complete
  ---
  duration_ms: 0.052208
  ...
# Subtest: aggregate transfer budget counts other peers, both lanes and the encoded envelope while reserving control headroom
ok 372 - aggregate transfer budget counts other peers, both lanes and the encoded envelope while reserving control headroom
  ---
  duration_ms: 0.486125
  ...
# Subtest: deferred fast health replies recheck visibility and both lanes without depending on reliable backlog
ok 373 - deferred fast health replies recheck visibility and both lanes without depending on reliable backlog
  ---
  duration_ms: 0.140458
  ...
# Subtest: healthy open channel under the buffer limit is permitted for gameplay and probes
ok 374 - healthy open channel under the buffer limit is permitted for gameplay and probes
  ---
  duration_ms: 0.069
  ...
# Subtest: a closing signal recorded before the DOM readyState changes blocks gameplay and probe sends
ok 375 - a closing signal recorded before the DOM readyState changes blocks gameplay and probe sends
  ---
  duration_ms: 0.053958
  ...
# Subtest: bulk transfer idle permission requires an open, fully drained, undrained action channel
ok 376 - bulk transfer idle permission requires an open, fully drained, undrained action channel
  ---
  duration_ms: 0.144
  ...
# Subtest: solo starts one human and four AI without browser services, ready only on start
ok 377 - solo starts one human and four AI without browser services, ready only on start
  ---
  duration_ms: 8.607334
  ...
# Subtest: fixed ticks publish the ordinary game and matching zero-RTT motion clock
ok 378 - fixed ticks publish the ordinary game and matching zero-RTT motion clock
  ---
  duration_ms: 24.588875
  ...
# Subtest: visibility suspension clears held controls and old scope, with no hidden catch-up
ok 379 - visibility suspension clears held controls and old scope, with no hidden catch-up
  ---
  duration_ms: 13.916041
  ...
# Subtest: lobby settings and rematch use ordinary commands, stop disposes callbacks
ok 380 - lobby settings and rematch use ordinary commands, stop disposes callbacks
  ---
  duration_ms: 0.57725
  ...
# Subtest: fire edges stamped from a stalled wall-clock estimate are admitted for the next authority tick (\#43)
ok 381 - fire edges stamped from a stalled wall-clock estimate are admitted for the next authority tick (\#43)
  ---
  duration_ms: 13.336041
  ...
# Subtest: a hold resend that estimated an earlier tick cannot skip the solo press (\#43)
ok 382 - a hold resend that estimated an earlier tick cannot skip the solo press (\#43)
  ---
  duration_ms: 15.533667
  ...
# Subtest: distances render as whole arena units and durations reuse the shared formatter
ok 383 - distances render as whole arena units and durations reuse the shared formatter
  ---
  duration_ms: 0.491
  ...
# Subtest: empty statistics produce an empty recap with no placeholder awards or totals
ok 384 - empty statistics produce an empty recap with no placeholder awards or totals
  ---
  duration_ms: 0.549
  ...
# Subtest: a single rider stands alone as champion, wins every non-zero award and fills the table
ok 385 - a single rider stands alone as champion, wins every non-zero award and fills the table
  ---
  duration_ms: 0.404
  ...
# Subtest: podium centres champions, keeps side places in seat order and excludes placements beyond third
ok 386 - podium centres champions, keeps side places in seat order and excludes placements beyond third
  ---
  duration_ms: 0.106375
  ...
# Subtest: a tied first place shows every champion in the centre and no second place
ok 387 - a tied first place shows every champion in the centre and no second place
  ---
  duration_ms: 0.114166
  ...
# Subtest: a match where nobody won any round places everyone on the podium as champions
ok 388 - a match where nobody won any round places everyone on the podium as champions
  ---
  duration_ms: 0.089833
  ...
# Subtest: awards share ties by joining names in placement order and skip counters nobody raised
ok 389 - awards share ties by joining names in placement order and skip counters nobody raised
  ---
  duration_ms: 0.115833
  ...
# Subtest: all-zero statistics yield no awards while the podium and table still render
ok 390 - all-zero statistics yield no awards while the podium and table still render
  ---
  duration_ms: 0.076958
  ...
# Subtest: singular award details read naturally
ok 391 - singular award details read naturally
  ---
  duration_ms: 0.077417
  ...
# Subtest: comparison rows order by placement then seat and format every recorded counter
ok 392 - comparison rows order by placement then seat and format every recorded counter
  ---
  duration_ms: 0.095583
  ...
# Subtest: match totals sum the recorded counters across riders
ok 393 - match totals sum the recorded counters across riders
  ---
  duration_ms: 0.079833
  ...
# Subtest: the signature changes with any rendered figure and is order independent
ok 394 - the signature changes with any rendered figure and is order independent
  ---
  duration_ms: 0.097459
  ...
# Subtest: recap ignores riders with an unset placement rather than inventing a podium slot
ok 395 - recap ignores riders with an unset placement rather than inventing a podium slot
  ---
  duration_ms: 0.060084
  ...
# Subtest: records authoritative actions and returns detached snapshots
ok 396 - records authoritative actions and returns detached snapshots
  ---
  duration_ms: 1.030208
  ...
# Subtest: tracks round draws, longest survival and competition-ranked win ties
ok 397 - tracks round draws, longest survival and competition-ranked win ties
  ---
  duration_ms: 0.134208
  ...
# Subtest: validates references, distances and round membership
ok 398 - validates references, distances and round membership
  ---
  duration_ms: 0.341417
  ...
# Subtest: never credits self deaths and updates an existing participant identity
ok 399 - never credits self deaths and updates an existing participant identity
  ---
  duration_ms: 0.067959
  ...
# Subtest: a joined phone is the same landscape controller in every phase (\#13)
ok 400 - a joined phone is the same landscape controller in every phase (\#13)
  ---
  duration_ms: 0.782291
  ...
# Subtest: unjoined, display-only, desktop and mouse views keep the normal layout
ok 401 - unjoined, display-only, desktop and mouse views keep the normal layout
  ---
  duration_ms: 0.114666
  ...
# Subtest: an ended room is not joined play on any phone size or phase
ok 402 - an ended room is not joined play on any phone size or phase
  ---
  duration_ms: 0.216334
  ...
# Subtest: one validated nearby probe qualifies immediately; high RTT restores conservative delay
ok 403 - one validated nearby probe qualifies immediately; high RTT restores conservative delay
  ---
  duration_ms: 0.586417
  ...
# Subtest: stale, paused and explicit reset lose qualification; rejected samples do not extend freshness
ok 404 - stale, paused and explicit reset lose qualification; rejected samples do not extend freshness
  ---
  duration_ms: 0.128125
  ...
# Subtest: regional60ms never qualifies and a fresh scope is independently classified
ok 405 - regional60ms never qualifies and a fresh scope is independently classified
  ---
  duration_ms: 0.076833
  ...
# Subtest: half-tick presentation never rewinds or extrapolates; missing clock remains newest only
ok 406 - half-tick presentation never rewinds or extrapolates; missing clock remains newest only
  ---
  duration_ms: 0.452375
  ...
# Subtest: clock discontinuity clears the old clock even when observed before rendering
ok 407 - clock discontinuity clears the old clock even when observed before rendering
  ---
  duration_ms: 0.209083
  ...
# Subtest: rejected excessive RTT cancels fast classification and exact40ms boundary qualifies
ok 408 - rejected excessive RTT cancels fast classification and exact40ms boundary qualifies
  ---
  duration_ms: 0.184291
  ...
# Subtest: clock diagnostics are read-only and cannot refresh a sample or mutate its scope
ok 409 - clock diagnostics are read-only and cannot refresh a sample or mutate its scope
  ---
  duration_ms: 0.272708
  ...
# Subtest: empty and invalid clock observations cannot enable fast presentation
ok 410 - empty and invalid clock observations cannot enable fast presentation
  ---
  duration_ms: 0.212709
  ...
# Subtest: replacement reservation fences partitions and rejects delayed old renewals
ok 411 - replacement reservation fences partitions and rejects delayed old renewals
  ---
  duration_ms: 0.816125
  ...
# Subtest: clock uncertainty prevents overlapping old and new authorization
ok 412 - clock uncertainty prevents overlapping old and new authorization
  ---
  duration_ms: 0.21375
  ...
# Subtest: clock stops after suspension or stale samples, resuming only after fresh sample
ok 413 - clock stops after suspension or stale samples, resuming only after fresh sample
  ---
  duration_ms: 0.092709
  ...
# Subtest: clock rejects bad samples and conservative intervals crossing lease boundaries
ok 414 - clock rejects bad samples and conservative intervals crossing lease boundaries
  ---
  duration_ms: 0.0905
  ...
# Subtest: grant boundary validation rejects malformed values and exhausted epochs
ok 415 - grant boundary validation rejects malformed values and exhausted epochs
  ---
  duration_ms: 0.292584
  ...
# Subtest: checkpoint restore is atomic on the malformed sequences regression
ok 416 - checkpoint restore is atomic on the malformed sequences regression
  ---
  duration_ms: 11.156375
  ...
# Subtest: checkpoint restores exact physics, pending preferences and neutral disconnected identities
ok 417 - checkpoint restores exact physics, pending preferences and neutral disconnected identities
  ---
  duration_ms: 2.662417
  ...
# Subtest: checkpoint rejects missing required game maps and nested fields
ok 418 - checkpoint rejects missing required game maps and nested fields
  ---
  duration_ms: 30.992541
  ...
# Subtest: checkpoint rejects schema incompatibility, foreign host and unsafe shape extensions
ok 419 - checkpoint rejects schema incompatibility, foreign host and unsafe shape extensions
  ---
  duration_ms: 10.589333
  ...
# Subtest: checkpoint rejects invalid sequences, duplicate map keys and cross references
ok 420 - checkpoint rejects invalid sequences, duplicate map keys and cross references
  ---
  duration_ms: 13.907583
  ...
# Subtest: checkpoint rejects nonfinite values, excessive bytes/depth and oversized nested trails
ok 421 - checkpoint rejects nonfinite values, excessive bytes/depth and oversized nested trails
  ---
  duration_ms: 24.8415
  ...
# Subtest: real countdown, playing and round transitions produce restorable bounded checkpoints
ok 422 - real countdown, playing and round transitions produce restorable bounded checkpoints
  ---
  duration_ms: 306.777875
  ...
# Subtest: checkpoint validates bombs, shell lifetime sentinel, pickups and portal geometry
ok 423 - checkpoint validates bombs, shell lifetime sentinel, pickups and portal geometry
  ---
  duration_ms: 2.886958
  ...
# Subtest: checkpoint rejects oversized history, malformed maps and missing participant statistics
ok 424 - checkpoint rejects oversized history, malformed maps and missing participant statistics
  ---
  duration_ms: 5.359958
  ...
# Subtest: room settings reject malformed values, restore safe defaults and allow all drops off
ok 425 - room settings reject malformed values, restore safe defaults and allow all drops off
  ---
  duration_ms: 0.9655
  ...
# Subtest: rooms isolate players and only the host can start or change rules
ok 426 - rooms isolate players and only the host can start or change rules
  ---
  duration_ms: 8.488
  ...
# Subtest: fixed one-round rooms finish after one round
ok 427 - fixed one-round rooms finish after one round
  ---
  duration_ms: 2.587875
  ...
# Subtest: world deltas reconstruct split, removed and appended trails and recover via keyframe
ok 428 - world deltas reconstruct split, removed and appended trails and recover via keyframe
  ---
  duration_ms: 1.21475
  ...
# Subtest: fresh encoder after reconnection replaces old stream without accepting retired frames
ok 429 - fresh encoder after reconnection replaces old stream without accepting retired frames
  ---
  duration_ms: 0.258125
  ...
# Subtest: host checkpoint restores world and sequence numbers without replaying held fire
ok 430 - host checkpoint restores world and sequence numbers without replaying held fire
  ---
  duration_ms: 2.946583
  ...
# Subtest: field patches update joins and clear optional charge state without repeating identity
ok 431 - field patches update joins and clear optional charge state without repeating identity
  ---
  duration_ms: 0.605917
  ...
# Subtest: delayed unseen old keyframe cannot roll a newer generation backward
ok 432 - delayed unseen old keyframe cannot roll a newer generation backward
  ---
  duration_ms: 0.113666
  ...
# Subtest: invalid higher generation and corrupt trail patches cannot mutate accepted baseline
ok 433 - invalid higher generation and corrupt trail patches cannot mutate accepted baseline
  ---
  duration_ms: 0.32725
  ...
# Subtest: online return to lobby preserves transport simulation time
ok 434 - online return to lobby preserves transport simulation time
  ---
  duration_ms: 0.14375
  ...
# Subtest: guests that vanish in the lobby free their seats and the removal replicates to guests
ok 435 - guests that vanish in the lobby free their seats and the removal replicates to guests
  ---
  duration_ms: 0.484542
  ...
# Subtest: a guest lost mid-round keeps its seat until the match ends, then a newcomer reclaims it
ok 436 - a guest lost mid-round keeps its seat until the match ends, then a newcomer reclaims it
  ---
  duration_ms: 1.378083
  ...
# Subtest: a rematch drops the riders that were lost during the finished match
ok 437 - a rematch drops the riders that were lost during the finished match
  ---
  duration_ms: 0.887292
  ...
# Subtest: a whole round of chained deltas stays exact without any periodic re-baseline
ok 438 - a whole round of chained deltas stays exact without any periodic re-baseline
  ---
  duration_ms: 218.297834
  ...
# Subtest: Pages invites preserve project path while API requests use configured backend
ok 439 - Pages invites preserve project path while API requests use configured backend
  ---
  duration_ms: 0.505542
  ...
# Subtest: local origin default and endpoint boundaries are explicit
ok 440 - local origin default and endpoint boundaries are explicit
  ---
  duration_ms: 0.287
  ...
# Subtest: failed press plus fresh held resends cannot invent charge or fire on release
ok 441 - failed press plus fresh held resends cannot invent charge or fire on release
  ---
  duration_ms: 11.002042
  ...
# Subtest: lost final release without other held controls cancels within ten ticks and is never retried
ok 442 - lost final release without other held controls cancels within ten ticks and is never retried
  ---
  duration_ms: 3.48675
  ...
# Subtest: steering heartbeat after lost release carries bomb false and safely cancels instead of firing
ok 443 - steering heartbeat after lost release carries bomb false and safely cancels instead of firing
  ---
  duration_ms: 1.402375
  ...
# Subtest: ordered-but-delayed release expires rather than replaying after network recovery
ok 444 - ordered-but-delayed release expires rather than replaying after network recovery
  ---
  duration_ms: 2.68575
  ...
# Subtest: first fresh press after countdown and explicit lobby reset fires without a neutral packet
ok 445 - first fresh press after countdown and explicit lobby reset fires without a neutral packet
  ---
  duration_ms: 12.948333
  ...
# Subtest: idle watchdog without a held gesture does not block the first fresh shot
ok 446 - idle watchdog without a held gesture does not block the first fresh shot
  ---
  duration_ms: 2.929542
  ...
# Subtest: new scope rejects old held/release packets but accepts a fresh press
ok 447 - new scope rejects old held/release packets but accepts a fresh press
  ---
  duration_ms: 1.335667
  ...
# Subtest: watchdog still suppresses interrupted held gestures until an actual release
ok 448 - watchdog still suppresses interrupted held gestures until an actual release
  ---
  duration_ms: 1.661708
  ...
# Subtest: receipt is not application: future steering waits and reports exact application tick
ok 449 - receipt is not application: future steering waits and reports exact application tick
  ---
  duration_ms: 10.473625
  ...
# Subtest: same-tick newest movement wins while all outcomes are acknowledged
ok 450 - same-tick newest movement wins while all outcomes are acknowledged
  ---
  duration_ms: 0.77525
  ...
# Subtest: older future slot cannot undo newer applied movement and exact result acknowledgements preserve pending input
ok 451 - older future slot cannot undo newer applied movement and exact result acknowledgements preserve pending input
  ---
  duration_ms: 0.757708
  ...
# Subtest: held acknowledged steering continues then expires at ten ticks without fresh application
ok 452 - held acknowledged steering continues then expires at ten ticks without fresh application
  ---
  duration_ms: 4.485583
  ...
# Subtest: same-tick press/release survives steering supersession, duplicates cannot launch twice
ok 453 - same-tick press/release survives steering supersession, duplicates cannot launch twice
  ---
  duration_ms: 0.99925
  ...
# Subtest: a press stamped later than the following hold sample is still processed first in sequence order (\#43)
ok 454 - a press stamped later than the following hold sample is still processed first in sequence order (\#43)
  ---
  duration_ms: 0.707458
  ...
# Subtest: old-scope release cannot cancel current charge; expired current release cancels without firing
ok 455 - old-scope release cannot cancel current charge; expired current release cancels without firing
  ---
  duration_ms: 0.728375
  ...
# Subtest: disconnect, match changes and restore create fresh neutral scope while preserving received highwater
ok 456 - disconnect, match changes and restore create fresh neutral scope while preserving received highwater
  ---
  duration_ms: 6.637458
  ...
# Subtest: queue and result history are bounded and overflow forces explicit neutral resync
ok 457 - queue and result history are bounded and overflow forces explicit neutral resync
  ---
  duration_ms: 0.950875
  ...
# Subtest: malformed timing and aim cannot apply motion or keep an invalid release charging
ok 458 - malformed timing and aim cannot apply motion or keep an invalid release charging
  ---
  duration_ms: 0.554209
  ...
# Subtest: queued release is discarded on disconnect and cannot fire into a rejoined control scope
ok 459 - queued release is discarded on disconnect and cannot fire into a rejoined control scope
  ---
  duration_ms: 0.632333
  ...
# Subtest: paused old-alias endpoint restores outbound health before acknowledging a new checkpoint header
ok 460 - paused old-alias endpoint restores outbound health before acknowledging a new checkpoint header
  ---
  duration_ms: 1.588875
  ...
# Subtest: direct-only path resumes on two fresh acknowledgements without relay quarantine
ok 461 - direct-only path resumes on two fresh acknowledgements without relay quarantine
  ---
  duration_ms: 0.084
  ...
# Subtest: three-second blackhole after long healthy uptime retains channel and recovers on fresh probes
ok 462 - three-second blackhole after long healthy uptime retains channel and recovers on fresh probes
  ---
  duration_ms: 0.152375
  ...
# Subtest: restart requires eight continuously unhealthy seconds, reset by recovered health
ok 463 - restart requires eight continuously unhealthy seconds, reset by recovered health
  ---
  duration_ms: 0.054833
  ...
# Subtest: expired duplicate and pre-failure probes cannot keep blackholed path healthy
ok 464 - expired duplicate and pre-failure probes cannot keep blackholed path healthy
  ---
  duration_ms: 0.361917
  ...
# Subtest: pulse mode preserves fresh acknowledgement time and never revives expired evidence
ok 465 - pulse mode preserves fresh acknowledgement time and never revives expired evidence
  ---
  duration_ms: 0.074375
  ...
# Subtest: pause is irreversible within an alias and late application proof cannot reactivate it
ok 466 - pause is irreversible within an alias and late application proof cannot reactivate it
  ---
  duration_ms: 0.074
  ...
# Subtest: effects do not replay on repeated snapshots or across authority/match reset
ok 467 - effects do not replay on repeated snapshots or across authority/match reset
  ---
  duration_ms: 0.842333
  ...
# Subtest: bomb flight sprite follows segmented path while damage radius stays at landing point
ok 468 - bomb flight sprite follows segmented path while damage radius stays at landing point
  ---
  duration_ms: 0.470417
  ...
# Subtest: death transitions occur once and backward presentation resets cosmetic history
ok 469 - death transitions occur once and backward presentation resets cosmetic history
  ---
  duration_ms: 0.101333
  ...
# Subtest: flight fallback clamps before launch and shells never use bomb arcs
ok 470 - flight fallback clamps before launch and shells never use bomb arcs
  ---
  duration_ms: 0.072167
  ...
# Subtest: a continuous bend is one stroke with the exact supplied vertices
ok 471 - a continuous bend is one stroke with the exact supplied vertices
  ---
  duration_ms: 0.886958
  ...
# Subtest: portal jumps, deleted ticks and clipped segments remain separate strokes
ok 472 - portal jumps, deleted ticks and clipped segments remain separate strokes
  ---
  duration_ms: 0.178834
  ...
# Subtest: history survives fractional motion, a changing predicted tip and equivalent deserialized snapshots
ok 473 - history survives fractional motion, a changing predicted tip and equivalent deserialized snapshots
  ---
  duration_ms: 0.616792
  ...
# Subtest: history refreshes for trail holes, clipping, expiry, death, identity, scope and reset
ok 474 - history refreshes for trail holes, clipping, expiry, death, identity, scope and reset
  ---
  duration_ms: 0.152375
  ...
# Subtest: a fresh trail follows the interpolated head by at most one simulation step
ok 475 - a fresh trail follows the interpolated head by at most one simulation step
  ---
  duration_ms: 0.144041
  ...
# Subtest: head interpolation never extends a stale, destroyed, teleported or dead trail
ok 476 - head interpolation never extends a stale, destroyed, teleported or dead trail
  ---
  duration_ms: 0.103125
  ...
# Subtest: arena backing follows displayed size and screen density without changing world aspect
ok 477 - arena backing follows displayed size and screen density without changing world aspect
  ---
  duration_ms: 0.770958
  ...
# Subtest: arena backing bounds oversized displays and survives hidden or unavailable density
ok 478 - arena backing bounds oversized displays and survives hidden or unavailable density
  ---
  duration_ms: 0.077458
  ...
# Subtest: weighted table gives Five one third Triple probability with deterministic intervals
ok 479 - weighted table gives Five one third Triple probability with deterministic intervals
  ---
  duration_ms: 15.262542
  ...
# Subtest: Star is removed while remaining relative weights are preserved
ok 480 - Star is removed while remaining relative weights are preserved
  ---
  duration_ms: 0.145584
  ...
# Subtest: powerup pacing ramps every twenty seconds and stays bounded in overtime
ok 481 - powerup pacing ramps every twenty seconds and stays bounded in overtime
  ---
  duration_ms: 0.4655
  ...
# Subtest: portal transits survivors, breaks trail, preserves heading/charge, counts actual movement
ok 482 - portal transits survivors, breaks trail, preserves heading/charge, counts actual movement
  ---
  duration_ms: 9.972042
  ...
# Subtest: entry collision is resolved before transit, and shield remains independent
ok 483 - entry collision is resolved before transit, and shield remains independent
  ---
  duration_ms: 1.304167
  ...
# Subtest: unsafe exit defers teleport for rider, pending trail, trail, bomb and blast hazards
ok 484 - unsafe exit defers teleport for rider, pending trail, trail, bomb and blast hazards
  ---
  duration_ms: 4.389708
  ...
# Subtest: portal grace is defensive for both riders, protects trails/walls and does not consume shield
ok 485 - portal grace is defensive for both riders, protects trails/walls and does not consume shield
  ---
  duration_ms: 0.631667
  ...
# Subtest: portal expiry, snapshot copying, compact geometry omission and round reset
ok 486 - portal expiry, snapshot copying, compact geometry omission and round reset
  ---
  duration_ms: 0.618209
  ...
# Subtest: portal pickup creates deterministic pair, records stats, replaces pair without clearing cooldown
ok 487 - portal pickup creates deterministic pair, records stats, replaces pair without clearing cooldown
  ---
  duration_ms: 1.953917
  ...
# Subtest: impossible placement leaves pickup and old pair unconsumed
ok 488 - impossible placement leaves pickup and old pair unconsumed
  ---
  duration_ms: 0.8145
  ...
# Subtest: reverse transit respects cooldown at its exact deadline after replacement
ok 489 - reverse transit respects cooldown at its exact deadline after replacement
  ---
  duration_ms: 1.432458
  ...
# Subtest: portal defensive grace expires exactly at the authoritative tick
ok 490 - portal defensive grace expires exactly at the authoritative tick
  ---
  duration_ms: 1.004833
  ...
# Subtest: concurrent riders preserve separate entry heights at the linked wall
ok 491 - concurrent riders preserve separate entry heights at the linked wall
  ---
  duration_ms: 0.559666
  ...
# Subtest: wall placement remains useful on an occupied five-rider field across seeds
ok 492 - wall placement remains useful on an occupied five-rider field across seeds
  ---
  duration_ms: 72.845958
  ...
# Subtest: authoritative overtime shrinks portal wall length and removes reclaimed walls from snapshots
ok 493 - authoritative overtime shrinks portal wall length and removes reclaimed walls from snapshots
  ---
  duration_ms: 1.150709
  ...
# Subtest: compressed linked wall reserves an exit for the first rider rather than overlapping arrivals
ok 494 - compressed linked wall reserves an exit for the first rider rather than overlapping arrivals
  ---
  duration_ms: 0.5415
  ...
# Subtest: placement sizes walls to one third of field, caps at 300 and reserves full corridor
ok 495 - placement sizes walls to one third of field, caps at 300 and reserves full corridor
  ---
  duration_ms: 0.694
  ...
# Subtest: placement remains bounded for unsafe or insufficiently separated sites
ok 496 - placement remains bounded for unsafe or insufficiently separated sites
  ---
  duration_ms: 0.242292
  ...
# Subtest: full wall safety catches a hazard between sampled center and endpoints
ok 497 - full wall safety catches a hazard between sampled center and endpoints
  ---
  duration_ms: 0.106291
  ...
# Subtest: swept wall entry preserves heading and relative linked height
ok 498 - swept wall entry preserves heading and relative linked height
  ---
  duration_ms: 1.180917
  ...
# Subtest: both directions and earliest intersected wall work
ok 499 - both directions and earliest intersected wall work
  ---
  duration_ms: 0.087042
  ...
# Subtest: rounded endpoints detect vertical and tangent contact without phantom end extensions
ok 500 - rounded endpoints detect vertical and tangent contact without phantom end extensions
  ---
  duration_ms: 0.085917
  ...
# Subtest: cooldown, expiry, inside, stationary, moving away and short movement do not retrigger
ok 501 - cooldown, expiry, inside, stationary, moving away and short movement do not retrigger
  ---
  duration_ms: 0.0965
  ...
# Subtest: unsafe and out-of-field exits defer transit and safety receives actual offset exit
ok 502 - unsafe and out-of-field exits defer transit and safety receives actual offset exit
  ---
  duration_ms: 0.133792
  ...
# Subtest: shrinking trims walls and removes pairs whose centerline or usable ends are reclaimed
ok 503 - shrinking trims walls and removes pairs whose centerline or usable ends are reclaimed
  ---
  duration_ms: 0.200833
  ...
# Subtest: motion ledger boundary rejects malformed, unbounded and contradictory tick data
ok 504 - motion ledger boundary rejects malformed, unbounded and contradictory tick data
  ---
  duration_ms: 0.520333
  ...
# Subtest: local steering responds next frame using a partial step which never changes fixed replay
ok 505 - local steering responds next frame using a partial step which never changes fixed replay
  ---
  duration_ms: 13.454
  ...
# Subtest: acknowledged held turn replays exactly with no pending events, including drunk offset
ok 506 - acknowledged held turn replays exactly with no pending events, including drunk offset
  ---
  duration_ms: 0.919667
  ...
# Subtest: fresh-input age neutralizes held controls at tick ten
ok 507 - fresh-input age neutralizes held controls at tick ten
  ---
  duration_ms: 1.581458
  ...
# Subtest: press and release scheduled for same tick uses latest sample, received ack cannot retire either
ok 508 - press and release scheduled for same tick uses latest sample, received ack cannot retire either
  ---
  duration_ms: 0.99325
  ...
# Subtest: mismatched snapshot and application tick rejected atomically
ok 509 - mismatched snapshot and application tick rejected atomically
  ---
  duration_ms: 0.752208
  ...
# Subtest: applied result retires pending but continues authoritative held input
ok 510 - applied result retires pending but continues authoritative held input
  ---
  duration_ms: 1.316625
  ...
# Subtest: death and portal reset local motion and epoch invalidates timing
ok 511 - death and portal reset local motion and epoch invalidates timing
  ---
  duration_ms: 0.804209
  ...
# Subtest: clock retains conservative send sampled bounds and rejects pause stale and invalid RTT
ok 512 - clock retains conservative send sampled bounds and rejects pause stale and invalid RTT
  ---
  duration_ms: 0.094958
  ...
# Subtest: remote buffer uses coherent past state and fractional ticks without portal chords
ok 513 - remote buffer uses coherent past state and fractional ticks without portal chords
  ---
  duration_ms: 0.782542
  ...
# Subtest: spectator clock advances fractional render ticks without a player seat and resets scope
ok 514 - spectator clock advances fractional render ticks without a player seat and resets scope
  ---
  duration_ms: 1.931958
  ...
# Subtest: presentation connector is bounded and never mutates confirmed trails
ok 515 - presentation connector is bounded and never mutates confirmed trails
  ---
  duration_ms: 1.284625
  ...
# Subtest: inactive snapshots do not invent movement correction or smoothing offsets
ok 516 - inactive snapshots do not invent movement correction or smoothing offsets
  ---
  duration_ms: 2.239584
  ...
# Subtest: slow round trip or lagging snapshot never rejects input locally; host admission and the four-tick lead cap bound it (\#15)
ok 517 - slow round trip or lagging snapshot never rejects input locally; host admission and the four-tick lead cap bound it (\#15)
  ---
  duration_ms: 2.323375
  ...
# Subtest: transport-refused and stale inputs never count toward the bound; overflow drops the backlog instead of blocking (\#20)
ok 518 - transport-refused and stale inputs never count toward the bound; overflow drops the backlog instead of blocking (\#20)
  ---
  duration_ms: 3.457667
  ...
# Subtest: overflow first drops inputs behind the host window and only clears a fully fresh backlog (\#15 follow-up)
ok 519 - overflow first drops inputs behind the host window and only clears a fully fresh backlog (\#15 follow-up)
  ---
  duration_ms: 0.874291
  ...
# Subtest: a lost clock limits the preview but never the send (\#65)
ok 520 - a lost clock limits the preview but never the send (\#65)
  ---
  duration_ms: 0.622792
  ...
# Subtest: all semantic message variants validate without accepting extra fields
ok 521 - all semantic message variants validate without accepting extra fields
  ---
  duration_ms: 1.080959
  ...
# Subtest: untrusted message shapes, sizes, tokens and input sequences fail closed
ok 522 - untrusted message shapes, sizes, tokens and input sequences fail closed
  ---
  duration_ms: 0.259958
  ...
# Subtest: target aim accepts finite normalized coordinates only and rejects nested extras
ok 523 - target aim accepts finite normalized coordinates only and rejects nested extras
  ---
  duration_ms: 0.160583
  ...
# Subtest: serialized recipient acknowledgement preserves own zero and negative sequences without other seats
ok 524 - serialized recipient acknowledgement preserves own zero and negative sequences without other seats
  ---
  duration_ms: 1.65025
  ...
# Subtest: recipient ack envelopes preserve complete keyframe retry and unchanged world decoding
ok 525 - recipient ack envelopes preserve complete keyframe retry and unchanged world decoding
  ---
  duration_ms: 3.321625
  ...
# Subtest: candidates before the remote description are buffered, bounded at 64 and flushed in order
ok 526 - candidates before the remote description are buffered, bounded at 64 and flushed in order
  ---
  duration_ms: 1.665334
  ...
# Subtest: candidates arriving while a description is being applied wait, then apply; later ones apply directly
ok 527 - candidates arriving while a description is being applied wait, then apply; later ones apply directly
  ---
  duration_ms: 0.108209
  ...
# Subtest: answer-side candidates that arrive after the local answer are applied against the remote description
ok 528 - answer-side candidates that arrive after the local answer are applied against the remote description
  ---
  duration_ms: 0.099708
  ...
# Subtest: a restart offer changes the ufrag: old-generation candidates never poison it and new ones wait for it
ok 529 - a restart offer changes the ufrag: old-generation candidates never poison it and new ones wait for it
  ---
  duration_ms: 0.113584
  ...
# Subtest: browser rejection of a candidate is counted, not thrown into the signalling loop
ok 530 - browser rejection of a candidate is counted, not thrown into the signalling loop
  ---
  duration_ms: 0.100667
  ...
# Subtest: only actual changed heading counts, unchanged animation frames do not
ok 531 - only actual changed heading counts, unchanged animation frames do not
  ---
  duration_ms: 2.211666
  ...
# Subtest: clock-aligned render frames detect wrapped positive heading and reject the wrong direction
ok 532 - clock-aligned render frames detect wrapped positive heading and reject the wrong direction
  ---
  duration_ms: 0.134291
  ...
# Subtest: death, round transition, intoxication and live powerups invalidate the measurement
ok 533 - death, round transition, intoxication and live powerups invalidate the measurement
  ---
  duration_ms: 0.114166
  ...
# Subtest: turning, short, stale and missing baselines are rejected without cherry-picking
ok 534 - turning, short, stale and missing baselines are rejected without cherry-picking
  ---
  duration_ms: 0.115125
  ...
# Subtest: unchanged heading times out and incomplete capture is separately rejected
ok 535 - unchanged heading times out and incomplete capture is separately rejected
  ---
  duration_ms: 0.084084
  ...
# Subtest: one degree metric remains later than the first tiny numerical departure
ok 536 - one degree metric remains later than the first tiny numerical departure
  ---
  duration_ms: 0.070375
  ...
# Subtest: render continuity separates repeated authoritative ticks from animation cadence and attempt gaps
ok 537 - render continuity separates repeated authoritative ticks from animation cadence and attempt gaps
  ---
  duration_ms: 3.62375
  ...
# Subtest: return to lobby from lobby clears match state without inventing session points
ok 538 - return to lobby from lobby clears match state without inventing session points
  ---
  duration_ms: 9.899875
  ...
# Subtest: return to lobby from countdown clears match state without inventing session points
ok 539 - return to lobby from countdown clears match state without inventing session points
  ---
  duration_ms: 1.775417
  ...
# Subtest: return to lobby from playing clears match state without inventing session points
ok 540 - return to lobby from playing clears match state without inventing session points
  ---
  duration_ms: 0.564208
  ...
# Subtest: return to lobby from roundOver clears match state without inventing session points
ok 541 - return to lobby from roundOver clears match state without inventing session points
  ---
  duration_ms: 0.5455
  ...
# Subtest: return to lobby from matchOver clears match state without inventing session points
ok 542 - return to lobby from matchOver clears match state without inventing session points
  ---
  duration_ms: 0.625208
  ...
# Subtest: empty party can return to lobby and invalid scope is rejected before mutation
ok 543 - empty party can return to lobby and invalid scope is rejected before mutation
  ---
  duration_ms: 0.166625
  ...
# Subtest: pure rider kernel exactly matches authoritative turns including drunk offsets
ok 544 - pure rider kernel exactly matches authoritative turns including drunk offsets
  ---
  duration_ms: 22.408042
  ...
# Subtest: opposite controls cancel steering and pure motion leaves input pose unchanged
ok 545 - opposite controls cancel steering and pure motion leaves input pose unchanged
  ---
  duration_ms: 0.083875
  ...
# Subtest: short codes map the full67600 space and reject biased random tail
ok 546 - short codes map the full67600 space and reject biased random tail
  ---
  duration_ms: 0.628917
  ...
# Subtest: new and temporary legacy room identities validate without making codes secrets
ok 547 - new and temporary legacy room identities validate without making codes secrets
  ---
  duration_ms: 0.120042
  ...
# Subtest: collision reservation is bounded and never masks noncollision failure
ok 548 - collision reservation is bounded and never masks noncollision failure
  ---
  duration_ms: 0.548042
  ...
# Subtest: ordinary initial show is inert and permanent departure disposes the room
ok 549 - ordinary initial show is inert and permanent departure disposes the room
  ---
  duration_ms: 0.858333
  ...
# Subtest: BFCache restoration reloads stopped room exactly once instead of reviving its transport
ok 550 - BFCache restoration reloads stopped room exactly once instead of reviving its transport
  ---
  duration_ms: 0.081042
  ...
# Subtest: expired room stops before clearing runtime and never retries a reused public code
ok 551 - expired room stops before clearing runtime and never retries a reused public code
  ---
  duration_ms: 0.789459
  ...
# Subtest: temporary network failure retries while replaced host is terminal separately
ok 552 - temporary network failure retries while replaced host is terminal separately
  ---
  duration_ms: 0.090167
  ...
# Subtest: safeStorage falls back to an in-memory store when the underlying storage throws on access
ok 553 - safeStorage falls back to an in-memory store when the underlying storage throws on access
  ---
  duration_ms: 0.553542
  ...
# Subtest: safeStorage does not evaluate the storage accessor until a get/set/remove call is made
ok 554 - safeStorage does not evaluate the storage accessor until a get/set/remove call is made
  ---
  duration_ms: 0.081208
  ...
# Subtest: safeStorage passes through to real storage when it works
ok 555 - safeStorage passes through to real storage when it works
  ---
  duration_ms: 0.158167
  ...
# Subtest: createMemoryStorage never throws and reports missing keys as null
ok 556 - createMemoryStorage never throws and reports missing keys as null
  ---
  duration_ms: 0.225458
  ...
# Subtest: LAN AI management is authorized, shares seats, follows normal rounds and can be removed
ok 557 - LAN AI management is authorized, shares seats, follows normal rounds and can be removed
  ---
  duration_ms: 39.375917
  ...
# Subtest: LAN bot protocol rejects missing IDs, human IDs and unexpected action data
ok 558 - LAN bot protocol rejects missing IDs, human IDs and unexpected action data
  ---
  duration_ms: 0.47975
  ...
# Subtest: a reconnect cancels prior charge and accepts a fresh explicit press-release pair
ok 559 - a reconnect cancels prior charge and accepts a fresh explicit press-release pair
  ---
  duration_ms: 81.950333
  ...
# Subtest: match rematch resets scope and wins, then round-over automatically starts the next round
ok 560 - match rematch resets scope and wins, then round-over automatically starts the next round
  ---
  duration_ms: 50.940333
  ...
# Subtest: controller snapshots strip the full match statistics table
ok 561 - controller snapshots strip the full match statistics table
  ---
  duration_ms: 0.851292
  ...
# Subtest: five seats, sixth denial, full public snapshots and private host control
ok 562 - five seats, sixth denial, full public snapshots and private host control
  ---
  duration_ms: 71.911291
  ...
# Subtest: reconnect replaces the same seat, sequences continue, stale input becomes neutral, rapid bomb taps survive
ok 563 - reconnect replaces the same seat, sequences continue, stale input becomes neutral, rapid bomb taps survive
  ---
  duration_ms: 22.22175
  ...
# Subtest: admission rejects late/invalid joins, leave frees lobby seats and eliminates during play
ok 564 - admission rejects late/invalid joins, leave frees lobby seats and eliminates during play
  ---
  duration_ms: 27.441583
  ...
# Subtest: charge holds use authoritative ticks and launch only on explicit release
ok 565 - charge holds use authoritative ticks and launch only on explicit release
  ---
  duration_ms: 30.13425
  ...
# Subtest: cancel, stale input, and socket replacement discard charges and queued releases
ok 566 - cancel, stale input, and socket replacement discard charges and queued releases
  ---
  duration_ms: 16.721292
  ...
# Subtest: typed injected clock drives heartbeat timeout and rate window without sleeping
ok 567 - typed injected clock drives heartbeat timeout and rate window without sleeping
  ---
  duration_ms: 6.740208
  ...
# Subtest: a flood of malformed frames is counted against the rate limit and closes the socket with 1008
ok 568 - a flood of malformed frames is counted against the rate limit and closes the socket with 1008
  ---
  duration_ms: 6.007125
  ...
# Subtest: invalid frames do not refresh lastSeen so the idle watchdog still prunes a garbage-only client
ok 569 - invalid frames do not refresh lastSeen so the idle watchdog still prunes a garbage-only client
  ---
  duration_ms: 1.724667
  ...
# Subtest: bounded catch-up discards sleep-sized backlogs
ok 570 - bounded catch-up discards sleep-sized backlogs
  ---
  duration_ms: 0.109875
  ...
# Subtest: a finished match can accept fresh phones after every original player leaves
ok 571 - a finished match can accept fresh phones after every original player leaves
  ---
  duration_ms: 16.411541
  ...
# Subtest: injected scheduler advances fixed ticks, caps catch-up, discards excess and cancels on close
ok 572 - injected scheduler advances fixed ticks, caps catch-up, discards excess and cancels on close
  ---
  duration_ms: 0.46475
  ...
# Subtest: display receives 20Hz world state while phones receive compact 10Hz updates and measured input acknowledgments
ok 573 - display receives 20Hz world state while phones receive compact 10Hz updates and measured input acknowledgments
  ---
  duration_ms: 14.251792
  ...
# Subtest: late countdown joins wait safely, reconnect and enter next round automatically
ok 574 - late countdown joins wait safely, reconnect and enter next round automatically
  ---
  duration_ms: 17.150541
  ...
# Subtest: late playing joins wait safely, reconnect and enter next round automatically
ok 575 - late playing joins wait safely, reconnect and enter next round automatically
  ---
  duration_ms: 11.537708
  ...
# Subtest: target release aim survives newer input packets through real socket transport
ok 576 - target release aim survives newer input packets through real socket transport
  ---
  duration_ms: 8.557542
  ...
# Subtest: host can abort to lobby without losing phone seats or replaying buffered bomb releases
ok 577 - host can abort to lobby without losing phone seats or replaying buffered bomb releases
  ---
  duration_ms: 11.157
  ...
# Subtest: serialized avatar joins assign an allowed head and reconnect preserves server identity
ok 578 - serialized avatar joins assign an allowed head and reconnect preserves server identity
  ---
  duration_ms: 2.825292
  ...
# Subtest: a joined controller can change only its own avatar during play without altering gameplay
ok 579 - a joined controller can change only its own avatar during play without altering gameplay
  ---
  duration_ms: 9.4375
  ...
# Subtest: phones that vanish in the lobby release their seats for newcomers and for the next start
ok 580 - phones that vanish in the lobby release their seats for newcomers and for the next start
  ---
  duration_ms: 5.772292
  ...
# Subtest: a full lobby reclaims a vanished seat for a newcomer without any host action
ok 581 - a full lobby reclaims a vanished seat for a newcomer without any host action
  ---
  duration_ms: 4.831375
  ...
# Subtest: a phone that vanishes mid-round keeps its seat for reconnection and never yields it to a newcomer
ok 582 - a phone that vanishes mid-round keeps its seat for reconnection and never yields it to a newcomer
  ---
  duration_ms: 12.791708
  ...
# Subtest: actual service exposes Cloud Run safe health aliases without requiring provider operations
ok 583 - actual service exposes Cloud Run safe health aliases without requiring provider operations
  ---
  duration_ms: 821.758791
  ...
# Subtest: service transaction retries keep one logical connection/grant and fenced replacement
ok 584 - service transaction retries keep one logical connection/grant and fenced replacement
  ---
  duration_ms: 1.484708
  ...
# Subtest: service reserves creator slot and atomically bounds concurrent admission
ok 585 - service reserves creator slot and atomically bounds concurrent admission
  ---
  duration_ms: 0.430917
  ...
# Subtest: two gateways advertise actual remote members and route only signalling
ok 586 - two gateways advertise actual remote members and route only signalling
  ---
  duration_ms: 1.162375
  ...
# Subtest: mesh signalling permits guest pairs while rejecting foreign room and replaced target scopes
ok 587 - mesh signalling permits guest pairs while rejecting foreign room and replaced target scopes
  ---
  duration_ms: 0.463458
  ...
# Subtest: guest mesh signals retain source replacement and cross-room membership fences
ok 588 - guest mesh signals retain source replacement and cross-room membership fences
  ---
  duration_ms: 2.138166
  ...
# Subtest: fast bus after delayed metadata emits new source membership before SDP
ok 589 - fast bus after delayed metadata emits new source membership before SDP
  ---
  duration_ms: 0.536584
  ...
# Subtest: expired and duplicate bus packets never repeat SDP; old replacement source is rejected
ok 590 - expired and duplicate bus packets never repeat SDP; old replacement source is rejected
  ---
  duration_ms: 0.374875
  ...
# Subtest: time renewals preserve exact authority and stale close cannot revoke replacement
ok 591 - time renewals preserve exact authority and stale close cannot revoke replacement
  ---
  duration_ms: 0.788417
  ...
# Subtest: idle teardown and immediate rejoin serialize a new subscription before admission
ok 592 - idle teardown and immediate rejoin serialize a new subscription before admission
  ---
  duration_ms: 1.201375
  ...
# Subtest: bus failure and slow receiver fail explicitly without keeping hidden relay queues
ok 593 - bus failure and slow receiver fail explicitly without keeping hidden relay queues
  ---
  duration_ms: 1.268125
  ...
# Subtest: runtime metadata and bus schemas reject corrupt scope and gameplay frames
ok 594 - runtime metadata and bus schemas reject corrupt scope and gameplay frames
  ---
  duration_ms: 7.480292
  ...
# Subtest: v2 renewal accepts GrantIdentity without timestamps at the actual JSON boundary
ok 595 - v2 renewal accepts GrantIdentity without timestamps at the actual JSON boundary
  ---
  duration_ms: 0.409875
  ...
# Subtest: failed bus is drained before a queued new connection can mark it ready
ok 596 - failed bus is drained before a queued new connection can mark it ready
  ---
  duration_ms: 0.417125
  ...
# Subtest: short-code transactional collisions preserve the live room and retry only bounded conflicts
ok 597 - short-code transactional collisions preserve the live room and retry only bounded conflicts
  ---
  duration_ms: 7.517958
  ...
# Subtest: guest keepalives never extend host-session lifetime and exact expiry rejects admission
ok 598 - guest keepalives never extend host-session lifetime and exact expiry rejects admission
  ---
  duration_ms: 0.464291
  ...
# Subtest: only the current host extends reconnect grace and replacement close cannot shorten it
ok 599 - only the current host extends reconnect grace and replacement close cannot shorten it
  ---
  duration_ms: 0.225625
  ...
# Subtest: host end is authorized, immediate and cannot end a reused code with an old capability
ok 600 - host end is authorized, immediate and cannot end a reused code with an old capability
  ---
  duration_ms: 0.636416
  ...
# Subtest: cached signalling refuses expired rooms before asynchronous TTL deletion
ok 601 - cached signalling refuses expired rooms before asynchronous TTL deletion
  ---
  duration_ms: 0.572083
  ...
# Subtest: gateway expiry timer closes silent sockets without depending on TTL deletion or traffic
ok 602 - gateway expiry timer closes silent sockets without depending on TTL deletion or traffic
  ---
  duration_ms: 6.026833
  ...
# Subtest: delayed old-incarnation heartbeat or read cannot roll back a reused room view
ok 603 - delayed old-incarnation heartbeat or read cannot roll back a reused room view
  ---
  duration_ms: 6.258
  ...
# Subtest: delayed old admission cannot replace a newly observed room incarnation
ok 604 - delayed old admission cannot replace a newly observed room incarnation
  ---
  duration_ms: 0.742584
  ...
# Subtest: cancelled metadata watch callbacks cannot mutate a recreated room view
ok 605 - cancelled metadata watch callbacks cannot mutate a recreated room view
  ---
  duration_ms: 0.35775
  ...
# Subtest: direct new admission rotates an active old watch before its delayed callbacks arrive
ok 606 - direct new admission rotates an active old watch before its delayed callbacks arrive
  ---
  duration_ms: 0.334708
  ...
# Subtest: shell reflects remaining travel and exposes the true collision path
ok 607 - shell reflects remaining travel and exposes the true collision path
  ---
  duration_ms: 2.187333
  ...
# Subtest: corners reflect both axes and shrinking bounds clamp safely
ok 608 - corners reflect both axes and shrinking bounds clamp safely
  ---
  duration_ms: 0.110417
  ...
# Subtest: shell ricochets off a tail without crossing it and keeps its speed
ok 609 - shell ricochets off a tail without crossing it and keeps its speed
  ---
  duration_ms: 0.259084
  ...
# Subtest: diagonal tails and exposed endpoints reflect instead of tunnelling
ok 610 - diagonal tails and exposed endpoints reflect instead of tunnelling
  ---
  duration_ms: 0.09475
  ...
# Subtest: failure notice classifies only press/release gestures, never neutral or held heartbeats
ok 611 - failure notice classifies only press/release gestures, never neutral or held heartbeats
  ---
  duration_ms: 0.419583
  ...
# Subtest: shot notice persists three seconds independently and another failure restarts the deadline
ok 612 - shot notice persists three seconds independently and another failure restarts the deadline
  ---
  duration_ms: 0.0935
  ...
# Subtest: every candidate shape Chrome and Safari emit passes the signalling boundary
ok 613 - every candidate shape Chrome and Safari emit passes the signalling boundary
  ---
  duration_ms: 0.47225
  ...
# Subtest: descriptions from localDescription.toJSON() pass; anything else is rejected
ok 614 - descriptions from localDescription.toJSON() pass; anything else is rejected
  ---
  duration_ms: 0.2145
  ...
# Subtest: connect() while the previous socket is still CONNECTING closes it instead of orphaning it
ok 615 - connect() while the previous socket is still CONNECTING closes it instead of orphaning it
  ---
  duration_ms: 2.017042
  ...
# Subtest: connect() with no prior socket does not attempt to close anything
ok 616 - connect() with no prior socket does not attempt to close anything
  ---
  duration_ms: 0.216917
  ...
# Subtest: a real disconnect on the current socket reports status and reconnects
ok 617 - a real disconnect on the current socket reports status and reconnects
  ---
  duration_ms: 0.118291
  ...
# Subtest: send() only transmits once the current socket reports OPEN, and close() is idempotent-safe
ok 618 - send() only transmits once the current socket reports OPEN, and close() is idempotent-safe
  ---
  duration_ms: 0.104542
  ...
# Subtest: an inbound pong reports round-trip time instead of reaching onMessage
ok 619 - an inbound pong reports round-trip time instead of reaching onMessage
  ---
  duration_ms: 0.641792
  ...
# Subtest: a host error reply survives 200 ms of ticks and world frames, then the connection status returns
ok 620 - a host error reply survives 200 ms of ticks and world frames, then the connection status returns
  ---
  duration_ms: 0.959334
  ...
# Subtest: unchanged recurring status is emitted once however many ticks and frames restate it
ok 621 - unchanged recurring status is emitted once however many ticks and frames restate it
  ---
  duration_ms: 0.234166
  ...
# Subtest: the recurring status that returns after a notice is the latest one, not the one it replaced
ok 622 - the recurring status that returns after a notice is the latest one, not the one it replaced
  ---
  duration_ms: 0.115792
  ...
# Subtest: a join error survives the 500 ms join retry cadence without restating itself
ok 623 - a join error survives the 500 ms join retry cadence without restating itself
  ---
  duration_ms: 0.160667
  ...
# Subtest: a later notice replaces a live notice and extends the hold
ok 624 - a later notice replaces a live notice and extends the hold
  ---
  duration_ms: 0.0945
  ...
# Subtest: a notice raised before any connection status is never replaced by a silent refresh
ok 625 - a notice raised before any connection status is never replaced by a silent refresh
  ---
  duration_ms: 0.118666
  ...
# Subtest: a rejected input frame flashes without holding the line or hiding a real error
ok 626 - a rejected input frame flashes without holding the line or hiding a real error
  ---
  duration_ms: 0.130792
  ...
# Subtest: a terminal notice is never overwritten by recurring status or by later notices
ok 627 - a terminal notice is never overwritten by recurring status or by later notices
  ---
  duration_ms: 0.1385
  ...
# Subtest: target collection arms one normal-strength bomb and preserves volley upgrades
ok 628 - target collection arms one normal-strength bomb and preserves volley upgrades
  ---
  duration_ms: 10.541875
  ...
# Subtest: targeting requires pickup and clamps to the current safe field
ok 629 - targeting requires pickup and clamps to the current safe field
  ---
  duration_ms: 1.024625
  ...
# Subtest: cancel, rejected release and death clear preview without consuming; next round resets
ok 630 - cancel, rejected release and death clear preview without consuming; next round resets
  ---
  duration_ms: 1.351834
  ...
# Subtest: queued release uses its own aim rather than a later packet in the same server tick
ok 631 - queued release uses its own aim rather than a later packet in the same server tick
  ---
  duration_ms: 0.587417
  ...
# Subtest: Target detonates on the release tick, with damage and protection resolved immediately
ok 632 - Target detonates on the release tick, with damage and protection resolved immediately
  ---
  duration_ms: 2.366458
  ...
# Subtest: instant Target blast chains nearby bombs in the same tick
ok 633 - instant Target blast chains nearby bombs in the same tick
  ---
  duration_ms: 0.539667
  ...
# Subtest: host clock replies are bound, single-use, bounded and invalidated at recovery
ok 634 - host clock replies are bound, single-use, bounded and invalidated at recovery
  ---
  duration_ms: 0.516291
  ...
# Subtest: trail clipping preserves contained geometry identity and timestamps
ok 635 - trail clipping preserves contained geometry identity and timestamps
  ---
  duration_ms: 0.495
  ...
# Subtest: trail clipping trims crossings on every edge in both directions
ok 636 - trail clipping trims crossings on every edge in both directions
  ---
  duration_ms: 0.466625
  ...
# Subtest: trail clipping keeps closed tangent edges and corner contacts
ok 637 - trail clipping keeps closed tangent edges and corner contacts
  ---
  duration_ms: 0.068458
  ...
# Subtest: trail clipping removes exterior points, parallel lines and disjoint diagonal segments
ok 638 - trail clipping removes exterior points, parallel lines and disjoint diagonal segments
  ---
  duration_ms: 0.064041
  ...
# Subtest: overtime trims dead and living trails before collision and snapshot, retaining disconnected pieces
ok 639 - overtime trims dead and living trails before collision and snapshot, retaining disconnected pieces
  ---
  duration_ms: 9.483292
  ...
# Subtest: star, shield and portal grace bounce trails cannot start outside the newly closed field
ok 640 - star, shield and portal grace bounce trails cannot start outside the newly closed field
  ---
  duration_ms: 2.53475
  ...
# Subtest: overtime clipping preserves portal entry and exit discontinuity
ok 641 - overtime clipping preserves portal entry and exit discontinuity
  ---
  duration_ms: 0.962209
  ...
# Subtest: Worker persists an incarnation and allocates authority to the current host connection only
ok 642 - Worker persists an incarnation and allocates authority to the current host connection only
  ---
  duration_ms: 18.825666
  ...
# Subtest: Worker fences host replacement and delayed close without overlapping lease validity
ok 643 - Worker fences host replacement and delayed close without overlapping lease validity
  ---
  duration_ms: 2.66925
  ...
# Subtest: Worker renews only an active exact grant from its current host, with authenticated clock echo
ok 644 - Worker renews only an active exact grant from its current host, with authenticated clock echo
  ---
  duration_ms: 1.633125
  ...
# Subtest: Worker routes only current authenticated endpoints and includes source connection scope
ok 645 - Worker routes only current authenticated endpoints and includes source connection scope
  ---
  duration_ms: 1.829167
  ...
# Subtest: Worker serializes simultaneous host reservations and retains fencing through hibernation state
ok 646 - Worker serializes simultaneous host reservations and retains fencing through hibernation state
  ---
  duration_ms: 1.030041
  ...
# Subtest: Worker rejects malformed clock requests and bounds six active memberships while permitting replacement
ok 647 - Worker rejects malformed clock requests and bounds six active memberships while permitting replacement
  ---
  duration_ms: 3.674541
  ...
# Subtest: Worker reserves creator capacity when invitees arrive before the host
ok 648 - Worker reserves creator capacity when invitees arrive before the host
  ---
  duration_ms: 2.596625
  ...
# Subtest: Worker rejects gameplay relay even between valid host and guest sockets
ok 649 - Worker rejects gameplay relay even between valid host and guest sockets
  ---
  duration_ms: 1.040917
  ...
# Subtest: Worker expires at90seconds without host heartbeat even while guests keep sending
ok 650 - Worker expires at90seconds without host heartbeat even while guests keep sending
  ---
  duration_ms: 1.296834
  ...
# Subtest: Worker end requires host capability and code reuse clears prior authority
ok 651 - Worker end requires host capability and code reuse clears prior authority
  ---
  duration_ms: 1.675125
  ...
# Subtest: Worker current host heartbeats extend deadline while stale closes do not
ok 652 - Worker current host heartbeats extend deadline while stale closes do not
  ---
  duration_ms: 2.185459
  ...
1..652
# tests 652
# suites 0
# pass 652
# fail 0
# cancelled 0
# skipped 0
# todo 0
# duration_ms 16689.739042
--------------------------|---------|----------|---------|---------|--------------------------------
File                      | % Stmts | % Branch | % Funcs | % Lines | Uncovered Line #s              
--------------------------|---------|----------|---------|---------|--------------------------------
All files                 |   99.62 |    94.42 |   99.23 |   99.62 |                                
 client                   |     100 |    97.94 |    98.3 |     100 |                                
  audio-director.ts       |     100 |    98.38 |     100 |     100 | 77                             
  controller-keyboard.ts  |     100 |      100 |     100 |     100 |                                
  controller-pointers.ts  |     100 |    98.48 |   91.66 |     100 | 56                             
  controller-state.ts     |     100 |    98.95 |     100 |     100 | 81                             
  render-snapshot.ts      |     100 |       90 |     100 |     100 | 37-45                          
  snapshot-stream.ts      |     100 |      100 |     100 |     100 |                                
 online                   |   99.73 |    93.17 |   99.05 |   99.73 |                                
  action-replication.ts   |     100 |    89.94 |     100 |     100 | ...135,142,153,159,162,164-166 
  authority-grace.ts      |     100 |      100 |     100 |     100 |                                
  authority-status.ts     |     100 |      100 |     100 |     100 |                                
  authority.ts            |     100 |      100 |     100 |     100 |                                
  checkpoint.ts           |     100 |    92.22 |     100 |     100 | ...112,114,117-119,121,137,141 
  direct-clock.ts         |     100 |    98.98 |     100 |     100 | 75                             
  direct-control.ts       |     100 |      100 |     100 |     100 |                                
  direct-heartbeat.ts     |     100 |    95.52 |     100 |     100 | 19,86,95,100,105,107           
  direct-ingress.ts       |     100 |      100 |     100 |     100 |                                
  direct-origin.ts        |     100 |    97.26 |     100 |     100 | 62,74                          
  direct-presentation.ts  |     100 |    98.46 |     100 |     100 | 28                             
  direct-room-state.ts    |     100 |     94.5 |     100 |     100 | ...,92,100,105,116,124,141-142 
  direct-segment.ts       |     100 |    92.32 |   96.96 |     100 | ...201,210,251,290,301,312,327 
  direct-stream.ts        |     100 |    98.75 |     100 |     100 | 42,159                         
  host-session.ts         |   99.49 |    89.79 |     100 |   99.49 | 41                             
  ice-config.ts           |     100 |    97.36 |     100 |     100 | 13                             
  ice-signal.ts           |     100 |       92 |     100 |     100 | 9,18                           
  keyframe-delivery.ts    |     100 |      100 |     100 |     100 |                                
  link-callback.ts        |     100 |      100 |     100 |     100 |                                
  link-diagnostics.ts     |     100 |       84 |     100 |     100 | 16,20,33,39-42                 
  link-health.ts          |     100 |      100 |     100 |     100 |                                
  link-restart.ts         |     100 |      100 |     100 |     100 |                                
  link-send-gate.ts       |     100 |      100 |     100 |     100 |                                
  local-runtime.ts        |     100 |    89.58 |     100 |     100 | 33,54,61,71-73                 
  mobile-play-policy.ts   |     100 |      100 |     100 |     100 |                                
  prediction-clock.ts     |     100 |    98.03 |     100 |     100 | 37                             
  prediction.ts           |     100 |    87.15 |     100 |     100 | ...1,84-85,106,114-115,118-120 
  recipient-ack.ts        |     100 |      100 |     100 |     100 |                                
  remote-signal.ts        |   95.34 |    94.73 |     100 |   95.34 | 36-37                          
  response-measurement.ts |     100 |    98.52 |     100 |     100 | 25                             
  rollback-world.ts       |     100 |    91.91 |     100 |     100 | ...205,228,236,244-246,253,269 
  room-lifecycle.ts       |     100 |      100 |     100 |     100 |                                
  room-socket-close.ts    |     100 |      100 |     100 |     100 |                                
  runtime.ts              |   98.86 |    90.21 |   93.93 |   98.86 | 36-39,348-349                  
  status-notices.ts       |     100 |      100 |     100 |     100 |                                
  world-codec.ts          |     100 |     86.4 |      90 |     100 | ...64,66,68,71-75,86,88-95,100 
 server                   |    98.2 |     92.2 |     100 |    98.2 |                                
  bomb-input.ts           |     100 |      100 |     100 |     100 |                                
  index.ts                |    97.9 |    90.95 |     100 |    97.9 | 60,74,283-286                  
 service                  |     100 |      100 |     100 |     100 |                                
  signal.ts               |     100 |      100 |     100 |     100 |                                
 shared                   |   99.59 |    96.85 |     100 |   99.59 |                                
  action-log.ts           |     100 |       96 |     100 |     100 | 40,44,75-76,113                
  avatars.ts              |     100 |      100 |     100 |     100 |                                
  blast-geometry.ts       |     100 |      100 |     100 |     100 |                                
  bomb-launch.ts          |     100 |      100 |     100 |     100 |                                
  bot-controller.ts       |     100 |      100 |     100 |     100 |                                
  deterministic-math.ts   |     100 |      100 |     100 |     100 |                                
  direct-input.ts         |     100 |      100 |     100 |     100 |                                
  drunk.ts                |     100 |      100 |     100 |     100 |                                
  duration-text.ts        |     100 |      100 |     100 |     100 |                                
  game.ts                 |   99.44 |    95.82 |     100 |   99.44 | 342-343,730-731,1154-1156      
  gun.ts                  |     100 |    88.23 |     100 |     100 | 26,31                          
  launch-modifiers.ts     |     100 |      100 |     100 |     100 |                                
  leaderboard.ts          |   96.63 |    94.33 |     100 |   96.63 | 46-47,89-90                    
  match-recap.ts          |     100 |    95.71 |     100 |     100 | 23,83,86                       
  match-stats.ts          |     100 |    98.36 |     100 |     100 | 181                            
  pickup-weights.ts       |     100 |       90 |     100 |     100 | 16                             
  portal.ts               |     100 |      100 |     100 |     100 |                                
  protocol.ts             |     100 |      100 |     100 |     100 |                                
  rider-motion.ts         |     100 |      100 |     100 |     100 |                                
  room-code.ts            |     100 |      100 |     100 |     100 |                                
  room-settings.ts        |     100 |    92.85 |     100 |     100 | 27                             
  shell.ts                |     100 |    93.47 |     100 |     100 | 15,47-50                       
  trail-clipping.ts       |     100 |      100 |     100 |     100 |                                
--------------------------|---------|----------|---------|---------|--------------------------------
