TAP version 13
# Subtest: accepted host actions replay complete lifecycle, bots, timeout cancellation and resets
ok 1 - accepted host actions replay complete lifecycle, bots, timeout cancellation and resets
  ---
  duration_ms: 3900.380541
  ...
# Subtest: replica game checkpoint preserves connected and charging state without host recovery sanitization
ok 2 - replica game checkpoint preserves connected and charging state without host recovery sanitization
  ---
  duration_ms: 3.084625
  ...
# Subtest: steady held input records only changes; bomb edges never persist into later ticks
ok 3 - steady held input records only changes; bomb edges never persist into later ticks
  ---
  duration_ms: 2.208458
  ...
# Subtest: MessagePack tuples and malformed operations are bounded
ok 4 - MessagePack tuples and malformed operations are bounded
  ---
  duration_ms: 3.529917
  ...
# Subtest: real encoded sender/receiver: duplicate, dropped and reordered batches repair without divergent commit
ok 5 - real encoded sender/receiver: duplicate, dropped and reordered batches repair without divergent commit
  ---
  duration_ms: 4.739125
  ...
# Subtest: invalid transaction and repeated hash mismatch never replace healthy state; fresh baseline repairs
ok 6 - invalid transaction and repeated hash mismatch never replace healthy state; fresh baseline repairs
  ---
  duration_ms: 1.533167
  ...
# Subtest: checkpoint chunk loss, reordering, corruption and timeout are bounded
ok 7 - checkpoint chunk loss, reordering, corruption and timeout are bounded
  ---
  duration_ms: 3.140833
  ...
# Subtest: decoder rejects nested allocation bombs before decoding and accepts ordinary envelopes
ok 8 - decoder rejects nested allocation bombs before decoding and accepts ordinary envelopes
  ---
  duration_ms: 6.489625
  ...
# Subtest: checkpoint and action identity validation agree, including history bounds and legal slot reuse
ok 9 - checkpoint and action identity validation agree, including history bounds and legal slot reuse
  ---
  duration_ms: 67.667291
  ...
# Subtest: newer checkpoint generations cannot erase same-tick accepted lifecycle operations
ok 10 - newer checkpoint generations cannot erase same-tick accepted lifecycle operations
  ---
  duration_ms: 1.074042
  ...
# Subtest: hash comparison survives backpressure precisely on twentieth ticks
ok 11 - hash comparison survives backpressure precisely on twentieth ticks
  ---
  duration_ms: 7.293792
  ...
# Subtest: missing middle checkpoint chunk times out, throttled pump recovers with a fresh generation
ok 12 - missing middle checkpoint chunk times out, throttled pump recovers with a fresh generation
  ---
  duration_ms: 74.887
  ...
# Subtest: signed-zero headings and arena-coordinate bomb targets survive checkpoint suffix replay
ok 13 - signed-zero headings and arena-coordinate bomb targets survive checkpoint suffix replay
  ---
  duration_ms: 2.186709
  ...
# Subtest: host refuses a new historical identity before replay/checkpoint capacity is exceeded
ok 14 - host refuses a new historical identity before replay/checkpoint capacity is exceeded
  ---
  duration_ms: 2.434917
  ...
# Subtest: signed-zero local aim is normalized before MessagePack checkpoint and action capture
ok 15 - signed-zero local aim is normalized before MessagePack checkpoint and action capture
  ---
  duration_ms: 3.14925
  ...
# Subtest: MessagePack action changes carry full applied ticks across sparse input and bomb transitions
ok 16 - MessagePack action changes carry full applied ticks across sparse input and bomb transitions
  ---
  duration_ms: 1.96
  ...
# Subtest: absolute action ticks above uint16 replay independently of previous held timestamps
ok 17 - absolute action ticks above uint16 replay independently of previous held timestamps
  ---
  duration_ms: 0.402
  ...
# Subtest: action tick mismatch and legacy replay checkpoints preserve healthy receiver state
ok 18 - action tick mismatch and legacy replay checkpoints preserve healthy receiver state
  ---
  duration_ms: 1.578
  ...
# Subtest: assets resolve once under a Pages base and preserve external URLs
ok 19 - assets resolve once under a Pages base and preserve external URLs
  ---
  duration_ms: 0.490375
  ...
# Subtest: audio requires gesture unlock, routes independent mute and volume, and tolerates refusal
ok 20 - audio requires gesture unlock, routes independent mute and volume, and tolerates refusal
  ---
  duration_ms: 0.982084
  ...
# Subtest: original score loops with bounded scheduling and no background catch-up
ok 21 - original score loops with bounded scheduling and no background catch-up
  ---
  duration_ms: 1.217666
  ...
# Subtest: authoritative effects coalesce volleys, reject stale events and baseline reconnects silently
ok 22 - authoritative effects coalesce volleys, reject stale events and baseline reconnects silently
  ---
  duration_ms: 0.355959
  ...
# Subtest: pickup cues use authoritative collection events and reconnect baseline stays silent
ok 23 - pickup cues use authoritative collection events and reconnect baseline stays silent
  ---
  duration_ms: 0.10475
  ...
# Subtest: engine emits collection once only after a real pickup is consumed
ok 24 - engine emits collection once only after a real pickup is consumed
  ---
  duration_ms: 14.055667
  ...
# Subtest: older round snapshots cannot reset scope or stop music
ok 25 - older round snapshots cannot reset scope or stop music
  ---
  duration_ms: 0.199333
  ...
# Subtest: eight original scores have long arrangements, distinct melodies and bounded valid voices
ok 26 - eight original scores have long arrangements, distinct melodies and bounded valid voices
  ---
  duration_ms: 13.017667
  ...
# Subtest: playlist completes an arrangement, rotates all eight tunes and retains mute and volume
ok 27 - playlist completes an arrangement, rotates all eight tunes and retains mute and volume
  ---
  duration_ms: 0.707125
  ...
# Subtest: new rounds advance playlist once; repeated snapshots and reconnects do not rewind it
ok 28 - new rounds advance playlist once; repeated snapshots and reconnects do not rewind it
  ---
  duration_ms: 0.112667
  ...
# Subtest: enabled audio plays in the lobby and intermissions and explicit enable confirms output
ok 29 - enabled audio plays in the lobby and intermissions and explicit enable confirms output
  ---
  duration_ms: 0.097417
  ...
# Subtest: two jazz tunes swing in tempo and use soft walking bass and seventh chords
ok 30 - two jazz tunes swing in tempo and use soft walking bass and seventh chords
  ---
  duration_ms: 0.142792
  ...
# Subtest: director schedules swung offbeats without catch-up bursts
ok 31 - director schedules swung offbeats without catch-up bursts
  ---
  duration_ms: 0.099125
  ...
# Subtest: gun launch plays a layered cannon cue
ok 32 - gun launch plays a layered cannon cue
  ---
  duration_ms: 0.100958
  ...
# Subtest: a host stall over the clock threshold pauses advancing but keeps seat scopes; queued and old-scope inputs still apply
ok 33 - a host stall over the clock threshold pauses advancing but keeps seat scopes; queued and old-scope inputs still apply
  ---
  duration_ms: 13.3255
  ...
# Subtest: a single time sample above the lease guard pauses for one sample period without rotating seat scopes
ok 34 - a single time sample above the lease guard pauses for one sample period without rotating seat scopes
  ---
  duration_ms: 2.022417
  ...
# Subtest: continuous non-permission beyond the grace clears seats exactly once; a fresh certification re-arms it
ok 35 - continuous non-permission beyond the grace clears seats exactly once; a fresh certification re-arms it
  ---
  duration_ms: 33.368333
  ...
# Subtest: a lease that actually lapses under a healthy clock stops advancing at once and clears seats after the grace
ok 36 - a lease that actually lapses under a healthy clock stops advancing at once and clears seats after the grace
  ---
  duration_ms: 4.849084
  ...
# Subtest: AuthorityGrace fires once per outage, only after prior permission, and reset() scopes it to one authority
ok 37 - AuthorityGrace fires once per outage, only after prior permission, and reset() scopes it to one authority
  ---
  duration_ms: 0.303833
  ...
# Subtest: authority recovery clears a stale pause once without overwriting subsequent command errors
ok 38 - authority recovery clears a stale pause once without overwriting subsequent command errors
  ---
  duration_ms: 0.496334
  ...
# Subtest: a sustained pause announces itself once; further ticks preserve the notice on screen
ok 39 - a sustained pause announces itself once; further ticks preserve the notice on screen
  ---
  duration_ms: 0.087292
  ...
# Subtest: initial permission produces confirmed status and sustained permission stays silent
ok 40 - initial permission produces confirmed status and sustained permission stays silent
  ---
  duration_ms: 0.050625
  ...
# Subtest: ten distinct avatar ids address exactly ten atlas cells
ok 41 - ten distinct avatar ids address exactly ten atlas cells
  ---
  duration_ms: 1.256791
  ...
# Subtest: default and selected heads appear in authoritative snapshots without changing slot color
ok 42 - default and selected heads appear in authoritative snapshots without changing slot color
  ---
  duration_ms: 6.362875
  ...
# Subtest: live avatar messages only accept a known head and no player override
ok 43 - live avatar messages only accept a known head and no player override
  ---
  duration_ms: 0.132
  ...
# Subtest: disk uses radial distance rather than bounding square or cross
ok 44 - disk uses radial distance rather than bounding square or cross
  ---
  duration_ms: 0.422542
  ...
# Subtest: swept disk detects crossing, tangent, radius padding and endpoint misses
ok 45 - swept disk detects crossing, tangent, radius padding and endpoint misses
  ---
  duration_ms: 0.090125
  ...
# Subtest: ordered bomb edges survive a between-tick tap, while held resends do not repeat presses
ok 46 - ordered bomb edges survive a between-tick tap, while held resends do not repeat presses
  ---
  duration_ms: 0.777125
  ...
# Subtest: interruption discards even a queued release and requires a neutral handshake
ok 47 - interruption discards even a queued release and requires a neutral handshake
  ---
  duration_ms: 0.091583
  ...
# Subtest: overflow cancels the bounded queue and a later fresh press can recover
ok 48 - overflow cancels the bounded queue and a later fresh press can recover
  ---
  duration_ms: 0.061917
  ...
# Subtest: target input preserves per-release aim despite later packets and caller mutation
ok 49 - target input preserves per-release aim despite later packets and caller mutation
  ---
  duration_ms: 0.107083
  ...
# Subtest: maps charge ticks linearly between accepted minimum and maximum
ok 50 - maps charge ticks linearly between accepted minimum and maximum
  ---
  duration_ms: 0.406458
  ...
# Subtest: projects along the release angle and clamps each coordinate to safe bounds
ok 51 - projects along the release angle and clamps each coordinate to safe bounds
  ---
  duration_ms: 0.583542
  ...
# Subtest: AI is deterministic, uses its injected random stream and never mutates the observed world
ok 52 - AI is deterministic, uses its injected random stream and never mutates the observed world
  ---
  duration_ms: 10.093791
  ...
# Subtest: AI is neutral when absent, dead, disconnected or waiting for next round
ok 53 - AI is neutral when absent, dead, disconnected or waiting for next round
  ---
  duration_ms: 0.539625
  ...
# Subtest: AI turns away from imminent walls, trails and rider paths
ok 54 - AI turns away from imminent walls, trails and rider paths
  ---
  duration_ms: 7.385375
  ...
# Subtest: AI considers expired and recent own trails, pickups, blasts, shells and drunk heading without changing physics
ok 55 - AI considers expired and recent own trails, pickups, blasts, shells and drunk heading without changing physics
  ---
  duration_ms: 1.019542
  ...
# Subtest: AI presses, holds and releases ordinary bombs through the same charge/cooldown rules
ok 56 - AI presses, holds and releases ordinary bombs through the same charge/cooldown rules
  ---
  duration_ms: 4.667125
  ...
# Subtest: AI target/gun/shell shots use normal input actions and target aim is bounded
ok 57 - AI target/gun/shell shots use normal input actions and target aim is bounded
  ---
  duration_ms: 3.333292
  ...
# Subtest: Host alone can manage AI, five shared slots are enforced, and a solo host can start
ok 58 - Host alone can manage AI, five shared slots are enforced, and a solo host can start
  ---
  duration_ms: 0.913333
  ...
# Subtest: AI arriving during a match waits and appears in the next round without a timed click
ok 59 - AI arriving during a match waits and appears in the next round without a timed click
  ---
  duration_ms: 45.104542
  ...
# Subtest: AI removal/reset frees its slot without converting humans or reusing old bot identity
ok 60 - AI removal/reset frees its slot without converting humans or reusing old bot identity
  ---
  duration_ms: 0.28275
  ...
# Subtest: Checkpoint v3 restores only validated bot ownership and rejects malformed registries atomically
ok 61 - Checkpoint v3 restores only validated bot ownership and rejects malformed registries atomically
  ---
  duration_ms: 3.219542
  ...
# Subtest: visual projection uses authoritative tick spacing during packet bursts
ok 62 - visual projection uses authoritative tick spacing during packet bursts
  ---
  duration_ms: 0.616875
  ...
# Subtest: visual projection freezes after 50 ms and never projects death or non-playing phases
ok 63 - visual projection freezes after 50 ms and never projects death or non-playing phases
  ---
  duration_ms: 0.083792
  ...
# Subtest: visual projection does not cross round, match, membership or timestamp boundaries
ok 64 - visual projection does not cross round, match, membership or timestamp boundaries
  ---
  duration_ms: 0.089417
  ...
# Subtest: visual projection snaps a portal transit and resumes on the next ordinary movement pair
ok 65 - visual projection snaps a portal transit and resumes on the next ordinary movement pair
  ---
  duration_ms: 0.076709
  ...
# Subtest: multitouch retains a control until its final pointer releases
ok 66 - multitouch retains a control until its final pointer releases
  ---
  duration_ms: 0.591667
  ...
# Subtest: fast bomb tap and cancellation always send the falling edge
ok 67 - fast bomb tap and cancellation always send the falling edge
  ---
  duration_ms: 0.14
  ...
# Subtest: pointer cancellation never launches and lost capture after release is a no-op
ok 68 - pointer cancellation never launches and lost capture after release is a no-op
  ---
  duration_ms: 0.09325
  ...
# Subtest: reconnect can force a neutral sample to rearm bomb edges
ok 69 - reconnect can force a neutral sample to rearm bomb edges
  ---
  duration_ms: 0.065959
  ...
# Subtest: held-state resend advances sequence while idle resend stays silent
ok 70 - held-state resend advances sequence while idle resend stays silent
  ---
  duration_ms: 0.151417
  ...
# Subtest: snapshot acceptance handles opaque match ids without lexicographic ordering
ok 71 - snapshot acceptance handles opaque match ids without lexicographic ordering
  ---
  duration_ms: 0.150417
  ...
# Subtest: snapshot acceptance rejects an older round in the active match
ok 72 - snapshot acceptance rejects an older round in the active match
  ---
  duration_ms: 0.050083
  ...
# Subtest: target preview projects for at most one tick and stays inside the arena
ok 73 - target preview projects for at most one tick and stays inside the arena
  ---
  duration_ms: 0.115417
  ...
# Subtest: shell visuals advance between server ticks and reflect off walls without changing authority
ok 74 - shell visuals advance between server ticks and reflect off walls without changing authority
  ---
  duration_ms: 0.231166
  ...
# Subtest: public smoke exercises real gateway socket boundaries and emits no credentials
ok 75 - public smoke exercises real gateway socket boundaries and emits no credentials
  ---
  duration_ms: 69.51575
  ...
# Subtest: public smoke stops on broken CORS and reports only a safe check label
ok 76 - public smoke stops on broken CORS and reports only a safe check label
  ---
  duration_ms: 11.783625
  ...
# Subtest: public smoke rejects plaintext and credential-bearing production origins before requests
ok 77 - public smoke rejects plaintext and credential-bearing production origins before requests
  ---
  duration_ms: 2999.804916
  ...
# Subtest: arrows share held state and Space emits exactly one press and release despite repeats
ok 78 - arrows share held state and Space emits exactly one press and release despite repeats
  ---
  duration_ms: 1.185583
  ...
# Subtest: pointer ownership survives keyboard release and cancellation
ok 79 - pointer ownership survives keyboard release and cancellation
  ---
  duration_ms: 0.11725
  ...
# Subtest: menu/focus/visibility cancellation never fires and repeat after reset cannot restart charge
ok 80 - menu/focus/visibility cancellation never fires and repeat after reset cannot restart charge
  ---
  duration_ms: 0.097334
  ...
# Subtest: blocked and unrelated keys retain normal browser handling
ok 81 - blocked and unrelated keys retain normal browser handling
  ---
  duration_ms: 0.057417
  ...
# Subtest: blocked new key clears previously held keys without releasing a bomb
ok 82 - blocked new key clears previously held keys without releasing a bomb
  ---
  duration_ms: 0.055459
  ...
# Subtest: browser modifier shortcuts remain untouched while keyup releases an earlier plain hold
ok 83 - browser modifier shortcuts remain untouched while keyup releases an earlier plain hold
  ---
  duration_ms: 0.1175
  ...
# Subtest: A and D aliases retain independent held ownership from arrow keys
ok 84 - A and D aliases retain independent held ownership from arrow keys
  ---
  duration_ms: 0.07875
  ...
# Subtest: keyboard ArrowLeft/ArrowRight and Space share serialized steering and charge/release semantics
ok 85 - keyboard ArrowLeft/ArrowRight and Space share serialized steering and charge/release semantics
  ---
  duration_ms: 1.267417
  ...
# Subtest: keyboard KeyA/KeyD and Space share serialized steering and charge/release semantics
ok 86 - keyboard KeyA/KeyD and Space share serialized steering and charge/release semantics
  ---
  duration_ms: 0.122458
  ...
# Subtest: arrow and letter aliases keep steering until both keys are released
ok 87 - arrow and letter aliases keep steering until both keys are released
  ---
  duration_ms: 0.32675
  ...
# Subtest: keyboard and pointer holds do not release each other
ok 88 - keyboard and pointer holds do not release each other
  ---
  duration_ms: 0.252084
  ...
# Subtest: focus/lifecycle cancellation never fires or reactivates a held key on repeat
ok 89 - focus/lifecycle cancellation never fires or reactivates a held key on repeat
  ---
  duration_ms: 0.170167
  ...
# Subtest: typing, disabled contexts and browser shortcuts are left alone, but keyup still releases
ok 90 - typing, disabled contexts and browser shortcuts are left alone, but keyup still releases
  ---
  duration_ms: 0.134667
  ...
# Subtest: recycled pointer ownership cancels old steering and makes both buttons reusable
ok 91 - recycled pointer ownership cancels old steering and makes both buttons reusable
  ---
  duration_ms: 0.134291
  ...
# Subtest: global release works if capture throws and leaves simultaneous touches intact
ok 92 - global release works if capture throws and leaves simultaneous touches intact
  ---
  duration_ms: 0.103208
  ...
# Subtest: lost capture and clear cancel charge without accidental release, then recover immediately
ok 93 - lost capture and clear cancel charge without accidental release, then recover immediately
  ---
  duration_ms: 0.125166
  ...
# Subtest: disabled buttons, unrelated capture loss, right clicks and duplicate terminal events do nothing
ok 94 - disabled buttons, unrelated capture loss, right clicks and duplicate terminal events do nothing
  ---
  duration_ms: 0.095875
  ...
# Subtest: input model independently repairs pointer reassignment and preserves duplicate down
ok 95 - input model independently repairs pointer reassignment and preserves duplicate down
  ---
  duration_ms: 0.070167
  ...
# Subtest: held drag enters, switches and exits buttons without tapping; hovering does not press
ok 96 - held drag enters, switches and exits buttons without tapping; hovering does not press
  ---
  duration_ms: 0.171375
  ...
# Subtest: Target aim keeps its thumb while sliding across other controls
ok 97 - Target aim keeps its thumb while sliding across other controls
  ---
  duration_ms: 0.5355
  ...
# Subtest: cancelled or cleared contacts cannot slide-reactivate before lifting
ok 98 - cancelled or cleared contacts cannot slide-reactivate before lifting
  ---
  duration_ms: 0.186584
  ...
# Subtest: target trackpad uses relative motion, throttles packets and sends final release coordinates
ok 99 - target trackpad uses relative motion, throttles packets and sends final release coordinates
  ---
  duration_ms: 1.0015
  ...
# Subtest: aim clamps the board and other fingers cannot move it; cancellation clears it
ok 100 - aim clamps the board and other fingers cannot move it; cancellation clears it
  ---
  duration_ms: 0.135917
  ...
# Subtest: second Fire contact inherits aim without a jump, refresh does not reset active aim
ok 101 - second Fire contact inherits aim without a jump, refresh does not reset active aim
  ---
  duration_ms: 0.078584
  ...
# Subtest: ordinary controls send no aim and invalid positions do not corrupt it
ok 102 - ordinary controls send no aim and invalid positions do not corrupt it
  ---
  duration_ms: 0.074791
  ...
# Subtest: host intention waits for permission, latest wins, expires and cannot cross authority reset
ok 103 - host intention waits for permission, latest wins, expires and cannot cross authority reset
  ---
  duration_ms: 0.750458
  ...
# Subtest: wire actions use full uint32 ticks and strict bounded MessagePack tuples
ok 104 - wire actions use full uint32 ticks and strict bounded MessagePack tuples
  ---
  duration_ms: 1.802667
  ...
# Subtest: independent stream fills holes, permits older repairs after watermark, ignores reordered watermarks
ok 105 - independent stream fills holes, permits older repairs after watermark, ignores reordered watermarks
  ---
  duration_ms: 0.391583
  ...
# Subtest: conflicting IDs, incomparable promises, chronological inversion and reused gesture are atomic faults
ok 106 - conflicting IDs, incomparable promises, chronological inversion and reused gesture are atomic faults
  ---
  duration_ms: 0.343667
  ...
# Subtest: whole world advances with no action packets, then bounded rollback exactly reconstructs late actions
ok 107 - whole world advances with no action packets, then bounded rollback exactly reconstructs late actions
  ---
  duration_ms: 73.841375
  ...
# Subtest: all same-tick press/release packet permutations yield exactly one identical shot
ok 108 - all same-tick press/release packet permutations yield exactly one identical shot
  ---
  duration_ms: 28.248959
  ...
# Subtest: replacement press restarts charge; old release cannot fire the newer gesture
ok 109 - replacement press restarts charge; old release cannot fire the newer gesture
  ---
  duration_ms: 3.938417
  ...
# Subtest: missing press never invents charge; cancel and aiming preserve per-action target order
ok 110 - missing press never invents charge; cancel and aiming preserve per-action target order
  ---
  duration_ms: 7.319209
  ...
# Subtest: idle repair delivers a lost final release; receipt loss never duplicates shots
ok 111 - idle repair delivers a lost final release; receipt loss never duplicates shots
  ---
  duration_ms: 5.274583
  ...
# Subtest: origin immediately sends newest plus old gap records; backpressure repair is paced and bounded
ok 112 - origin immediately sends newest plus old gap records; backpressure repair is paced and bounded
  ---
  duration_ms: 37.201
  ...
# Subtest: finality waits for cross-channel input gaps, then emits derived effects exactly once
ok 113 - finality waits for cross-channel input gaps, then emits derived effects exactly once
  ---
  duration_ms: 22.443833
  ...
# Subtest: finalized bootstrap uses applied prefixes, leaving already received future actions for suffix replay
ok 114 - finalized bootstrap uses applied prefixes, leaving already received future actions for suffix replay
  ---
  duration_ms: 21.843291
  ...
# Subtest: speculation pauses at its fixed bound and resumes after verified finality
ok 115 - speculation pauses at its fixed bound and resumes after verified finality
  ---
  duration_ms: 58.547833
  ...
# Subtest: malformed/future/wrong-owner/stale-segment messages do not alter healthy world
ok 116 - malformed/future/wrong-owner/stale-segment messages do not alter healthy world
  ---
  duration_ms: 6.052458
  ...
# Subtest: invalid bootstrap, changed rules, corrupt state and wrong scope never instantiate a replica
ok 117 - invalid bootstrap, changed rules, corrupt state and wrong scope never instantiate a replica
  ---
  duration_ms: 14.563875
  ...
# Subtest: encoded history budget rejects growth atomically rather than discarding rollback dependencies
ok 118 - encoded history budget rejects growth atomically rather than discarding rollback dependencies
  ---
  duration_ms: 9.46825
  ...
# Subtest: six independently advancing replicas converge through delayed/reordered delivery for five streams
ok 119 - six independently advancing replicas converge through delayed/reordered delivery for five streams
  ---
  duration_ms: 5874.011167
  ...
# Subtest: new completeness cuts preserve older promises and already certified progress
ok 120 - new completeness cuts preserve older promises and already certified progress
  ---
  duration_ms: 0.194042
  ...
# Subtest: watermark cuts, including empty periods, have a hard retention bound
ok 121 - watermark cuts, including empty periods, have a hard retention bound
  ---
  duration_ms: 0.764333
  ...
# Subtest: bootstrap rejects a rehashed impossible gesture state, not only corrupt hashes
ok 122 - bootstrap rejects a rehashed impossible gesture state, not only corrupt hashes
  ---
  duration_ms: 1.443209
  ...
# Subtest: older complete finality advances while newer certificates still await input repair
ok 123 - older complete finality advances while newer certificates still await input repair
  ---
  duration_ms: 24.257459
  ...
# Subtest: pending certificates normalize prefix order and reject conflicts without bypassing a bad older hash
ok 124 - pending certificates normalize prefix order and reject conflicts without bypassing a bad older hash
  ---
  duration_ms: 9.591417
  ...
# Subtest: pending finality has a forty-tick bound and encoded-byte admission is atomic
ok 125 - pending finality has a forty-tick bound and encoded-byte admission is atomic
  ---
  duration_ms: 11.709917
  ...
# Subtest: lost receipts retain the oldest gap without starving rotation through the unacknowledged tail
ok 126 - lost receipts retain the oldest gap without starving rotation through the unacknowledged tail
  ---
  duration_ms: 0.539042
  ...
# Subtest: delivery exact cuts exclude future groups and cannot contradict retained actions
ok 127 - delivery exact cuts exclude future groups and cannot contradict retained actions
  ---
  duration_ms: 0.106125
  ...
# Subtest: remote future staging derives from both clock uncertainties without extending the execution horizon
ok 128 - remote future staging derives from both clock uncertainties without extending the execution horizon
  ---
  duration_ms: 13.37575
  ...
# Subtest: recovery distinguishes invalid action admission from verified finality disagreement
ok 129 - recovery distinguishes invalid action admission from verified finality disagreement
  ---
  duration_ms: 3.822208
  ...
# Subtest: compact control admits only complete bounded clock and finality schemas
ok 130 - compact control admits only complete bounded clock and finality schemas
  ---
  duration_ms: 1.717458
  ...
# Subtest: immutable roster permissions authorize disjoint action and receipt slot flows
ok 131 - immutable roster permissions authorize disjoint action and receipt slot flows
  ---
  duration_ms: 0.603875
  ...
# Subtest: flow burst and refill are exact, and repeated binding never refills them
ok 132 - flow burst and refill are exact, and repeated binding never refills them
  ---
  duration_ms: 0.412958
  ...
# Subtest: five legitimate100Hz stream flows preserve their separate liveness allowance
ok 133 - five legitimate100Hz stream flows preserve their separate liveness allowance
  ---
  duration_ms: 2.979792
  ...
# Subtest: liveness has a reserved burst even when all five flow bursts are used
ok 134 - liveness has a reserved burst even when all five flow bursts are used
  ---
  duration_ms: 0.387792
  ...
# Subtest: packet limits apply before parsing and the association budget survives alias changes
ok 135 - packet limits apply before parsing and the association budget survives alias changes
  ---
  duration_ms: 0.424667
  ...
# Subtest: held controls emit only edges, with independent wire and UI sequence numbering
ok 136 - held controls emit only edges, with independent wire and UI sequence numbering
  ---
  duration_ms: 1.227292
  ...
# Subtest: a local change group is atomic until the caller installs the candidate
ok 137 - a local change group is atomic until the caller installs the candidate
  ---
  duration_ms: 1.119833
  ...
# Subtest: all subscriber candidates admit a full group before bytes, and failed enqueue retains it for repair
ok 138 - all subscriber candidates admit a full group before bytes, and failed enqueue retains it for repair
  ---
  duration_ms: 0.504334
  ...
# Subtest: press replacement, missing press, release and neutral cancellation preserve gesture semantics
ok 139 - press replacement, missing press, release and neutral cancellation preserve gesture semantics
  ---
  duration_ms: 0.109958
  ...
# Subtest: origin exact cuts cannot cover future actions or permit a later action before the cut
ok 140 - origin exact cuts cannot cover future actions or permit a later action before the cut
  ---
  duration_ms: 0.210667
  ...
# Subtest: invalid local frames and exhausted ticks consume neither revisions nor actions
ok 141 - invalid local frames and exhausted ticks consume neither revisions nor actions
  ---
  duration_ms: 0.213375
  ...
# Subtest: future start requires coordinator confirmation, and both clocks advance without gameplay packets
ok 142 - future start requires coordinator confirmation, and both clocks advance without gameplay packets
  ---
  duration_ms: 0.539
  ...
# Subtest: lowest RTT filtering tolerates valid asymmetric delay without a false four-tick fault
ok 143 - lowest RTT filtering tolerates valid asymmetric delay without a false four-tick fault
  ---
  duration_ms: 0.104625
  ...
# Subtest: running clock slews in either direction at one tick per second and never moves backward
ok 144 - running clock slews in either direction at one tick per second and never moves backward
  ---
  duration_ms: 0.154334
  ...
# Subtest: scope fences, expired and reordered replies cannot move time or refresh readiness
ok 145 - scope fences, expired and reordered replies cannot move time or refresh readiness
  ---
  duration_ms: 0.142166
  ...
# Subtest: discrepancy and monotonic-clock faults stay latched, including on the coordinator
ok 146 - discrepancy and monotonic-clock faults stay latched, including on the coordinator
  ---
  duration_ms: 0.131917
  ...
# Subtest: stale baseline recovery remains conservative, and a failed release cannot revive after a fresh sample
ok 147 - stale baseline recovery remains conservative, and a failed release cannot revive after a fresh sample
  ---
  duration_ms: 0.133875
  ...
# Subtest: origin bounds unpublished tick frontiers and publishing a cut restores capacity atomically
ok 148 - origin bounds unpublished tick frontiers and publishing a cut restores capacity atomically
  ---
  duration_ms: 0.442208
  ...
# Subtest: expiry cannot turn an uncertain idle clock into a qualified projection
ok 149 - expiry cannot turn an uncertain idle clock into a qualified projection
  ---
  duration_ms: 0.146083
  ...
# Subtest: uncertainty admission persists even when no read occurs before samples expire
ok 150 - uncertainty admission persists even when no read occurs before samples expire
  ---
  duration_ms: 0.065292
  ...
# Subtest: initial room preparation accepts tick-stamped snapshots and rejects unknown snapshot fields
ok 151 - initial room preparation accepts tick-stamped snapshots and rejects unknown snapshot fields
  ---
  duration_ms: 5.55325
  ...
# Subtest: lifecycle changes reproduce validated management operations with neutral input state
ok 152 - lifecycle changes reproduce validated management operations with neutral input state
  ---
  duration_ms: 28.533375
  ...
# Subtest: lifecycle checkpoint validation fences the actual old state and leaves healthy state untouched
ok 153 - lifecycle checkpoint validation fences the actual old state and leaves healthy state untouched
  ---
  duration_ms: 22.164458
  ...
# Subtest: controller status contains no world geometry and cannot change stream ownership
ok 154 - controller status contains no world geometry and cannot change stream ownership
  ---
  duration_ms: 3.460833
  ...
# Subtest: room catalogs and delegation validate identities and mode-specific simulator ownership
ok 155 - room catalogs and delegation validate identities and mode-specific simulator ownership
  ---
  duration_ms: 1.373917
  ...
# Subtest: played lobby catalog reconstructs the exact nonzero-tick checkpoint and ordered historical scores
ok 156 - played lobby catalog reconstructs the exact nonzero-tick checkpoint and ordered historical scores
  ---
  duration_ms: 3.245542
  ...
# Subtest: full-view preparation rejects a valid checkpoint paired with a different phase, round or status
ok 157 - full-view preparation rejects a valid checkpoint paired with a different phase, round or status
  ---
  duration_ms: 21.570417
  ...
# Subtest: runtime activates direct simulators, starts a match and sends actions directly between guests
ok 158 - runtime activates direct simulators, starts a match and sends actions directly between guests
  ---
  duration_ms: 430.559
  ...
# Subtest: a failed first recovery enqueue is retried and replaces the paused segment
ok 159 - a failed first recovery enqueue is retried and replaces the paused segment
  ---
  duration_ms: 140.83475
  ...
# Subtest: an unavailable recovery coordinator produces a bounded visible fresh-lobby state
ok 160 - an unavailable recovery coordinator produces a bounded visible fresh-lobby state
  ---
  duration_ms: 121.963791
  ...
# Subtest: a release without a usable tick freezes its gesture before a fresh clock can resume input
ok 161 - a release without a usable tick freezes its gesture before a fresh clock can resume input
  ---
  duration_ms: 486.956792
  ...
# Subtest: a refreshed delegated TV without a simulation base pauses instead of creating a new match
ok 162 - a refreshed delegated TV without a simulation base pauses instead of creating a new match
  ---
  duration_ms: 47.803875
  ...
# Subtest: creator refresh in a settled lobby preserves the checkpoint and can switch to shared TV mode
ok 163 - creator refresh in a settled lobby preserves the checkpoint and can switch to shared TV mode
  ---
  duration_ms: 292.381
  ...
# Subtest: a refreshed guest can rejoin with a fresh command sequence on its replacement connection
ok 164 - a refreshed guest can rejoin with a fresh command sequence on its replacement connection
  ---
  duration_ms: 71.515875
  ...
# Subtest: four healthy connection rebuilds do not consume the corrupt-state recovery budget
ok 165 - four healthy connection rebuilds do not consume the corrupt-state recovery budget
  ---
  duration_ms: 261.883375
  ...
# Subtest: a running recovery episode cannot reset its deadline through clock readiness without finality
ok 166 - a running recovery episode cannot reset its deadline through clock readiness without finality
  ---
  duration_ms: 577.035959
  ...
# Subtest: a delegated coordinator stops retrying an unavailable creator after the plan-request deadline
ok 167 - a delegated coordinator stops retrying an unavailable creator after the plan-request deadline
  ---
  duration_ms: 60.71425
  ...
# Subtest: a delayed current-alias activation cannot resume a latched recovery timeout
ok 168 - a delayed current-alias activation cannot resume a latched recovery timeout
  ---
  duration_ms: 327.729041
  ...
# Subtest: a guest returns after a service-observed departure and lobby seat removal
ok 169 - a guest returns after a service-observed departure and lobby seat removal
  ---
  duration_ms: 72.173875
  ...
# Subtest: invalid future actions do not consume the checkpoint and hash recovery budget
ok 170 - invalid future actions do not consume the checkpoint and hash recovery budget
  ---
  duration_ms: 138.317208
  ...
# Subtest: conflicting metadata for an installed preparation charges one corrupt recovery attempt
ok 171 - conflicting metadata for an installed preparation charges one corrupt recovery attempt
  ---
  duration_ms: 63.565209
  ...
# Subtest: checkpoint backpressure pauses preparation and resumes the same transfer after drain
ok 172 - checkpoint backpressure pauses preparation and resumes the same transfer after drain
  ---
  duration_ms: 71.938042
  ...
# Subtest: persistent checkpoint backpressure cannot extend the recovery deadline indefinitely
ok 173 - persistent checkpoint backpressure cannot extend the recovery deadline indefinitely
  ---
  duration_ms: 306.702792
  ...
# Subtest: new creator plans cannot postpone an unfinished guest recovery episode indefinitely
ok 174 - new creator plans cannot postpone an unfinished guest recovery episode indefinitely
  ---
  duration_ms: 249.683459
  ...
# Subtest: an accepted plan without a preparation header times out visibly
ok 175 - an accepted plan without a preparation header times out visibly
  ---
  duration_ms: 248.720958
  ...
# Subtest: new plans without any headers cannot restart the guest availability deadline
ok 176 - new plans without any headers cannot restart the guest availability deadline
  ---
  duration_ms: 240.250167
  ...
# Subtest: settled room metadata stops repeating until a lifecycle change
ok 177 - settled room metadata stops repeating until a lifecycle change
  ---
  duration_ms: 81.59625
  ...
# Subtest: a rejected plan enqueue and missing acknowledgement retry without reinstalling the plan
ok 178 - a rejected plan enqueue and missing acknowledgement retry without reinstalling the plan
  ---
  duration_ms: 68.941416
  ...
# Subtest: stale and foreign acknowledgements cannot stop paced plan delivery, even with duplicate hellos
ok 179 - stale and foreign acknowledgements cannot stop paced plan delivery, even with duplicate hellos
  ---
  duration_ms: 54.091708
  ...
# Subtest: only an identical current plan duplicate receives another delivery acknowledgement
ok 180 - only an identical current plan duplicate receives another delivery acknowledgement
  ---
  duration_ms: 53.757125
  ...
# Subtest: delegated setup request retries do not resend an already acknowledged room plan
ok 181 - delegated setup request retries do not resend an already acknowledged room plan
  ---
  duration_ms: 38.292208
  ...
# Subtest: an intentionally idle shared lobby does not keep a previous simulation recovery deadline running
ok 182 - an intentionally idle shared lobby does not keep a previous simulation recovery deadline running
  ---
  duration_ms: 265.737667
  ...
# Subtest: six live segments independently advance and finalize continuous inputs under loss and reordering
ok 183 - six live segments independently advance and finalize continuous inputs under loss and reordering
  ---
  duration_ms: 1577.565708
  ...
# Subtest: shared TV is the only simulator while five controller origins send directly to it
ok 184 - shared TV is the only simulator while five controller origins send directly to it
  ---
  duration_ms: 33.469875
  ...
# Subtest: coordinator traffic is unnecessary for immediate peer actions, then clock/finality loss pauses safely
ok 185 - coordinator traffic is unnecessary for immediate peer actions, then clock/finality loss pauses safely
  ---
  duration_ms: 113.127208
  ...
# Subtest: provisional eliminations cannot publish death or placements before verified finality
ok 186 - provisional eliminations cannot publish death or placements before verified finality
  ---
  duration_ms: 2.981375
  ...
# Subtest: controller finality is coordinator-scoped and conflicting progress cannot overwrite the accepted fence
ok 187 - controller finality is coordinator-scoped and conflicting progress cannot overwrite the accepted fence
  ---
  duration_ms: 7.053625
  ...
# Subtest: asymmetric clock samples and opposite follower errors retain valid future actions without executing early
ok 188 - asymmetric clock samples and opposite follower errors retain valid future actions without executing early
  ---
  duration_ms: 545.441542
  ...
# Subtest: initial progress grace is bounded and replayed base cuts cannot postpone it
ok 189 - initial progress grace is bounded and replayed base cuts cannot postpone it
  ---
  duration_ms: 131.401459
  ...
# Subtest: after the first advancing cut, repeated old progress cannot extend the500ms silence deadline
ok 190 - after the first advancing cut, repeated old progress cannot extend the500ms silence deadline
  ---
  duration_ms: 57.489292
  ...
# Subtest: uncertain clocks stop input, cuts and world advancement, and a failed release never revives
ok 191 - uncertain clocks stop input, cuts and world advancement, and a failed release never revives
  ---
  duration_ms: 1.54925
  ...
# Subtest: integrated sway remains within 15 degrees and leaves zero heading drift for many seeded effects
ok 192 - integrated sway remains within 15 degrees and leaves zero heading drift for many seeded effects
  ---
  duration_ms: 19.882416
  ...
# Subtest: two-second cycle preserves phase during refresh and smooth onset/expiry
ok 193 - two-second cycle preserves phase during refresh and smooth onset/expiry
  ---
  duration_ms: 0.1395
  ...
# Subtest: engine adds bounded sway to ordinary steering and restores intended heading at expiry
ok 194 - engine adds bounded sway to ordinary steering and restores intended heading at expiry
  ---
  duration_ms: 11.727584
  ...
# Subtest: late refresh stays bounded and leaves no residual at the extended deadline
ok 195 - late refresh stays bounded and leaves no residual at the extended deadline
  ---
  duration_ms: 0.141417
  ...
# Subtest: durationText rounds whole seconds before splitting minutes so 59.95s never renders as "60s"
ok 196 - durationText rounds whole seconds before splitting minutes so 59.95s never renders as "60s"
  ---
  duration_ms: 0.406667
  ...
# Subtest: spawns two through five players evenly on a circle with clockwise tangent headings
ok 197 - spawns two through five players evenly on a circle with clockwise tangent headings
  ---
  duration_ms: 1.89325
  ...
# Subtest: replaying the same accepted inputs produces the same snapshots and events
ok 198 - replaying the same accepted inputs produces the same snapshots and events
  ---
  duration_ms: 61.835125
  ...
# Subtest: trail segments remain active through T+159 and expire exactly at T+160
ok 199 - trail segments remain active through T+159 and expire exactly at T+160
  ---
  duration_ms: 0.556208
  ...
# Subtest: a due blast removes an intersecting segment before trail collision
ok 200 - a due blast removes an intersecting segment before trail collision
  ---
  duration_ms: 0.556292
  ...
# Subtest: swept movement collides with an old trail even when the endpoint has crossed it
ok 201 - swept movement collides with an old trail even when the endpoint has crossed it
  ---
  duration_ms: 0.428042
  ...
# Subtest: recent self trail is ignored but becomes lethal at the exact grace boundary
ok 202 - recent self trail is ignored but becomes lethal at the exact grace boundary
  ---
  duration_ms: 0.709625
  ...
# Subtest: head-on swept rider collision eliminates both and produces a draw
ok 203 - head-on swept rider collision eliminates both and produces a draw
  ---
  duration_ms: 0.450666
  ...
# Subtest: bomb input charges, launches on release, caps one live bomb, chains once, and observes cooldown
ok 204 - bomb input charges, launches on release, caps one live bomb, chains once, and observes cooldown
  ---
  duration_ms: 0.80775
  ...
# Subtest: quick bomb action bursts launch at minimum range and cancel paths never launch
ok 205 - quick bomb action bursts launch at minimum range and cancel paths never launch
  ---
  duration_ms: 2.756166
  ...
# Subtest: charged launches cap and clamp to the active safe interior
ok 206 - charged launches cap and clamp to the active safe interior
  ---
  duration_ms: 0.406584
  ...
# Subtest: a flying bomb cannot explode or chain-trigger before landing
ok 207 - a flying bomb cannot explode or chain-trigger before landing
  ---
  duration_ms: 0.409625
  ...
# Subtest: Triple Shot releases one deterministic straight three-bomb volley
ok 208 - Triple Shot releases one deterministic straight three-bomb volley
  ---
  duration_ms: 0.688416
  ...
# Subtest: invalid release and cancellation preserve launch modifiers
ok 209 - invalid release and cancellation preserve launch modifiers
  ---
  duration_ms: 0.377333
  ...
# Subtest: round wins score once, first to three ends the match, and rematch resets wins and scope
ok 210 - round wins score once, first to three ends the match, and rematch resets wins and scope
  ---
  duration_ms: 1.439583
  ...
# Subtest: overtime inset updates before collision and a 90-second unresolved round draws
ok 211 - overtime inset updates before collision and a 90-second unresolved round draws
  ---
  duration_ms: 1.885917
  ...
# Subtest: lifecycle commands enforce phase, capacity, identity, and connected-player guards
ok 212 - lifecycle commands enforce phase, capacity, identity, and connected-player guards
  ---
  duration_ms: 0.9215
  ...
# Subtest: wall and explosion causes are authoritative, clipped, and blast visuals expire exactly
ok 213 - wall and explosion causes are authoritative, clipped, and blast visuals expire exactly
  ---
  duration_ms: 3.245459
  ...
# Subtest: a finished match can replace every seat and start a clean rematch without restarting the server
ok 214 - a finished match can replace every seat and start a clean rematch without restarting the server
  ---
  duration_ms: 0.4155
  ...
# Subtest: the larger arena and seeded pickup schedule replay deterministically
ok 215 - the larger arena and seeded pickup schedule replay deterministically
  ---
  duration_ms: 0.66
  ...
# Subtest: blast pickups cap at level two and affect bombs placed on the collection tick
ok 216 - blast pickups cap at level two and affect bombs placed on the collection tick
  ---
  duration_ms: 0.437584
  ...
# Subtest: a star collected on the swept path rescues and reflects a wall hit, then expires sharply
ok 217 - a star collected on the swept path rescues and reflects a wall hit, then expires sharply
  ---
  duration_ms: 0.475958
  ...
# Subtest: star head contact kills only a normal rider while two stars pass through
ok 218 - star head contact kills only a normal rider while two stars pass through
  ---
  duration_ms: 4.728666
  ...
# Subtest: pickup expiry, active cap, and impossible safe interior stay bounded
ok 219 - pickup expiry, active cap, and impossible safe interior stay bounded
  ---
  duration_ms: 0.864917
  ...
# Subtest: beer pickup debuffs every other living rider, refreshes, and keeps the collector unchanged
ok 220 - beer pickup debuffs every other living rider, refreshes, and keeps the collector unchanged
  ---
  duration_ms: 0.611125
  ...
# Subtest: drunk wobble expires at the strict tick boundary and resets between rounds
ok 221 - drunk wobble expires at the strict tick boundary and resets between rounds
  ---
  duration_ms: 0.44875
  ...
# Subtest: modifier pickups arm one use, refresh without stacking, and reset between rounds
ok 222 - modifier pickups arm one use, refresh without stacking, and reset between rounds
  ---
  duration_ms: 0.421959
  ...
# Subtest: orbit shields absorb a whole clustered hazard tick and grace protects until strict expiry
ok 223 - orbit shields absorb a whole clustered hazard tick and grace protects until strict expiry
  ---
  duration_ms: 0.530375
  ...
# Subtest: two shields both break on contact while Star preserves its stored shield
ok 224 - two shields both break on contact while Star preserves its stored shield
  ---
  duration_ms: 0.607208
  ...
# Subtest: shield break reflects an outward wall sweep and records the bounce
ok 225 - shield break reflects an outward wall sweep and records the bounce
  ---
  duration_ms: 0.330042
  ...
# Subtest: countdown leave is stamped, scored once, and a later join receives no prior-round award
ok 226 - countdown leave is stamped, scored once, and a later join receives no prior-round award
  ---
  duration_ms: 0.396625
  ...
# Subtest: overlapping blast owners receive no speculative elimination credit
ok 227 - overlapping blast owners receive no speculative elimination credit
  ---
  duration_ms: 1.904667
  ...
# Subtest: match-over recap is frozen and deeply detached from engine state
ok 228 - match-over recap is frozen and deeply detached from engine state
  ---
  duration_ms: 1.901166
  ...
# Subtest: Five Shot survives Triple collection and cancellation, then launches five with one cooldown
ok 229 - Five Shot survives Triple collection and cancellation, then launches five with one cooldown
  ---
  duration_ms: 1.363292
  ...
# Subtest: radial blast hits diagonal riders, clears diagonal trails and chains diagonal bombs
ok 230 - radial blast hits diagonal riders, clears diagonal trails and chains diagonal bombs
  ---
  duration_ms: 0.597375
  ...
# Subtest: bomb landing hits a rider before detonation, respecting star and shield
ok 231 - bomb landing hits a rider before detonation, respecting star and shield
  ---
  duration_ms: 1.676708
  ...
# Subtest: a bomb landing inside an active blast chains immediately
ok 232 - a bomb landing inside an active blast chains immediately
  ---
  duration_ms: 2.606041
  ...
# Subtest: blast preview is harmless before the fuse, both in flight and after landing
ok 233 - blast preview is harmless before the fuse, both in flight and after landing
  ---
  duration_ms: 1.4355
  ...
# Subtest: bomb skips riders along flight and only snipes at its landing position
ok 234 - bomb skips riders along flight and only snipes at its landing position
  ---
  duration_ms: 0.618458
  ...
# Subtest: landing step never uses blast radius for contact damage
ok 235 - landing step never uses blast radius for contact damage
  ---
  duration_ms: 2.211916
  ...
# Subtest: shell persists beyond five seconds and permits another shot after cooldown
ok 236 - shell persists beyond five seconds and permits another shot after cooldown
  ---
  duration_ms: 1.116541
  ...
# Subtest: shell body hits once, shield absorbs it, and no blast radius is produced
ok 237 - shell body hits once, shield absorbs it, and no blast radius is produced
  ---
  duration_ms: 0.905458
  ...
# Subtest: Gun pickup fires one bullet at twice rider speed and cuts a traversable trail gap
ok 238 - Gun pickup fires one bullet at twice rider speed and cuts a traversable trail gap
  ---
  duration_ms: 0.947542
  ...
# Subtest: gun head and wall impacts explode
ok 239 - gun head and wall impacts explode
  ---
  duration_ms: 0.96425
  ...
# Subtest: stopwatch caps at two levels, changes only future own bombs and resets next round
ok 240 - stopwatch caps at two levels, changes only future own bombs and resets next round
  ---
  duration_ms: 1.352583
  ...
# Subtest: first stopwatch level produces a one-and-a-half second fuse
ok 241 - first stopwatch level produces a one-and-a-half second fuse
  ---
  duration_ms: 0.510417
  ...
# Subtest: live shell bounces off a rider trail without damage or resetting its lifetime
ok 242 - live shell bounces off a rider trail without damage or resetting its lifetime
  ---
  duration_ms: 1.562125
  ...
# Subtest: gun explodes against the trail directly behind a rider and kills the rider
ok 243 - gun explodes against the trail directly behind a rider and kills the rider
  ---
  duration_ms: 0.512917
  ...
# Subtest: a blast clears trails whether it came from a landed bomb or a gun projectile hitting a rider
ok 244 - a blast clears trails whether it came from a landed bomb or a gun projectile hitting a rider
  ---
  duration_ms: 0.960292
  ...
# Subtest: a fixed-rounds match ends on the standings leader even when another rider wins the final round
ok 245 - a fixed-rounds match ends on the standings leader even when another rider wins the final round
  ---
  duration_ms: 1.179292
  ...
# Subtest: a drawn final round still awards the fixed-rounds match to the standings leader
ok 246 - a drawn final round still awards the fixed-rounds match to the standings leader
  ---
  duration_ms: 1.238875
  ...
# Subtest: a fixed-rounds leader who also wins the final round is credited exactly once
ok 247 - a fixed-rounds leader who also wins the final round is credited exactly once
  ---
  duration_ms: 0.677167
  ...
# Subtest: a fixed-rounds match tied at the final round ends without a match winner
ok 248 - a fixed-rounds match tied at the final round ends without a match winner
  ---
  duration_ms: 0.665667
  ...
# Subtest: gun speed is twice rider speed with a bounded nearby steering correction
ok 249 - gun speed is twice rider speed with a bounded nearby steering correction
  ---
  duration_ms: 1.098209
  ...
# Subtest: gun holes split trails precisely, keeping expiry metadata and distant trails
ok 250 - gun holes split trails precisely, keeping expiry metadata and distant trails
  ---
  duration_ms: 0.146083
  ...
# Subtest: defaults carry two STUN providers and no TURN
ok 251 - defaults carry two STUN providers and no TURN
  ---
  duration_ms: 0.985792
  ...
# Subtest: service ICE lists are validated at the client boundary and fall back to defaults
ok 252 - service ICE lists are validated at the client boundary and fall back to defaults
  ---
  duration_ms: 0.290083
  ...
# Subtest: peer connections wait for the ICE fetch instead of negotiating with the initial list (issue \#27)
ok 253 - peer connections wait for the ICE fetch instead of negotiating with the initial list (issue \#27)
  ---
  duration_ms: 0.314042
  ...
# Subtest: a failed ICE fetch yields the STUN defaults, never an empty list
ok 254 - a failed ICE fetch yields the STUN defaults, never an empty list
  ---
  duration_ms: 0.198541
  ...
# Subtest: a hung ICE fetch falls back to the STUN defaults when the abort bound fires, even if the fetch ignores the signal
ok 255 - a hung ICE fetch falls back to the STUN defaults when the abort bound fires, even if the fetch ignores the signal
  ---
  duration_ms: 0.16675
  ...
# Subtest: candidate types are read from the candidate line without keeping addresses
ok 256 - candidate types are read from the candidate line without keeping addresses
  ---
  duration_ms: 1.942583
  ...
# Subtest: ufrag and fingerprint readers tolerate missing lines
ok 257 - ufrag and fingerprint readers tolerate missing lines
  ---
  duration_ms: 0.55
  ...
# Subtest: restart offers keep the DTLS certificate; a recreated connection does not
ok 258 - restart offers keep the DTLS certificate; a recreated connection does not
  ---
  duration_ms: 0.06725
  ...
# Subtest: candidates are scoped to the ICE generation named by their ufrag
ok 259 - candidates are scoped to the ICE generation named by their ufrag
  ---
  duration_ms: 0.114292
  ...
# Subtest: Ink affects only other living riders, refreshes three seconds and snapshots without changing steering
ok 260 - Ink affects only other living riders, refreshes three seconds and snapshots without changing steering
  ---
  duration_ms: 23.992542
  ...
# Subtest: Ink clears at the next round
ok 261 - Ink clears at the next round
  ---
  duration_ms: 1.0525
  ...
# Subtest: join survives authority setup and failed delivery until roster confirmation
ok 262 - join survives authority setup and failed delivery until roster confirmation
  ---
  duration_ms: 0.745125
  ...
# Subtest: lost baseline retries identical full envelope on bounded clock, not dependent deltas
ok 263 - lost baseline retries identical full envelope on bounded clock, not dependent deltas
  ---
  duration_ms: 1.233
  ...
# Subtest: lost ACK can acknowledge exact previously accepted duplicate without applying it twice
ok 264 - lost ACK can acknowledge exact previously accepted duplicate without applying it twice
  ---
  duration_ms: 0.475125
  ...
# Subtest: old generation stream sequence match and round ACKs cannot retire current baseline
ok 265 - old generation stream sequence match and round ACKs cannot retire current baseline
  ---
  duration_ms: 0.132
  ...
# Subtest: five-second expiry bounds retained baseline and repeated poll/resync cannot flood retries
ok 266 - five-second expiry bounds retained baseline and repeated poll/resync cannot flood retries
  ---
  duration_ms: 1.23775
  ...
# Subtest: baseline is accepted before any dependent delta; ACK loss does not corrupt next decode
ok 267 - baseline is accepted before any dependent delta; ACK loss does not corrupt next decode
  ---
  duration_ms: 0.534708
  ...
# Subtest: creates a deterministic straight triple fan with seven points per bomb
ok 268 - creates a deterministic straight triple fan with seven points per bomb
  ---
  duration_ms: 1.099917
  ...
# Subtest: all fan paths clamp to safe bounds
ok 269 - all fan paths clamp to safe bounds
  ---
  duration_ms: 0.128208
  ...
# Subtest: rejects invalid geometry
ok 270 - rejects invalid geometry
  ---
  duration_ms: 0.156208
  ...
# Subtest: awards five-player placement points
ok 271 - awards five-player placement points
  ---
  duration_ms: 1.63875
  ...
# Subtest: two participants use winner five and runner-up three
ok 272 - two participants use winner five and runner-up three
  ---
  duration_ms: 0.114
  ...
# Subtest: averages simultaneous elimination places exactly
ok 273 - averages simultaneous elimination places exactly
  ---
  duration_ms: 0.132167
  ...
# Subtest: does not mutate participants and rejects invalid groups
ok 274 - does not mutate participants and rejects invalid groups
  ---
  duration_ms: 0.192167
  ...
# Subtest: survivors share the top occupied ranks at timeout and points remain conserved
ok 275 - survivors share the top occupied ranks at timeout and points remain conserved
  ---
  duration_ms: 0.093625
  ...
# Subtest: score application validates the complete result before mutating totals
ok 276 - score application validates the complete result before mutating totals
  ---
  duration_ms: 0.15625
  ...
# Subtest: accumulates repeated matches and preserves departures
ok 277 - accumulates repeated matches and preserves departures
  ---
  duration_ms: 0.085834
  ...
# Subtest: returns copies in score order with deterministic tie break
ok 278 - returns copies in score order with deterministic tie break
  ---
  duration_ms: 6.223667
  ...
# Subtest: legendSrc routes pickup legend icons through assetUrl so they work under a Pages base path
ok 279 - legendSrc routes pickup legend icons through assetUrl so they work under a Pages base path
  ---
  duration_ms: 0.479458
  ...
# Subtest: queued retired-channel pongs cannot certify a new RTC link whose probe IDs restarted
ok 280 - queued retired-channel pongs cannot certify a new RTC link whose probe IDs restarted
  ---
  duration_ms: 0.502333
  ...
# Subtest: a replaced channel on the same live link cannot update state or expose stale errors
ok 281 - a replaced channel on the same live link cannot update state or expose stale errors
  ---
  duration_ms: 0.068625
  ...
# Subtest: retired peer callbacks cannot replace the current data channel even with identical service identity
ok 282 - retired peer callbacks cannot replace the current data channel even with identical service identity
  ---
  duration_ms: 0.062
  ...
# Subtest: the reason names the first missing step in the direct-link pipeline
ok 283 - the reason names the first missing step in the direct-link pipeline
  ---
  duration_ms: 0.670417
  ...
# Subtest: the panel text is redacted and complete
ok 284 - the panel text is redacted and complete
  ---
  duration_ms: 0.250458
  ...
# Subtest: restarts are due every interval and stop after the bounded budget
ok 285 - restarts are due every interval and stop after the bounded budget
  ---
  duration_ms: 0.437125
  ...
# Subtest: fresh health restores the budget and retires the attempt in flight
ok 286 - fresh health restores the budget and retires the attempt in flight
  ---
  duration_ms: 0.07675
  ...
# Subtest: idle health checks every 200 ms do not retire anything
ok 287 - idle health checks every 200 ms do not retire anything
  ---
  duration_ms: 0.054459
  ...
# Subtest: only the newest attempt can complete
ok 288 - only the newest attempt can complete
  ---
  duration_ms: 0.050542
  ...
# Subtest: healthy open channel under the buffer limit is permitted for gameplay and probes
ok 289 - healthy open channel under the buffer limit is permitted for gameplay and probes
  ---
  duration_ms: 0.494708
  ...
# Subtest: a closing signal recorded before the DOM readyState changes blocks gameplay and probe sends
ok 290 - a closing signal recorded before the DOM readyState changes blocks gameplay and probe sends
  ---
  duration_ms: 0.085458
  ...
# Subtest: bulk transfer idle permission requires an open, fully drained, undrained action channel
ok 291 - bulk transfer idle permission requires an open, fully drained, undrained action channel
  ---
  duration_ms: 0.075042
  ...
# Subtest: solo starts one human and four AI without browser services, ready only on start
ok 292 - solo starts one human and four AI without browser services, ready only on start
  ---
  duration_ms: 12.861792
  ...
# Subtest: fixed ticks publish the ordinary game and matching zero-RTT motion clock
ok 293 - fixed ticks publish the ordinary game and matching zero-RTT motion clock
  ---
  duration_ms: 33.58425
  ...
# Subtest: visibility suspension clears held controls and old scope, with no hidden catch-up
ok 294 - visibility suspension clears held controls and old scope, with no hidden catch-up
  ---
  duration_ms: 5.292542
  ...
# Subtest: lobby settings and rematch use ordinary commands, stop disposes callbacks
ok 295 - lobby settings and rematch use ordinary commands, stop disposes callbacks
  ---
  duration_ms: 0.617667
  ...
# Subtest: fire edges stamped from a stalled wall-clock estimate are admitted for the next authority tick (\#43)
ok 296 - fire edges stamped from a stalled wall-clock estimate are admitted for the next authority tick (\#43)
  ---
  duration_ms: 17.945334
  ...
# Subtest: a hold resend that estimated an earlier tick cannot skip the solo press (\#43)
ok 297 - a hold resend that estimated an earlier tick cannot skip the solo press (\#43)
  ---
  duration_ms: 8.108792
  ...
# Subtest: distances render as whole arena units and durations reuse the shared formatter
ok 298 - distances render as whole arena units and durations reuse the shared formatter
  ---
  duration_ms: 0.440167
  ...
# Subtest: empty statistics produce an empty recap with no placeholder awards or totals
ok 299 - empty statistics produce an empty recap with no placeholder awards or totals
  ---
  duration_ms: 0.524292
  ...
# Subtest: a single rider stands alone as champion, wins every non-zero award and fills the table
ok 300 - a single rider stands alone as champion, wins every non-zero award and fills the table
  ---
  duration_ms: 0.402833
  ...
# Subtest: podium centres champions, keeps side places in seat order and excludes placements beyond third
ok 301 - podium centres champions, keeps side places in seat order and excludes placements beyond third
  ---
  duration_ms: 0.110833
  ...
# Subtest: a tied first place shows every champion in the centre and no second place
ok 302 - a tied first place shows every champion in the centre and no second place
  ---
  duration_ms: 0.106166
  ...
# Subtest: a match where nobody won any round places everyone on the podium as champions
ok 303 - a match where nobody won any round places everyone on the podium as champions
  ---
  duration_ms: 0.089708
  ...
# Subtest: awards share ties by joining names in placement order and skip counters nobody raised
ok 304 - awards share ties by joining names in placement order and skip counters nobody raised
  ---
  duration_ms: 0.113292
  ...
# Subtest: all-zero statistics yield no awards while the podium and table still render
ok 305 - all-zero statistics yield no awards while the podium and table still render
  ---
  duration_ms: 0.077333
  ...
# Subtest: singular award details read naturally
ok 306 - singular award details read naturally
  ---
  duration_ms: 0.080708
  ...
# Subtest: comparison rows order by placement then seat and format every recorded counter
ok 307 - comparison rows order by placement then seat and format every recorded counter
  ---
  duration_ms: 0.094916
  ...
# Subtest: match totals sum the recorded counters across riders
ok 308 - match totals sum the recorded counters across riders
  ---
  duration_ms: 0.085
  ...
# Subtest: the signature changes with any rendered figure and is order independent
ok 309 - the signature changes with any rendered figure and is order independent
  ---
  duration_ms: 0.096166
  ...
# Subtest: recap ignores riders with an unset placement rather than inventing a podium slot
ok 310 - recap ignores riders with an unset placement rather than inventing a podium slot
  ---
  duration_ms: 0.061875
  ...
# Subtest: records authoritative actions and returns detached snapshots
ok 311 - records authoritative actions and returns detached snapshots
  ---
  duration_ms: 1.048167
  ...
# Subtest: tracks round draws, longest survival and competition-ranked win ties
ok 312 - tracks round draws, longest survival and competition-ranked win ties
  ---
  duration_ms: 0.179
  ...
# Subtest: validates references, distances and round membership
ok 313 - validates references, distances and round membership
  ---
  duration_ms: 0.371917
  ...
# Subtest: never credits self deaths and updates an existing participant identity
ok 314 - never credits self deaths and updates an existing participant identity
  ---
  duration_ms: 0.070625
  ...
# Subtest: a joined phone is the same landscape controller in every phase (\#13)
ok 315 - a joined phone is the same landscape controller in every phase (\#13)
  ---
  duration_ms: 0.810583
  ...
# Subtest: unjoined, display-only, desktop and mouse views keep the normal layout
ok 316 - unjoined, display-only, desktop and mouse views keep the normal layout
  ---
  duration_ms: 0.116125
  ...
# Subtest: an ended room is not joined play on any phone size or phase
ok 317 - an ended room is not joined play on any phone size or phase
  ---
  duration_ms: 0.226708
  ...
# Subtest: one validated nearby probe qualifies immediately; high RTT restores conservative delay
ok 318 - one validated nearby probe qualifies immediately; high RTT restores conservative delay
  ---
  duration_ms: 0.573667
  ...
# Subtest: stale, paused and explicit reset lose qualification; rejected samples do not extend freshness
ok 319 - stale, paused and explicit reset lose qualification; rejected samples do not extend freshness
  ---
  duration_ms: 0.129458
  ...
# Subtest: regional60ms never qualifies and a fresh scope is independently classified
ok 320 - regional60ms never qualifies and a fresh scope is independently classified
  ---
  duration_ms: 0.072291
  ...
# Subtest: half-tick presentation never rewinds or extrapolates; missing clock remains newest only
ok 321 - half-tick presentation never rewinds or extrapolates; missing clock remains newest only
  ---
  duration_ms: 0.423541
  ...
# Subtest: clock discontinuity clears the old clock even when observed before rendering
ok 322 - clock discontinuity clears the old clock even when observed before rendering
  ---
  duration_ms: 0.068042
  ...
# Subtest: rejected excessive RTT cancels fast classification and exact40ms boundary qualifies
ok 323 - rejected excessive RTT cancels fast classification and exact40ms boundary qualifies
  ---
  duration_ms: 0.053125
  ...
# Subtest: clock diagnostics are read-only and cannot refresh a sample or mutate its scope
ok 324 - clock diagnostics are read-only and cannot refresh a sample or mutate its scope
  ---
  duration_ms: 0.05975
  ...
# Subtest: empty and invalid clock observations cannot enable fast presentation
ok 325 - empty and invalid clock observations cannot enable fast presentation
  ---
  duration_ms: 0.047625
  ...
# Subtest: replacement reservation fences partitions and rejects delayed old renewals
ok 326 - replacement reservation fences partitions and rejects delayed old renewals
  ---
  duration_ms: 0.795542
  ...
# Subtest: clock uncertainty prevents overlapping old and new authorization
ok 327 - clock uncertainty prevents overlapping old and new authorization
  ---
  duration_ms: 0.214333
  ...
# Subtest: clock stops after suspension or stale samples, resuming only after fresh sample
ok 328 - clock stops after suspension or stale samples, resuming only after fresh sample
  ---
  duration_ms: 0.092916
  ...
# Subtest: clock rejects bad samples and conservative intervals crossing lease boundaries
ok 329 - clock rejects bad samples and conservative intervals crossing lease boundaries
  ---
  duration_ms: 0.091292
  ...
# Subtest: grant boundary validation rejects malformed values and exhausted epochs
ok 330 - grant boundary validation rejects malformed values and exhausted epochs
  ---
  duration_ms: 0.283625
  ...
# Subtest: checkpoint restore is atomic on the malformed sequences regression
ok 331 - checkpoint restore is atomic on the malformed sequences regression
  ---
  duration_ms: 11.253583
  ...
# Subtest: checkpoint restores exact physics, pending preferences and neutral disconnected identities
ok 332 - checkpoint restores exact physics, pending preferences and neutral disconnected identities
  ---
  duration_ms: 4.046333
  ...
# Subtest: checkpoint rejects missing required game maps and nested fields
ok 333 - checkpoint rejects missing required game maps and nested fields
  ---
  duration_ms: 31.730083
  ...
# Subtest: checkpoint rejects schema incompatibility, foreign host and unsafe shape extensions
ok 334 - checkpoint rejects schema incompatibility, foreign host and unsafe shape extensions
  ---
  duration_ms: 6.308625
  ...
# Subtest: checkpoint rejects invalid sequences, duplicate map keys and cross references
ok 335 - checkpoint rejects invalid sequences, duplicate map keys and cross references
  ---
  duration_ms: 13.706292
  ...
# Subtest: checkpoint rejects nonfinite values, excessive bytes/depth and oversized nested trails
ok 336 - checkpoint rejects nonfinite values, excessive bytes/depth and oversized nested trails
  ---
  duration_ms: 13.477083
  ...
# Subtest: real countdown, playing and round transitions produce restorable bounded checkpoints
ok 337 - real countdown, playing and round transitions produce restorable bounded checkpoints
  ---
  duration_ms: 248.851542
  ...
# Subtest: checkpoint validates bombs, shell lifetime sentinel, pickups and portal geometry
ok 338 - checkpoint validates bombs, shell lifetime sentinel, pickups and portal geometry
  ---
  duration_ms: 2.761375
  ...
# Subtest: checkpoint rejects oversized history, malformed maps and missing participant statistics
ok 339 - checkpoint rejects oversized history, malformed maps and missing participant statistics
  ---
  duration_ms: 9.068042
  ...
# Subtest: room settings reject malformed values, restore safe defaults and allow all drops off
ok 340 - room settings reject malformed values, restore safe defaults and allow all drops off
  ---
  duration_ms: 0.958208
  ...
# Subtest: rooms isolate players and only the host can start or change rules
ok 341 - rooms isolate players and only the host can start or change rules
  ---
  duration_ms: 7.729625
  ...
# Subtest: fixed one-round rooms finish after one round
ok 342 - fixed one-round rooms finish after one round
  ---
  duration_ms: 3.38075
  ...
# Subtest: world deltas reconstruct split, removed and appended trails and recover via keyframe
ok 343 - world deltas reconstruct split, removed and appended trails and recover via keyframe
  ---
  duration_ms: 1.359583
  ...
# Subtest: fresh encoder after reconnection replaces old stream without accepting retired frames
ok 344 - fresh encoder after reconnection replaces old stream without accepting retired frames
  ---
  duration_ms: 0.1815
  ...
# Subtest: host checkpoint restores world and sequence numbers without replaying held fire
ok 345 - host checkpoint restores world and sequence numbers without replaying held fire
  ---
  duration_ms: 5.469208
  ...
# Subtest: field patches update joins and clear optional charge state without repeating identity
ok 346 - field patches update joins and clear optional charge state without repeating identity
  ---
  duration_ms: 1.217417
  ...
# Subtest: delayed unseen old keyframe cannot roll a newer generation backward
ok 347 - delayed unseen old keyframe cannot roll a newer generation backward
  ---
  duration_ms: 0.249709
  ...
# Subtest: invalid higher generation and corrupt trail patches cannot mutate accepted baseline
ok 348 - invalid higher generation and corrupt trail patches cannot mutate accepted baseline
  ---
  duration_ms: 0.912708
  ...
# Subtest: online return to lobby preserves transport simulation time
ok 349 - online return to lobby preserves transport simulation time
  ---
  duration_ms: 0.411042
  ...
# Subtest: guests that vanish in the lobby free their seats and the removal replicates to guests
ok 350 - guests that vanish in the lobby free their seats and the removal replicates to guests
  ---
  duration_ms: 1.138583
  ...
# Subtest: a guest lost mid-round keeps its seat until the match ends, then a newcomer reclaims it
ok 351 - a guest lost mid-round keeps its seat until the match ends, then a newcomer reclaims it
  ---
  duration_ms: 2.890792
  ...
# Subtest: a rematch drops the riders that were lost during the finished match
ok 352 - a rematch drops the riders that were lost during the finished match
  ---
  duration_ms: 0.92725
  ...
# Subtest: a whole round of chained deltas stays exact without any periodic re-baseline
ok 353 - a whole round of chained deltas stays exact without any periodic re-baseline
  ---
  duration_ms: 179.73575
  ...
# Subtest: Pages invites preserve project path while API requests use configured backend
ok 354 - Pages invites preserve project path while API requests use configured backend
  ---
  duration_ms: 0.466667
  ...
# Subtest: local origin default and endpoint boundaries are explicit
ok 355 - local origin default and endpoint boundaries are explicit
  ---
  duration_ms: 0.259708
  ...
# Subtest: failed press plus fresh held resends cannot invent charge or fire on release
ok 356 - failed press plus fresh held resends cannot invent charge or fire on release
  ---
  duration_ms: 12.457167
  ...
# Subtest: lost final release without other held controls cancels within ten ticks and is never retried
ok 357 - lost final release without other held controls cancels within ten ticks and is never retried
  ---
  duration_ms: 1.449333
  ...
# Subtest: steering heartbeat after lost release carries bomb false and safely cancels instead of firing
ok 358 - steering heartbeat after lost release carries bomb false and safely cancels instead of firing
  ---
  duration_ms: 1.615208
  ...
# Subtest: ordered-but-delayed release expires rather than replaying after network recovery
ok 359 - ordered-but-delayed release expires rather than replaying after network recovery
  ---
  duration_ms: 1.121167
  ...
# Subtest: first fresh press after countdown and explicit lobby reset fires without a neutral packet
ok 360 - first fresh press after countdown and explicit lobby reset fires without a neutral packet
  ---
  duration_ms: 12.753167
  ...
# Subtest: idle watchdog without a held gesture does not block the first fresh shot
ok 361 - idle watchdog without a held gesture does not block the first fresh shot
  ---
  duration_ms: 2.4195
  ...
# Subtest: new scope rejects old held/release packets but accepts a fresh press
ok 362 - new scope rejects old held/release packets but accepts a fresh press
  ---
  duration_ms: 0.7335
  ...
# Subtest: watchdog still suppresses interrupted held gestures until an actual release
ok 363 - watchdog still suppresses interrupted held gestures until an actual release
  ---
  duration_ms: 1.633833
  ...
# Subtest: receipt is not application: future steering waits and reports exact application tick
ok 364 - receipt is not application: future steering waits and reports exact application tick
  ---
  duration_ms: 17.202583
  ...
# Subtest: same-tick newest movement wins while all outcomes are acknowledged
ok 365 - same-tick newest movement wins while all outcomes are acknowledged
  ---
  duration_ms: 0.804709
  ...
# Subtest: older future slot cannot undo newer applied movement and exact result acknowledgements preserve pending input
ok 366 - older future slot cannot undo newer applied movement and exact result acknowledgements preserve pending input
  ---
  duration_ms: 0.855
  ...
# Subtest: held acknowledged steering continues then expires at ten ticks without fresh application
ok 367 - held acknowledged steering continues then expires at ten ticks without fresh application
  ---
  duration_ms: 1.858208
  ...
# Subtest: same-tick press/release survives steering supersession, duplicates cannot launch twice
ok 368 - same-tick press/release survives steering supersession, duplicates cannot launch twice
  ---
  duration_ms: 0.940709
  ...
# Subtest: a press stamped later than the following hold sample is still processed first in sequence order (\#43)
ok 369 - a press stamped later than the following hold sample is still processed first in sequence order (\#43)
  ---
  duration_ms: 0.71
  ...
# Subtest: old-scope release cannot cancel current charge; expired current release cancels without firing
ok 370 - old-scope release cannot cancel current charge; expired current release cancels without firing
  ---
  duration_ms: 0.709666
  ...
# Subtest: disconnect, match changes and restore create fresh neutral scope while preserving received highwater
ok 371 - disconnect, match changes and restore create fresh neutral scope while preserving received highwater
  ---
  duration_ms: 2.967042
  ...
# Subtest: queue and result history are bounded and overflow forces explicit neutral resync
ok 372 - queue and result history are bounded and overflow forces explicit neutral resync
  ---
  duration_ms: 0.949041
  ...
# Subtest: malformed timing and aim cannot apply motion or keep an invalid release charging
ok 373 - malformed timing and aim cannot apply motion or keep an invalid release charging
  ---
  duration_ms: 0.552125
  ...
# Subtest: queued release is discarded on disconnect and cannot fire into a rejoined control scope
ok 374 - queued release is discarded on disconnect and cannot fire into a rejoined control scope
  ---
  duration_ms: 0.619041
  ...
# Subtest: direct-only path resumes on two fresh acknowledgements without relay quarantine
ok 375 - direct-only path resumes on two fresh acknowledgements without relay quarantine
  ---
  duration_ms: 0.486042
  ...
# Subtest: three-second blackhole after long healthy uptime retains channel and recovers on fresh probes
ok 376 - three-second blackhole after long healthy uptime retains channel and recovers on fresh probes
  ---
  duration_ms: 0.157458
  ...
# Subtest: restart requires eight continuously unhealthy seconds, reset by recovered health
ok 377 - restart requires eight continuously unhealthy seconds, reset by recovered health
  ---
  duration_ms: 0.059375
  ...
# Subtest: expired duplicate and pre-failure probes cannot keep blackholed path healthy
ok 378 - expired duplicate and pre-failure probes cannot keep blackholed path healthy
  ---
  duration_ms: 0.34675
  ...
# Subtest: effects do not replay on repeated snapshots or across authority/match reset
ok 379 - effects do not replay on repeated snapshots or across authority/match reset
  ---
  duration_ms: 0.747583
  ...
# Subtest: bomb flight sprite follows segmented path while damage radius stays at landing point
ok 380 - bomb flight sprite follows segmented path while damage radius stays at landing point
  ---
  duration_ms: 0.450416
  ...
# Subtest: death transitions occur once and backward presentation resets cosmetic history
ok 381 - death transitions occur once and backward presentation resets cosmetic history
  ---
  duration_ms: 0.105375
  ...
# Subtest: flight fallback clamps before launch and shells never use bomb arcs
ok 382 - flight fallback clamps before launch and shells never use bomb arcs
  ---
  duration_ms: 0.06925
  ...
# Subtest: a continuous bend is one stroke with the exact supplied vertices
ok 383 - a continuous bend is one stroke with the exact supplied vertices
  ---
  duration_ms: 0.776375
  ...
# Subtest: portal jumps, deleted ticks and clipped segments remain separate strokes
ok 384 - portal jumps, deleted ticks and clipped segments remain separate strokes
  ---
  duration_ms: 0.2695
  ...
# Subtest: history survives fractional motion, a changing predicted tip and equivalent deserialized snapshots
ok 385 - history survives fractional motion, a changing predicted tip and equivalent deserialized snapshots
  ---
  duration_ms: 1.078625
  ...
# Subtest: history refreshes for trail holes, clipping, expiry, death, identity, scope and reset
ok 386 - history refreshes for trail holes, clipping, expiry, death, identity, scope and reset
  ---
  duration_ms: 0.313292
  ...
# Subtest: a fresh trail follows the interpolated head by at most one simulation step
ok 387 - a fresh trail follows the interpolated head by at most one simulation step
  ---
  duration_ms: 0.307209
  ...
# Subtest: head interpolation never extends a stale, destroyed, teleported or dead trail
ok 388 - head interpolation never extends a stale, destroyed, teleported or dead trail
  ---
  duration_ms: 0.21925
  ...
# Subtest: arena backing follows displayed size and screen density without changing world aspect
ok 389 - arena backing follows displayed size and screen density without changing world aspect
  ---
  duration_ms: 0.824042
  ...
# Subtest: arena backing bounds oversized displays and survives hidden or unavailable density
ok 390 - arena backing bounds oversized displays and survives hidden or unavailable density
  ---
  duration_ms: 0.079542
  ...
# Subtest: weighted table gives Five one third Triple probability with deterministic intervals
ok 391 - weighted table gives Five one third Triple probability with deterministic intervals
  ---
  duration_ms: 21.4875
  ...
# Subtest: Star is removed while remaining relative weights are preserved
ok 392 - Star is removed while remaining relative weights are preserved
  ---
  duration_ms: 0.166875
  ...
# Subtest: powerup pacing ramps every twenty seconds and stays bounded in overtime
ok 393 - powerup pacing ramps every twenty seconds and stays bounded in overtime
  ---
  duration_ms: 0.438625
  ...
# Subtest: portal transits survivors, breaks trail, preserves heading/charge, counts actual movement
ok 394 - portal transits survivors, breaks trail, preserves heading/charge, counts actual movement
  ---
  duration_ms: 9.409
  ...
# Subtest: entry collision is resolved before transit, and shield remains independent
ok 395 - entry collision is resolved before transit, and shield remains independent
  ---
  duration_ms: 5.315125
  ...
# Subtest: unsafe exit defers teleport for rider, pending trail, trail, bomb and blast hazards
ok 396 - unsafe exit defers teleport for rider, pending trail, trail, bomb and blast hazards
  ---
  duration_ms: 3.758
  ...
# Subtest: portal grace is defensive for both riders, protects trails/walls and does not consume shield
ok 397 - portal grace is defensive for both riders, protects trails/walls and does not consume shield
  ---
  duration_ms: 0.619166
  ...
# Subtest: portal expiry, snapshot copying, compact geometry omission and round reset
ok 398 - portal expiry, snapshot copying, compact geometry omission and round reset
  ---
  duration_ms: 0.599667
  ...
# Subtest: portal pickup creates deterministic pair, records stats, replaces pair without clearing cooldown
ok 399 - portal pickup creates deterministic pair, records stats, replaces pair without clearing cooldown
  ---
  duration_ms: 1.894459
  ...
# Subtest: impossible placement leaves pickup and old pair unconsumed
ok 400 - impossible placement leaves pickup and old pair unconsumed
  ---
  duration_ms: 0.778042
  ...
# Subtest: reverse transit respects cooldown at its exact deadline after replacement
ok 401 - reverse transit respects cooldown at its exact deadline after replacement
  ---
  duration_ms: 0.565209
  ...
# Subtest: portal defensive grace expires exactly at the authoritative tick
ok 402 - portal defensive grace expires exactly at the authoritative tick
  ---
  duration_ms: 1.759417
  ...
# Subtest: concurrent riders preserve separate entry heights at the linked wall
ok 403 - concurrent riders preserve separate entry heights at the linked wall
  ---
  duration_ms: 0.574459
  ...
# Subtest: wall placement remains useful on an occupied five-rider field across seeds
ok 404 - wall placement remains useful on an occupied five-rider field across seeds
  ---
  duration_ms: 72.759167
  ...
# Subtest: authoritative overtime shrinks portal wall length and removes reclaimed walls from snapshots
ok 405 - authoritative overtime shrinks portal wall length and removes reclaimed walls from snapshots
  ---
  duration_ms: 0.504208
  ...
# Subtest: compressed linked wall reserves an exit for the first rider rather than overlapping arrivals
ok 406 - compressed linked wall reserves an exit for the first rider rather than overlapping arrivals
  ---
  duration_ms: 0.496583
  ...
# Subtest: placement sizes walls to one third of field, caps at 300 and reserves full corridor
ok 407 - placement sizes walls to one third of field, caps at 300 and reserves full corridor
  ---
  duration_ms: 0.63975
  ...
# Subtest: placement remains bounded for unsafe or insufficiently separated sites
ok 408 - placement remains bounded for unsafe or insufficiently separated sites
  ---
  duration_ms: 0.231416
  ...
# Subtest: full wall safety catches a hazard between sampled center and endpoints
ok 409 - full wall safety catches a hazard between sampled center and endpoints
  ---
  duration_ms: 0.101875
  ...
# Subtest: swept wall entry preserves heading and relative linked height
ok 410 - swept wall entry preserves heading and relative linked height
  ---
  duration_ms: 0.607667
  ...
# Subtest: both directions and earliest intersected wall work
ok 411 - both directions and earliest intersected wall work
  ---
  duration_ms: 0.085833
  ...
# Subtest: rounded endpoints detect vertical and tangent contact without phantom end extensions
ok 412 - rounded endpoints detect vertical and tangent contact without phantom end extensions
  ---
  duration_ms: 0.087042
  ...
# Subtest: cooldown, expiry, inside, stationary, moving away and short movement do not retrigger
ok 413 - cooldown, expiry, inside, stationary, moving away and short movement do not retrigger
  ---
  duration_ms: 0.09625
  ...
# Subtest: unsafe and out-of-field exits defer transit and safety receives actual offset exit
ok 414 - unsafe and out-of-field exits defer transit and safety receives actual offset exit
  ---
  duration_ms: 0.134416
  ...
# Subtest: shrinking trims walls and removes pairs whose centerline or usable ends are reclaimed
ok 415 - shrinking trims walls and removes pairs whose centerline or usable ends are reclaimed
  ---
  duration_ms: 0.201916
  ...
# Subtest: motion ledger boundary rejects malformed, unbounded and contradictory tick data
ok 416 - motion ledger boundary rejects malformed, unbounded and contradictory tick data
  ---
  duration_ms: 0.511125
  ...
# Subtest: local steering responds next frame using a partial step which never changes fixed replay
ok 417 - local steering responds next frame using a partial step which never changes fixed replay
  ---
  duration_ms: 12.251458
  ...
# Subtest: acknowledged held turn replays exactly with no pending events, including drunk offset
ok 418 - acknowledged held turn replays exactly with no pending events, including drunk offset
  ---
  duration_ms: 0.92325
  ...
# Subtest: fresh-input age neutralizes held controls at tick ten
ok 419 - fresh-input age neutralizes held controls at tick ten
  ---
  duration_ms: 0.668
  ...
# Subtest: press and release scheduled for same tick uses latest sample, received ack cannot retire either
ok 420 - press and release scheduled for same tick uses latest sample, received ack cannot retire either
  ---
  duration_ms: 1.313875
  ...
# Subtest: mismatched snapshot and application tick rejected atomically
ok 421 - mismatched snapshot and application tick rejected atomically
  ---
  duration_ms: 0.8075
  ...
# Subtest: applied result retires pending but continues authoritative held input
ok 422 - applied result retires pending but continues authoritative held input
  ---
  duration_ms: 0.596291
  ...
# Subtest: death and portal reset local motion and epoch invalidates timing
ok 423 - death and portal reset local motion and epoch invalidates timing
  ---
  duration_ms: 0.602833
  ...
# Subtest: clock retains conservative send sampled bounds and rejects pause stale and invalid RTT
ok 424 - clock retains conservative send sampled bounds and rejects pause stale and invalid RTT
  ---
  duration_ms: 0.08175
  ...
# Subtest: remote buffer uses coherent past state and fractional ticks without portal chords
ok 425 - remote buffer uses coherent past state and fractional ticks without portal chords
  ---
  duration_ms: 0.790083
  ...
# Subtest: spectator clock advances fractional render ticks without a player seat and resets scope
ok 426 - spectator clock advances fractional render ticks without a player seat and resets scope
  ---
  duration_ms: 0.571417
  ...
# Subtest: presentation connector is bounded and never mutates confirmed trails
ok 427 - presentation connector is bounded and never mutates confirmed trails
  ---
  duration_ms: 0.587458
  ...
# Subtest: inactive snapshots do not invent movement correction or smoothing offsets
ok 428 - inactive snapshots do not invent movement correction or smoothing offsets
  ---
  duration_ms: 2.273709
  ...
# Subtest: slow round trip or lagging snapshot never rejects input locally; host admission and the four-tick lead cap bound it (\#15)
ok 429 - slow round trip or lagging snapshot never rejects input locally; host admission and the four-tick lead cap bound it (\#15)
  ---
  duration_ms: 0.656291
  ...
# Subtest: transport-refused and stale inputs never count toward the bound; overflow drops the backlog instead of blocking (\#20)
ok 430 - transport-refused and stale inputs never count toward the bound; overflow drops the backlog instead of blocking (\#20)
  ---
  duration_ms: 0.938333
  ...
# Subtest: overflow first drops inputs behind the host window and only clears a fully fresh backlog (\#15 follow-up)
ok 431 - overflow first drops inputs behind the host window and only clears a fully fresh backlog (\#15 follow-up)
  ---
  duration_ms: 1.530667
  ...
# Subtest: a lost clock limits the preview but never the send (\#65)
ok 432 - a lost clock limits the preview but never the send (\#65)
  ---
  duration_ms: 1.515542
  ...
# Subtest: all semantic message variants validate without accepting extra fields
ok 433 - all semantic message variants validate without accepting extra fields
  ---
  duration_ms: 1.095542
  ...
# Subtest: untrusted message shapes, sizes, tokens and input sequences fail closed
ok 434 - untrusted message shapes, sizes, tokens and input sequences fail closed
  ---
  duration_ms: 0.212167
  ...
# Subtest: target aim accepts finite normalized coordinates only and rejects nested extras
ok 435 - target aim accepts finite normalized coordinates only and rejects nested extras
  ---
  duration_ms: 0.158084
  ...
# Subtest: serialized recipient acknowledgement preserves own zero and negative sequences without other seats
ok 436 - serialized recipient acknowledgement preserves own zero and negative sequences without other seats
  ---
  duration_ms: 0.824458
  ...
# Subtest: recipient ack envelopes preserve complete keyframe retry and unchanged world decoding
ok 437 - recipient ack envelopes preserve complete keyframe retry and unchanged world decoding
  ---
  duration_ms: 0.980792
  ...
# Subtest: candidates before the remote description are buffered, bounded at 64 and flushed in order
ok 438 - candidates before the remote description are buffered, bounded at 64 and flushed in order
  ---
  duration_ms: 1.580167
  ...
# Subtest: candidates arriving while a description is being applied wait, then apply; later ones apply directly
ok 439 - candidates arriving while a description is being applied wait, then apply; later ones apply directly
  ---
  duration_ms: 0.158584
  ...
# Subtest: answer-side candidates that arrive after the local answer are applied against the remote description
ok 440 - answer-side candidates that arrive after the local answer are applied against the remote description
  ---
  duration_ms: 0.096375
  ...
# Subtest: a restart offer changes the ufrag: old-generation candidates never poison it and new ones wait for it
ok 441 - a restart offer changes the ufrag: old-generation candidates never poison it and new ones wait for it
  ---
  duration_ms: 0.105917
  ...
# Subtest: browser rejection of a candidate is counted, not thrown into the signalling loop
ok 442 - browser rejection of a candidate is counted, not thrown into the signalling loop
  ---
  duration_ms: 0.094334
  ...
# Subtest: only actual changed heading counts, unchanged animation frames do not
ok 443 - only actual changed heading counts, unchanged animation frames do not
  ---
  duration_ms: 0.62525
  ...
# Subtest: clock-aligned render frames detect wrapped positive heading and reject the wrong direction
ok 444 - clock-aligned render frames detect wrapped positive heading and reject the wrong direction
  ---
  duration_ms: 0.106958
  ...
# Subtest: death, round transition, intoxication and live powerups invalidate the measurement
ok 445 - death, round transition, intoxication and live powerups invalidate the measurement
  ---
  duration_ms: 0.111625
  ...
# Subtest: turning, short, stale and missing baselines are rejected without cherry-picking
ok 446 - turning, short, stale and missing baselines are rejected without cherry-picking
  ---
  duration_ms: 0.070917
  ...
# Subtest: unchanged heading times out and incomplete capture is separately rejected
ok 447 - unchanged heading times out and incomplete capture is separately rejected
  ---
  duration_ms: 0.068542
  ...
# Subtest: one degree metric remains later than the first tiny numerical departure
ok 448 - one degree metric remains later than the first tiny numerical departure
  ---
  duration_ms: 0.064625
  ...
# Subtest: render continuity separates repeated authoritative ticks from animation cadence and attempt gaps
ok 449 - render continuity separates repeated authoritative ticks from animation cadence and attempt gaps
  ---
  duration_ms: 3.371709
  ...
# Subtest: return to lobby from lobby clears match state without inventing session points
ok 450 - return to lobby from lobby clears match state without inventing session points
  ---
  duration_ms: 11.940292
  ...
# Subtest: return to lobby from countdown clears match state without inventing session points
ok 451 - return to lobby from countdown clears match state without inventing session points
  ---
  duration_ms: 5.496792
  ...
# Subtest: return to lobby from playing clears match state without inventing session points
ok 452 - return to lobby from playing clears match state without inventing session points
  ---
  duration_ms: 0.592958
  ...
# Subtest: return to lobby from roundOver clears match state without inventing session points
ok 453 - return to lobby from roundOver clears match state without inventing session points
  ---
  duration_ms: 0.567708
  ...
# Subtest: return to lobby from matchOver clears match state without inventing session points
ok 454 - return to lobby from matchOver clears match state without inventing session points
  ---
  duration_ms: 0.639583
  ...
# Subtest: empty party can return to lobby and invalid scope is rejected before mutation
ok 455 - empty party can return to lobby and invalid scope is rejected before mutation
  ---
  duration_ms: 0.16325
  ...
# Subtest: pure rider kernel exactly matches authoritative turns including drunk offsets
ok 456 - pure rider kernel exactly matches authoritative turns including drunk offsets
  ---
  duration_ms: 27.789708
  ...
# Subtest: opposite controls cancel steering and pure motion leaves input pose unchanged
ok 457 - opposite controls cancel steering and pure motion leaves input pose unchanged
  ---
  duration_ms: 0.082834
  ...
# Subtest: short codes map the full67600 space and reject biased random tail
ok 458 - short codes map the full67600 space and reject biased random tail
  ---
  duration_ms: 0.625209
  ...
# Subtest: new and temporary legacy room identities validate without making codes secrets
ok 459 - new and temporary legacy room identities validate without making codes secrets
  ---
  duration_ms: 0.11525
  ...
# Subtest: collision reservation is bounded and never masks noncollision failure
ok 460 - collision reservation is bounded and never masks noncollision failure
  ---
  duration_ms: 0.525125
  ...
# Subtest: ordinary initial show is inert and permanent departure disposes the room
ok 461 - ordinary initial show is inert and permanent departure disposes the room
  ---
  duration_ms: 0.770791
  ...
# Subtest: BFCache restoration reloads stopped room exactly once instead of reviving its transport
ok 462 - BFCache restoration reloads stopped room exactly once instead of reviving its transport
  ---
  duration_ms: 0.076167
  ...
# Subtest: expired room stops before clearing runtime and never retries a reused public code
ok 463 - expired room stops before clearing runtime and never retries a reused public code
  ---
  duration_ms: 0.769
  ...
# Subtest: temporary network failure retries while replaced host is terminal separately
ok 464 - temporary network failure retries while replaced host is terminal separately
  ---
  duration_ms: 0.084542
  ...
# Subtest: safeStorage falls back to an in-memory store when the underlying storage throws on access
ok 465 - safeStorage falls back to an in-memory store when the underlying storage throws on access
  ---
  duration_ms: 0.468459
  ...
# Subtest: safeStorage does not evaluate the storage accessor until a get/set/remove call is made
ok 466 - safeStorage does not evaluate the storage accessor until a get/set/remove call is made
  ---
  duration_ms: 0.07125
  ...
# Subtest: safeStorage passes through to real storage when it works
ok 467 - safeStorage passes through to real storage when it works
  ---
  duration_ms: 0.08825
  ...
# Subtest: createMemoryStorage never throws and reports missing keys as null
ok 468 - createMemoryStorage never throws and reports missing keys as null
  ---
  duration_ms: 0.047209
  ...
# Subtest: LAN AI management is authorized, shares seats, follows normal rounds and can be removed
ok 469 - LAN AI management is authorized, shares seats, follows normal rounds and can be removed
  ---
  duration_ms: 49.447833
  ...
# Subtest: LAN bot protocol rejects missing IDs, human IDs and unexpected action data
ok 470 - LAN bot protocol rejects missing IDs, human IDs and unexpected action data
  ---
  duration_ms: 0.495209
  ...
# Subtest: a reconnect cancels prior charge and accepts a fresh explicit press-release pair
ok 471 - a reconnect cancels prior charge and accepts a fresh explicit press-release pair
  ---
  duration_ms: 81.103458
  ...
# Subtest: match rematch resets scope and wins, then round-over automatically starts the next round
ok 472 - match rematch resets scope and wins, then round-over automatically starts the next round
  ---
  duration_ms: 50.594167
  ...
# Subtest: controller snapshots strip the full match statistics table
ok 473 - controller snapshots strip the full match statistics table
  ---
  duration_ms: 1.842875
  ...
# Subtest: five seats, sixth denial, full public snapshots and private host control
ok 474 - five seats, sixth denial, full public snapshots and private host control
  ---
  duration_ms: 59.982875
  ...
# Subtest: reconnect replaces the same seat, sequences continue, stale input becomes neutral, rapid bomb taps survive
ok 475 - reconnect replaces the same seat, sequences continue, stale input becomes neutral, rapid bomb taps survive
  ---
  duration_ms: 24.053375
  ...
# Subtest: admission rejects late/invalid joins, leave frees lobby seats and eliminates during play
ok 476 - admission rejects late/invalid joins, leave frees lobby seats and eliminates during play
  ---
  duration_ms: 23.965292
  ...
# Subtest: charge holds use authoritative ticks and launch only on explicit release
ok 477 - charge holds use authoritative ticks and launch only on explicit release
  ---
  duration_ms: 13.128833
  ...
# Subtest: cancel, stale input, and socket replacement discard charges and queued releases
ok 478 - cancel, stale input, and socket replacement discard charges and queued releases
  ---
  duration_ms: 14.073167
  ...
# Subtest: typed injected clock drives heartbeat timeout and rate window without sleeping
ok 479 - typed injected clock drives heartbeat timeout and rate window without sleeping
  ---
  duration_ms: 4.040125
  ...
# Subtest: a flood of malformed frames is counted against the rate limit and closes the socket with 1008
ok 480 - a flood of malformed frames is counted against the rate limit and closes the socket with 1008
  ---
  duration_ms: 3.733084
  ...
# Subtest: invalid frames do not refresh lastSeen so the idle watchdog still prunes a garbage-only client
ok 481 - invalid frames do not refresh lastSeen so the idle watchdog still prunes a garbage-only client
  ---
  duration_ms: 1.966375
  ...
# Subtest: bounded catch-up discards sleep-sized backlogs
ok 482 - bounded catch-up discards sleep-sized backlogs
  ---
  duration_ms: 0.248792
  ...
# Subtest: a finished match can accept fresh phones after every original player leaves
ok 483 - a finished match can accept fresh phones after every original player leaves
  ---
  duration_ms: 10.989334
  ...
# Subtest: injected scheduler advances fixed ticks, caps catch-up, discards excess and cancels on close
ok 484 - injected scheduler advances fixed ticks, caps catch-up, discards excess and cancels on close
  ---
  duration_ms: 0.463667
  ...
# Subtest: display receives 20Hz world state while phones receive compact 10Hz updates and measured input acknowledgments
ok 485 - display receives 20Hz world state while phones receive compact 10Hz updates and measured input acknowledgments
  ---
  duration_ms: 8.989125
  ...
# Subtest: late countdown joins wait safely, reconnect and enter next round automatically
ok 486 - late countdown joins wait safely, reconnect and enter next round automatically
  ---
  duration_ms: 11.795834
  ...
# Subtest: late playing joins wait safely, reconnect and enter next round automatically
ok 487 - late playing joins wait safely, reconnect and enter next round automatically
  ---
  duration_ms: 14.640458
  ...
# Subtest: target release aim survives newer input packets through real socket transport
ok 488 - target release aim survives newer input packets through real socket transport
  ---
  duration_ms: 7.367166
  ...
# Subtest: host can abort to lobby without losing phone seats or replaying buffered bomb releases
ok 489 - host can abort to lobby without losing phone seats or replaying buffered bomb releases
  ---
  duration_ms: 10.318792
  ...
# Subtest: serialized avatar joins assign an allowed head and reconnect preserves server identity
ok 490 - serialized avatar joins assign an allowed head and reconnect preserves server identity
  ---
  duration_ms: 2.659416
  ...
# Subtest: a joined controller can change only its own avatar during play without altering gameplay
ok 491 - a joined controller can change only its own avatar during play without altering gameplay
  ---
  duration_ms: 7.882167
  ...
# Subtest: phones that vanish in the lobby release their seats for newcomers and for the next start
ok 492 - phones that vanish in the lobby release their seats for newcomers and for the next start
  ---
  duration_ms: 4.679666
  ...
# Subtest: a full lobby reclaims a vanished seat for a newcomer without any host action
ok 493 - a full lobby reclaims a vanished seat for a newcomer without any host action
  ---
  duration_ms: 5.470292
  ...
# Subtest: a phone that vanishes mid-round keeps its seat for reconnection and never yields it to a newcomer
ok 494 - a phone that vanishes mid-round keeps its seat for reconnection and never yields it to a newcomer
  ---
  duration_ms: 11.594208
  ...
# Subtest: actual service exposes Cloud Run safe health aliases without requiring provider operations
ok 495 - actual service exposes Cloud Run safe health aliases without requiring provider operations
  ---
  duration_ms: 792.616084
  ...
# Subtest: service transaction retries keep one logical connection/grant and fenced replacement
ok 496 - service transaction retries keep one logical connection/grant and fenced replacement
  ---
  duration_ms: 3.550458
  ...
# Subtest: service reserves creator slot and atomically bounds concurrent admission
ok 497 - service reserves creator slot and atomically bounds concurrent admission
  ---
  duration_ms: 0.458667
  ...
# Subtest: two gateways advertise actual remote members and route only signalling
ok 498 - two gateways advertise actual remote members and route only signalling
  ---
  duration_ms: 4.440125
  ...
# Subtest: mesh signalling permits guest pairs while rejecting foreign room and replaced target scopes
ok 499 - mesh signalling permits guest pairs while rejecting foreign room and replaced target scopes
  ---
  duration_ms: 1.209292
  ...
# Subtest: guest mesh signals retain source replacement and cross-room membership fences
ok 500 - guest mesh signals retain source replacement and cross-room membership fences
  ---
  duration_ms: 1.988042
  ...
# Subtest: fast bus after delayed metadata emits new source membership before SDP
ok 501 - fast bus after delayed metadata emits new source membership before SDP
  ---
  duration_ms: 0.470583
  ...
# Subtest: expired and duplicate bus packets never repeat SDP; old replacement source is rejected
ok 502 - expired and duplicate bus packets never repeat SDP; old replacement source is rejected
  ---
  duration_ms: 0.359375
  ...
# Subtest: time renewals preserve exact authority and stale close cannot revoke replacement
ok 503 - time renewals preserve exact authority and stale close cannot revoke replacement
  ---
  duration_ms: 0.498417
  ...
# Subtest: idle teardown and immediate rejoin serialize a new subscription before admission
ok 504 - idle teardown and immediate rejoin serialize a new subscription before admission
  ---
  duration_ms: 0.656792
  ...
# Subtest: bus failure and slow receiver fail explicitly without keeping hidden relay queues
ok 505 - bus failure and slow receiver fail explicitly without keeping hidden relay queues
  ---
  duration_ms: 1.907958
  ...
# Subtest: runtime metadata and bus schemas reject corrupt scope and gameplay frames
ok 506 - runtime metadata and bus schemas reject corrupt scope and gameplay frames
  ---
  duration_ms: 0.917666
  ...
# Subtest: v2 renewal accepts GrantIdentity without timestamps at the actual JSON boundary
ok 507 - v2 renewal accepts GrantIdentity without timestamps at the actual JSON boundary
  ---
  duration_ms: 6.649917
  ...
# Subtest: failed bus is drained before a queued new connection can mark it ready
ok 508 - failed bus is drained before a queued new connection can mark it ready
  ---
  duration_ms: 1.139375
  ...
# Subtest: short-code transactional collisions preserve the live room and retry only bounded conflicts
ok 509 - short-code transactional collisions preserve the live room and retry only bounded conflicts
  ---
  duration_ms: 2.202458
  ...
# Subtest: guest keepalives never extend host-session lifetime and exact expiry rejects admission
ok 510 - guest keepalives never extend host-session lifetime and exact expiry rejects admission
  ---
  duration_ms: 0.313167
  ...
# Subtest: only the current host extends reconnect grace and replacement close cannot shorten it
ok 511 - only the current host extends reconnect grace and replacement close cannot shorten it
  ---
  duration_ms: 0.199333
  ...
# Subtest: host end is authorized, immediate and cannot end a reused code with an old capability
ok 512 - host end is authorized, immediate and cannot end a reused code with an old capability
  ---
  duration_ms: 0.573625
  ...
# Subtest: cached signalling refuses expired rooms before asynchronous TTL deletion
ok 513 - cached signalling refuses expired rooms before asynchronous TTL deletion
  ---
  duration_ms: 0.511041
  ...
# Subtest: gateway expiry timer closes silent sockets without depending on TTL deletion or traffic
ok 514 - gateway expiry timer closes silent sockets without depending on TTL deletion or traffic
  ---
  duration_ms: 8.569666
  ...
# Subtest: delayed old-incarnation heartbeat or read cannot roll back a reused room view
ok 515 - delayed old-incarnation heartbeat or read cannot roll back a reused room view
  ---
  duration_ms: 8.499625
  ...
# Subtest: delayed old admission cannot replace a newly observed room incarnation
ok 516 - delayed old admission cannot replace a newly observed room incarnation
  ---
  duration_ms: 0.708
  ...
# Subtest: cancelled metadata watch callbacks cannot mutate a recreated room view
ok 517 - cancelled metadata watch callbacks cannot mutate a recreated room view
  ---
  duration_ms: 0.393334
  ...
# Subtest: direct new admission rotates an active old watch before its delayed callbacks arrive
ok 518 - direct new admission rotates an active old watch before its delayed callbacks arrive
  ---
  duration_ms: 0.405417
  ...
# Subtest: shell reflects remaining travel and exposes the true collision path
ok 519 - shell reflects remaining travel and exposes the true collision path
  ---
  duration_ms: 0.838541
  ...
# Subtest: corners reflect both axes and shrinking bounds clamp safely
ok 520 - corners reflect both axes and shrinking bounds clamp safely
  ---
  duration_ms: 0.087584
  ...
# Subtest: shell ricochets off a tail without crossing it and keeps its speed
ok 521 - shell ricochets off a tail without crossing it and keeps its speed
  ---
  duration_ms: 0.233333
  ...
# Subtest: diagonal tails and exposed endpoints reflect instead of tunnelling
ok 522 - diagonal tails and exposed endpoints reflect instead of tunnelling
  ---
  duration_ms: 0.090458
  ...
# Subtest: failure notice classifies only press/release gestures, never neutral or held heartbeats
ok 523 - failure notice classifies only press/release gestures, never neutral or held heartbeats
  ---
  duration_ms: 0.415667
  ...
# Subtest: shot notice persists three seconds independently and another failure restarts the deadline
ok 524 - shot notice persists three seconds independently and another failure restarts the deadline
  ---
  duration_ms: 0.154792
  ...
# Subtest: every candidate shape Chrome and Safari emit passes the signalling boundary
ok 525 - every candidate shape Chrome and Safari emit passes the signalling boundary
  ---
  duration_ms: 0.474708
  ...
# Subtest: descriptions from localDescription.toJSON() pass; anything else is rejected
ok 526 - descriptions from localDescription.toJSON() pass; anything else is rejected
  ---
  duration_ms: 0.21725
  ...
# Subtest: connect() while the previous socket is still CONNECTING closes it instead of orphaning it
ok 527 - connect() while the previous socket is still CONNECTING closes it instead of orphaning it
  ---
  duration_ms: 1.07725
  ...
# Subtest: connect() with no prior socket does not attempt to close anything
ok 528 - connect() with no prior socket does not attempt to close anything
  ---
  duration_ms: 0.118833
  ...
# Subtest: a real disconnect on the current socket reports status and reconnects
ok 529 - a real disconnect on the current socket reports status and reconnects
  ---
  duration_ms: 0.108208
  ...
# Subtest: send() only transmits once the current socket reports OPEN, and close() is idempotent-safe
ok 530 - send() only transmits once the current socket reports OPEN, and close() is idempotent-safe
  ---
  duration_ms: 0.101709
  ...
# Subtest: an inbound pong reports round-trip time instead of reaching onMessage
ok 531 - an inbound pong reports round-trip time instead of reaching onMessage
  ---
  duration_ms: 0.560417
  ...
# Subtest: a host error reply survives 200 ms of ticks and world frames, then the connection status returns
ok 532 - a host error reply survives 200 ms of ticks and world frames, then the connection status returns
  ---
  duration_ms: 1.010417
  ...
# Subtest: unchanged recurring status is emitted once however many ticks and frames restate it
ok 533 - unchanged recurring status is emitted once however many ticks and frames restate it
  ---
  duration_ms: 0.201417
  ...
# Subtest: the recurring status that returns after a notice is the latest one, not the one it replaced
ok 534 - the recurring status that returns after a notice is the latest one, not the one it replaced
  ---
  duration_ms: 0.14275
  ...
# Subtest: a join error survives the 500 ms join retry cadence without restating itself
ok 535 - a join error survives the 500 ms join retry cadence without restating itself
  ---
  duration_ms: 0.189208
  ...
# Subtest: a later notice replaces a live notice and extends the hold
ok 536 - a later notice replaces a live notice and extends the hold
  ---
  duration_ms: 0.201916
  ...
# Subtest: a notice raised before any connection status is never replaced by a silent refresh
ok 537 - a notice raised before any connection status is never replaced by a silent refresh
  ---
  duration_ms: 0.118167
  ...
# Subtest: a rejected input frame flashes without holding the line or hiding a real error
ok 538 - a rejected input frame flashes without holding the line or hiding a real error
  ---
  duration_ms: 0.163334
  ...
# Subtest: a terminal notice is never overwritten by recurring status or by later notices
ok 539 - a terminal notice is never overwritten by recurring status or by later notices
  ---
  duration_ms: 0.16025
  ...
# Subtest: target collection arms one normal-strength bomb and preserves volley upgrades
ok 540 - target collection arms one normal-strength bomb and preserves volley upgrades
  ---
  duration_ms: 10.939916
  ...
# Subtest: targeting requires pickup and clamps to the current safe field
ok 541 - targeting requires pickup and clamps to the current safe field
  ---
  duration_ms: 1.04375
  ...
# Subtest: cancel, rejected release and death clear preview without consuming; next round resets
ok 542 - cancel, rejected release and death clear preview without consuming; next round resets
  ---
  duration_ms: 1.315
  ...
# Subtest: queued release uses its own aim rather than a later packet in the same server tick
ok 543 - queued release uses its own aim rather than a later packet in the same server tick
  ---
  duration_ms: 0.878833
  ...
# Subtest: Target detonates on the release tick, with damage and protection resolved immediately
ok 544 - Target detonates on the release tick, with damage and protection resolved immediately
  ---
  duration_ms: 1.612417
  ...
# Subtest: instant Target blast chains nearby bombs in the same tick
ok 545 - instant Target blast chains nearby bombs in the same tick
  ---
  duration_ms: 0.521792
  ...
# Subtest: host clock replies are bound, single-use, bounded and invalidated at recovery
ok 546 - host clock replies are bound, single-use, bounded and invalidated at recovery
  ---
  duration_ms: 0.468333
  ...
# Subtest: trail clipping preserves contained geometry identity and timestamps
ok 547 - trail clipping preserves contained geometry identity and timestamps
  ---
  duration_ms: 0.479417
  ...
# Subtest: trail clipping trims crossings on every edge in both directions
ok 548 - trail clipping trims crossings on every edge in both directions
  ---
  duration_ms: 0.464125
  ...
# Subtest: trail clipping keeps closed tangent edges and corner contacts
ok 549 - trail clipping keeps closed tangent edges and corner contacts
  ---
  duration_ms: 0.069875
  ...
# Subtest: trail clipping removes exterior points, parallel lines and disjoint diagonal segments
ok 550 - trail clipping removes exterior points, parallel lines and disjoint diagonal segments
  ---
  duration_ms: 0.064458
  ...
# Subtest: overtime trims dead and living trails before collision and snapshot, retaining disconnected pieces
ok 551 - overtime trims dead and living trails before collision and snapshot, retaining disconnected pieces
  ---
  duration_ms: 9.05175
  ...
# Subtest: star, shield and portal grace bounce trails cannot start outside the newly closed field
ok 552 - star, shield and portal grace bounce trails cannot start outside the newly closed field
  ---
  duration_ms: 2.560875
  ...
# Subtest: overtime clipping preserves portal entry and exit discontinuity
ok 553 - overtime clipping preserves portal entry and exit discontinuity
  ---
  duration_ms: 0.967125
  ...
# Subtest: Worker persists an incarnation and allocates authority to the current host connection only
ok 554 - Worker persists an incarnation and allocates authority to the current host connection only
  ---
  duration_ms: 19.660833
  ...
# Subtest: Worker fences host replacement and delayed close without overlapping lease validity
ok 555 - Worker fences host replacement and delayed close without overlapping lease validity
  ---
  duration_ms: 2.091666
  ...
# Subtest: Worker renews only an active exact grant from its current host, with authenticated clock echo
ok 556 - Worker renews only an active exact grant from its current host, with authenticated clock echo
  ---
  duration_ms: 1.702458
  ...
# Subtest: Worker routes only current authenticated endpoints and includes source connection scope
ok 557 - Worker routes only current authenticated endpoints and includes source connection scope
  ---
  duration_ms: 1.97975
  ...
# Subtest: Worker serializes simultaneous host reservations and retains fencing through hibernation state
ok 558 - Worker serializes simultaneous host reservations and retains fencing through hibernation state
  ---
  duration_ms: 0.866917
  ...
# Subtest: Worker rejects malformed clock requests and bounds six active memberships while permitting replacement
ok 559 - Worker rejects malformed clock requests and bounds six active memberships while permitting replacement
  ---
  duration_ms: 2.819209
  ...
# Subtest: Worker reserves creator capacity when invitees arrive before the host
ok 560 - Worker reserves creator capacity when invitees arrive before the host
  ---
  duration_ms: 3.471875
  ...
# Subtest: Worker rejects gameplay relay even between valid host and guest sockets
ok 561 - Worker rejects gameplay relay even between valid host and guest sockets
  ---
  duration_ms: 0.916625
  ...
# Subtest: Worker expires at90seconds without host heartbeat even while guests keep sending
ok 562 - Worker expires at90seconds without host heartbeat even while guests keep sending
  ---
  duration_ms: 1.13975
  ...
# Subtest: Worker end requires host capability and code reuse clears prior authority
ok 563 - Worker end requires host capability and code reuse clears prior authority
  ---
  duration_ms: 1.586625
  ...
# Subtest: Worker current host heartbeats extend deadline while stale closes do not
ok 564 - Worker current host heartbeats extend deadline while stale closes do not
  ---
  duration_ms: 1.070709
  ...
1..564
# tests 564
# suites 0
# pass 564
# fail 0
# cancelled 0
# skipped 0
# todo 0
# duration_ms 6742.077042
--------------------------|---------|----------|---------|---------|--------------------------------
File                      | % Stmts | % Branch | % Funcs | % Lines | Uncovered Line #s              
--------------------------|---------|----------|---------|---------|--------------------------------
All files                 |   99.14 |    93.95 |   98.78 |   99.14 |                                
 client                   |     100 |    97.94 |    98.3 |     100 |                                
  audio-director.ts       |     100 |    98.38 |     100 |     100 | 77                             
  controller-keyboard.ts  |     100 |      100 |     100 |     100 |                                
  controller-pointers.ts  |     100 |    98.48 |   91.66 |     100 | 56                             
  controller-state.ts     |     100 |    98.95 |     100 |     100 | 81                             
  render-snapshot.ts      |     100 |       90 |     100 |     100 | 37-45                          
  snapshot-stream.ts      |     100 |      100 |     100 |     100 |                                
 online                   |   98.68 |    92.03 |   98.27 |   98.68 |                                
  action-replication.ts   |     100 |    89.94 |     100 |     100 | ...135,142,153,159,162,164-166 
  authority-grace.ts      |     100 |      100 |     100 |     100 |                                
  authority-status.ts     |     100 |      100 |     100 |     100 |                                
  authority.ts            |     100 |      100 |     100 |     100 |                                
  checkpoint.ts           |     100 |    91.75 |     100 |     100 | ...112,114,117-119,121,137,141 
  direct-clock.ts         |     100 |    97.75 |     100 |     100 | 65,80                          
  direct-control.ts       |     100 |      100 |     100 |     100 |                                
  direct-ingress.ts       |     100 |      100 |     100 |     100 |                                
  direct-origin.ts        |     100 |    95.58 |     100 |     100 | 53,57,69                       
  direct-room-state.ts    |     100 |    95.12 |     100 |     100 | 38,48,63,71,84,98              
  direct-segment.ts       |     100 |    87.97 |   94.11 |     100 | ...131,143,149,154-155,158,167 
  direct-stream.ts        |     100 |    99.35 |     100 |     100 | 42                             
  host-session.ts         |   99.49 |    89.79 |     100 |   99.49 | 41                             
  ice-config.ts           |     100 |    97.36 |     100 |     100 | 13                             
  ice-signal.ts           |     100 |       92 |     100 |     100 | 9,18                           
  keyframe-delivery.ts    |     100 |      100 |     100 |     100 |                                
  link-callback.ts        |     100 |      100 |     100 |     100 |                                
  link-diagnostics.ts     |     100 |       84 |     100 |     100 | 16,20,33,39-42                 
  link-health.ts          |     100 |      100 |     100 |     100 |                                
  link-restart.ts         |     100 |      100 |     100 |     100 |                                
  link-send-gate.ts       |     100 |      100 |     100 |     100 |                                
  local-runtime.ts        |     100 |    89.58 |     100 |     100 | 33,54,61,71-73                 
  mobile-play-policy.ts   |     100 |      100 |     100 |     100 |                                
  prediction-clock.ts     |     100 |    98.03 |     100 |     100 | 37                             
  prediction.ts           |    97.6 |    87.61 |     100 |    97.6 | 105-107                        
  recipient-ack.ts        |     100 |      100 |     100 |     100 |                                
  remote-signal.ts        |   95.34 |    94.73 |     100 |   95.34 | 36-37                          
  response-measurement.ts |     100 |    98.52 |     100 |     100 | 25                             
  rollback-world.ts       |     100 |    90.65 |     100 |     100 | ...152,157,186,194-196,203,215 
  room-lifecycle.ts       |     100 |      100 |     100 |     100 |                                
  room-socket-close.ts    |     100 |      100 |     100 |     100 |                                
  runtime.ts              |   93.23 |    87.57 |   87.87 |   93.23 | ...405,409-413,427-429,445-456 
  status-notices.ts       |     100 |      100 |     100 |     100 |                                
  world-codec.ts          |     100 |     86.4 |      90 |     100 | ...64,66,68,71-75,86,88-95,100 
 server                   |    98.2 |     92.2 |     100 |    98.2 |                                
  bomb-input.ts           |     100 |      100 |     100 |     100 |                                
  index.ts                |    97.9 |    90.95 |     100 |    97.9 | 60,74,283-286                  
 service                  |     100 |      100 |     100 |     100 |                                
  signal.ts               |     100 |      100 |     100 |     100 |                                
 shared                   |   99.59 |    96.84 |     100 |   99.59 |                                
  action-log.ts           |     100 |    96.03 |     100 |     100 | 40,44,75-76,113                
  avatars.ts              |     100 |      100 |     100 |     100 |                                
  blast-geometry.ts       |     100 |      100 |     100 |     100 |                                
  bomb-launch.ts          |     100 |      100 |     100 |     100 |                                
  bot-controller.ts       |     100 |      100 |     100 |     100 |                                
  deterministic-math.ts   |     100 |      100 |     100 |     100 |                                
  direct-input.ts         |     100 |      100 |     100 |     100 |                                
  drunk.ts                |     100 |      100 |     100 |     100 |                                
  duration-text.ts        |     100 |      100 |     100 |     100 |                                
  game.ts                 |   99.44 |    95.83 |     100 |   99.44 | 342-343,730-731,1154-1156      
  gun.ts                  |     100 |    88.23 |     100 |     100 | 26,31                          
  launch-modifiers.ts     |     100 |      100 |     100 |     100 |                                
  leaderboard.ts          |   96.63 |    94.33 |     100 |   96.63 | 46-47,89-90                    
  match-recap.ts          |     100 |    95.71 |     100 |     100 | 23,83,86                       
  match-stats.ts          |     100 |    98.36 |     100 |     100 | 181                            
  pickup-weights.ts       |     100 |       90 |     100 |     100 | 16                             
  portal.ts               |     100 |      100 |     100 |     100 |                                
  protocol.ts             |     100 |      100 |     100 |     100 |                                
  rider-motion.ts         |     100 |      100 |     100 |     100 |                                
  room-code.ts            |     100 |      100 |     100 |     100 |                                
  room-settings.ts        |     100 |    92.85 |     100 |     100 | 27                             
  shell.ts                |     100 |    93.47 |     100 |     100 | 15,47-50                       
  trail-clipping.ts       |     100 |      100 |     100 |     100 |                                
--------------------------|---------|----------|---------|---------|--------------------------------
