
> fuse-riders@1.0.0 test:coverage
> c8 tsx --test tests/*.test.ts

TAP version 13
# Subtest: accepted host actions replay complete lifecycle, bots, timeout cancellation and resets
ok 1 - accepted host actions replay complete lifecycle, bots, timeout cancellation and resets
  ---
  duration_ms: 4005.757875
  ...
# Subtest: replica game checkpoint preserves connected and charging state without host recovery sanitization
ok 2 - replica game checkpoint preserves connected and charging state without host recovery sanitization
  ---
  duration_ms: 2.572042
  ...
# Subtest: steady held input records only changes; bomb edges never persist into later ticks
ok 3 - steady held input records only changes; bomb edges never persist into later ticks
  ---
  duration_ms: 1.847667
  ...
# Subtest: MessagePack tuples and malformed operations are bounded
ok 4 - MessagePack tuples and malformed operations are bounded
  ---
  duration_ms: 2.191834
  ...
# Subtest: real encoded sender/receiver: duplicate, dropped and reordered batches repair without divergent commit
ok 5 - real encoded sender/receiver: duplicate, dropped and reordered batches repair without divergent commit
  ---
  duration_ms: 4.729834
  ...
# Subtest: invalid transaction and repeated hash mismatch never replace healthy state; fresh baseline repairs
ok 6 - invalid transaction and repeated hash mismatch never replace healthy state; fresh baseline repairs
  ---
  duration_ms: 1.701667
  ...
# Subtest: checkpoint chunk loss, reordering, corruption and timeout are bounded
ok 7 - checkpoint chunk loss, reordering, corruption and timeout are bounded
  ---
  duration_ms: 3.213167
  ...
# Subtest: decoder rejects nested allocation bombs before decoding and accepts ordinary envelopes
ok 8 - decoder rejects nested allocation bombs before decoding and accepts ordinary envelopes
  ---
  duration_ms: 6.874625
  ...
# Subtest: checkpoint and action identity validation agree, including history bounds and legal slot reuse
ok 9 - checkpoint and action identity validation agree, including history bounds and legal slot reuse
  ---
  duration_ms: 68.885584
  ...
# Subtest: newer checkpoint generations cannot erase same-tick accepted lifecycle operations
ok 10 - newer checkpoint generations cannot erase same-tick accepted lifecycle operations
  ---
  duration_ms: 1.17025
  ...
# Subtest: hash comparison survives backpressure precisely on twentieth ticks
ok 11 - hash comparison survives backpressure precisely on twentieth ticks
  ---
  duration_ms: 7.524042
  ...
# Subtest: missing middle checkpoint chunk times out, throttled pump recovers with a fresh generation
ok 12 - missing middle checkpoint chunk times out, throttled pump recovers with a fresh generation
  ---
  duration_ms: 75.938042
  ...
# Subtest: signed-zero headings and arena-coordinate bomb targets survive checkpoint suffix replay
ok 13 - signed-zero headings and arena-coordinate bomb targets survive checkpoint suffix replay
  ---
  duration_ms: 2.228834
  ...
# Subtest: host refuses a new historical identity before replay/checkpoint capacity is exceeded
ok 14 - host refuses a new historical identity before replay/checkpoint capacity is exceeded
  ---
  duration_ms: 2.46275
  ...
# Subtest: signed-zero local aim is normalized before MessagePack checkpoint and action capture
ok 15 - signed-zero local aim is normalized before MessagePack checkpoint and action capture
  ---
  duration_ms: 2.827166
  ...
# Subtest: MessagePack action changes carry full applied ticks across sparse input and bomb transitions
ok 16 - MessagePack action changes carry full applied ticks across sparse input and bomb transitions
  ---
  duration_ms: 2.051292
  ...
# Subtest: absolute action ticks above uint16 replay independently of previous held timestamps
ok 17 - absolute action ticks above uint16 replay independently of previous held timestamps
  ---
  duration_ms: 0.409
  ...
# Subtest: action tick mismatch and legacy replay checkpoints preserve healthy receiver state
ok 18 - action tick mismatch and legacy replay checkpoints preserve healthy receiver state
  ---
  duration_ms: 1.472334
  ...
# Subtest: assets resolve once under a Pages base and preserve external URLs
ok 19 - assets resolve once under a Pages base and preserve external URLs
  ---
  duration_ms: 0.45625
  ...
# Subtest: audio requires gesture unlock, routes independent mute and volume, and tolerates refusal
ok 20 - audio requires gesture unlock, routes independent mute and volume, and tolerates refusal
  ---
  duration_ms: 1.171959
  ...
# Subtest: original score loops with bounded scheduling and no background catch-up
ok 21 - original score loops with bounded scheduling and no background catch-up
  ---
  duration_ms: 0.52125
  ...
# Subtest: authoritative effects coalesce volleys, reject stale events and baseline reconnects silently
ok 22 - authoritative effects coalesce volleys, reject stale events and baseline reconnects silently
  ---
  duration_ms: 0.318625
  ...
# Subtest: pickup cues use authoritative collection events and reconnect baseline stays silent
ok 23 - pickup cues use authoritative collection events and reconnect baseline stays silent
  ---
  duration_ms: 0.100708
  ...
# Subtest: engine emits collection once only after a real pickup is consumed
ok 24 - engine emits collection once only after a real pickup is consumed
  ---
  duration_ms: 34.417917
  ...
# Subtest: older round snapshots cannot reset scope or stop music
ok 25 - older round snapshots cannot reset scope or stop music
  ---
  duration_ms: 0.208208
  ...
# Subtest: eight original scores have long arrangements, distinct melodies and bounded valid voices
ok 26 - eight original scores have long arrangements, distinct melodies and bounded valid voices
  ---
  duration_ms: 13.863916
  ...
# Subtest: playlist completes an arrangement, rotates all eight tunes and retains mute and volume
ok 27 - playlist completes an arrangement, rotates all eight tunes and retains mute and volume
  ---
  duration_ms: 0.757417
  ...
# Subtest: new rounds advance playlist once; repeated snapshots and reconnects do not rewind it
ok 28 - new rounds advance playlist once; repeated snapshots and reconnects do not rewind it
  ---
  duration_ms: 0.122167
  ...
# Subtest: enabled audio plays in the lobby and intermissions and explicit enable confirms output
ok 29 - enabled audio plays in the lobby and intermissions and explicit enable confirms output
  ---
  duration_ms: 0.102125
  ...
# Subtest: two jazz tunes swing in tempo and use soft walking bass and seventh chords
ok 30 - two jazz tunes swing in tempo and use soft walking bass and seventh chords
  ---
  duration_ms: 0.154375
  ...
# Subtest: director schedules swung offbeats without catch-up bursts
ok 31 - director schedules swung offbeats without catch-up bursts
  ---
  duration_ms: 0.109792
  ...
# Subtest: gun launch plays a layered cannon cue
ok 32 - gun launch plays a layered cannon cue
  ---
  duration_ms: 0.107375
  ...
# Subtest: a host stall over the clock threshold pauses advancing but keeps seat scopes; queued and old-scope inputs still apply
ok 33 - a host stall over the clock threshold pauses advancing but keeps seat scopes; queued and old-scope inputs still apply
  ---
  duration_ms: 16.615458
  ...
# Subtest: a single time sample above the lease guard pauses for one sample period without rotating seat scopes
ok 34 - a single time sample above the lease guard pauses for one sample period without rotating seat scopes
  ---
  duration_ms: 2.035125
  ...
# Subtest: continuous non-permission beyond the grace clears seats exactly once; a fresh certification re-arms it
ok 35 - continuous non-permission beyond the grace clears seats exactly once; a fresh certification re-arms it
  ---
  duration_ms: 33.197375
  ...
# Subtest: a lease that actually lapses under a healthy clock stops advancing at once and clears seats after the grace
ok 36 - a lease that actually lapses under a healthy clock stops advancing at once and clears seats after the grace
  ---
  duration_ms: 6.434541
  ...
# Subtest: AuthorityGrace fires once per outage, only after prior permission, and reset() scopes it to one authority
ok 37 - AuthorityGrace fires once per outage, only after prior permission, and reset() scopes it to one authority
  ---
  duration_ms: 0.291083
  ...
# Subtest: authority recovery clears a stale pause once without overwriting subsequent command errors
ok 38 - authority recovery clears a stale pause once without overwriting subsequent command errors
  ---
  duration_ms: 0.456208
  ...
# Subtest: a sustained pause announces itself once; further ticks preserve the notice on screen
ok 39 - a sustained pause announces itself once; further ticks preserve the notice on screen
  ---
  duration_ms: 0.126
  ...
# Subtest: initial permission produces confirmed status and sustained permission stays silent
ok 40 - initial permission produces confirmed status and sustained permission stays silent
  ---
  duration_ms: 0.058458
  ...
# Subtest: ten distinct avatar ids address exactly ten atlas cells
ok 41 - ten distinct avatar ids address exactly ten atlas cells
  ---
  duration_ms: 1.201083
  ...
# Subtest: default and selected heads appear in authoritative snapshots without changing slot color
ok 42 - default and selected heads appear in authoritative snapshots without changing slot color
  ---
  duration_ms: 6.464
  ...
# Subtest: live avatar messages only accept a known head and no player override
ok 43 - live avatar messages only accept a known head and no player override
  ---
  duration_ms: 0.136167
  ...
# Subtest: disk uses radial distance rather than bounding square or cross
ok 44 - disk uses radial distance rather than bounding square or cross
  ---
  duration_ms: 0.409916
  ...
# Subtest: swept disk detects crossing, tangent, radius padding and endpoint misses
ok 45 - swept disk detects crossing, tangent, radius padding and endpoint misses
  ---
  duration_ms: 0.164334
  ...
# Subtest: ordered bomb edges survive a between-tick tap, while held resends do not repeat presses
ok 46 - ordered bomb edges survive a between-tick tap, while held resends do not repeat presses
  ---
  duration_ms: 0.932958
  ...
# Subtest: interruption discards even a queued release and requires a neutral handshake
ok 47 - interruption discards even a queued release and requires a neutral handshake
  ---
  duration_ms: 0.482
  ...
# Subtest: overflow cancels the bounded queue and a later fresh press can recover
ok 48 - overflow cancels the bounded queue and a later fresh press can recover
  ---
  duration_ms: 0.201875
  ...
# Subtest: target input preserves per-release aim despite later packets and caller mutation
ok 49 - target input preserves per-release aim despite later packets and caller mutation
  ---
  duration_ms: 0.242209
  ...
# Subtest: maps charge ticks linearly between accepted minimum and maximum
ok 50 - maps charge ticks linearly between accepted minimum and maximum
  ---
  duration_ms: 0.432666
  ...
# Subtest: projects along the release angle and clamps each coordinate to safe bounds
ok 51 - projects along the release angle and clamps each coordinate to safe bounds
  ---
  duration_ms: 0.606916
  ...
# Subtest: AI is deterministic, uses its injected random stream and never mutates the observed world
ok 52 - AI is deterministic, uses its injected random stream and never mutates the observed world
  ---
  duration_ms: 10.537833
  ...
# Subtest: AI is neutral when absent, dead, disconnected or waiting for next round
ok 53 - AI is neutral when absent, dead, disconnected or waiting for next round
  ---
  duration_ms: 0.525459
  ...
# Subtest: AI turns away from imminent walls, trails and rider paths
ok 54 - AI turns away from imminent walls, trails and rider paths
  ---
  duration_ms: 15.83575
  ...
# Subtest: AI considers expired and recent own trails, pickups, blasts, shells and drunk heading without changing physics
ok 55 - AI considers expired and recent own trails, pickups, blasts, shells and drunk heading without changing physics
  ---
  duration_ms: 0.974667
  ...
# Subtest: AI presses, holds and releases ordinary bombs through the same charge/cooldown rules
ok 56 - AI presses, holds and releases ordinary bombs through the same charge/cooldown rules
  ---
  duration_ms: 4.292167
  ...
# Subtest: AI target/gun/shell shots use normal input actions and target aim is bounded
ok 57 - AI target/gun/shell shots use normal input actions and target aim is bounded
  ---
  duration_ms: 3.323708
  ...
# Subtest: Host alone can manage AI, five shared slots are enforced, and a solo host can start
ok 58 - Host alone can manage AI, five shared slots are enforced, and a solo host can start
  ---
  duration_ms: 1.129625
  ...
# Subtest: AI arriving during a match waits and appears in the next round without a timed click
ok 59 - AI arriving during a match waits and appears in the next round without a timed click
  ---
  duration_ms: 80.441917
  ...
# Subtest: AI removal/reset frees its slot without converting humans or reusing old bot identity
ok 60 - AI removal/reset frees its slot without converting humans or reusing old bot identity
  ---
  duration_ms: 0.289375
  ...
# Subtest: Checkpoint v3 restores only validated bot ownership and rejects malformed registries atomically
ok 61 - Checkpoint v3 restores only validated bot ownership and rejects malformed registries atomically
  ---
  duration_ms: 4.049333
  ...
# Subtest: visual projection uses authoritative tick spacing during packet bursts
ok 62 - visual projection uses authoritative tick spacing during packet bursts
  ---
  duration_ms: 0.987042
  ...
# Subtest: visual projection freezes after 50 ms and never projects death or non-playing phases
ok 63 - visual projection freezes after 50 ms and never projects death or non-playing phases
  ---
  duration_ms: 0.093375
  ...
# Subtest: visual projection does not cross round, match, membership or timestamp boundaries
ok 64 - visual projection does not cross round, match, membership or timestamp boundaries
  ---
  duration_ms: 0.094042
  ...
# Subtest: visual projection snaps a portal transit and resumes on the next ordinary movement pair
ok 65 - visual projection snaps a portal transit and resumes on the next ordinary movement pair
  ---
  duration_ms: 0.080375
  ...
# Subtest: multitouch retains a control until its final pointer releases
ok 66 - multitouch retains a control until its final pointer releases
  ---
  duration_ms: 0.5705
  ...
# Subtest: fast bomb tap and cancellation always send the falling edge
ok 67 - fast bomb tap and cancellation always send the falling edge
  ---
  duration_ms: 0.106875
  ...
# Subtest: pointer cancellation never launches and lost capture after release is a no-op
ok 68 - pointer cancellation never launches and lost capture after release is a no-op
  ---
  duration_ms: 0.085458
  ...
# Subtest: reconnect can force a neutral sample to rearm bomb edges
ok 69 - reconnect can force a neutral sample to rearm bomb edges
  ---
  duration_ms: 0.061167
  ...
# Subtest: held-state resend advances sequence while idle resend stays silent
ok 70 - held-state resend advances sequence while idle resend stays silent
  ---
  duration_ms: 0.079416
  ...
# Subtest: snapshot acceptance handles opaque match ids without lexicographic ordering
ok 71 - snapshot acceptance handles opaque match ids without lexicographic ordering
  ---
  duration_ms: 0.138041
  ...
# Subtest: snapshot acceptance rejects an older round in the active match
ok 72 - snapshot acceptance rejects an older round in the active match
  ---
  duration_ms: 0.049792
  ...
# Subtest: target preview projects for at most one tick and stays inside the arena
ok 73 - target preview projects for at most one tick and stays inside the arena
  ---
  duration_ms: 0.103958
  ...
# Subtest: shell visuals advance between server ticks and reflect off walls without changing authority
ok 74 - shell visuals advance between server ticks and reflect off walls without changing authority
  ---
  duration_ms: 0.223291
  ...
# Subtest: public smoke exercises real gateway socket boundaries and emits no credentials
ok 75 - public smoke exercises real gateway socket boundaries and emits no credentials
  ---
  duration_ms: 44.845291
  ...
# Subtest: public smoke stops on broken CORS and reports only a safe check label
ok 76 - public smoke stops on broken CORS and reports only a safe check label
  ---
  duration_ms: 21.186667
  ...
# Subtest: public smoke rejects plaintext and credential-bearing production origins before requests
ok 77 - public smoke rejects plaintext and credential-bearing production origins before requests
  ---
  duration_ms: 3043.487458
  ...
# Subtest: arrows share held state and Space emits exactly one press and release despite repeats
ok 78 - arrows share held state and Space emits exactly one press and release despite repeats
  ---
  duration_ms: 0.999292
  ...
# Subtest: pointer ownership survives keyboard release and cancellation
ok 79 - pointer ownership survives keyboard release and cancellation
  ---
  duration_ms: 0.106042
  ...
# Subtest: menu/focus/visibility cancellation never fires and repeat after reset cannot restart charge
ok 80 - menu/focus/visibility cancellation never fires and repeat after reset cannot restart charge
  ---
  duration_ms: 0.0965
  ...
# Subtest: blocked and unrelated keys retain normal browser handling
ok 81 - blocked and unrelated keys retain normal browser handling
  ---
  duration_ms: 0.059834
  ...
# Subtest: blocked new key clears previously held keys without releasing a bomb
ok 82 - blocked new key clears previously held keys without releasing a bomb
  ---
  duration_ms: 0.119958
  ...
# Subtest: browser modifier shortcuts remain untouched while keyup releases an earlier plain hold
ok 83 - browser modifier shortcuts remain untouched while keyup releases an earlier plain hold
  ---
  duration_ms: 0.117416
  ...
# Subtest: A and D aliases retain independent held ownership from arrow keys
ok 84 - A and D aliases retain independent held ownership from arrow keys
  ---
  duration_ms: 0.076333
  ...
# Subtest: keyboard ArrowLeft/ArrowRight and Space share serialized steering and charge/release semantics
ok 85 - keyboard ArrowLeft/ArrowRight and Space share serialized steering and charge/release semantics
  ---
  duration_ms: 2.757125
  ...
# Subtest: keyboard KeyA/KeyD and Space share serialized steering and charge/release semantics
ok 86 - keyboard KeyA/KeyD and Space share serialized steering and charge/release semantics
  ---
  duration_ms: 0.256708
  ...
# Subtest: arrow and letter aliases keep steering until both keys are released
ok 87 - arrow and letter aliases keep steering until both keys are released
  ---
  duration_ms: 0.579209
  ...
# Subtest: keyboard and pointer holds do not release each other
ok 88 - keyboard and pointer holds do not release each other
  ---
  duration_ms: 0.561416
  ...
# Subtest: focus/lifecycle cancellation never fires or reactivates a held key on repeat
ok 89 - focus/lifecycle cancellation never fires or reactivates a held key on repeat
  ---
  duration_ms: 0.379792
  ...
# Subtest: typing, disabled contexts and browser shortcuts are left alone, but keyup still releases
ok 90 - typing, disabled contexts and browser shortcuts are left alone, but keyup still releases
  ---
  duration_ms: 0.31325
  ...
# Subtest: recycled pointer ownership cancels old steering and makes both buttons reusable
ok 91 - recycled pointer ownership cancels old steering and makes both buttons reusable
  ---
  duration_ms: 0.313916
  ...
# Subtest: global release works if capture throws and leaves simultaneous touches intact
ok 92 - global release works if capture throws and leaves simultaneous touches intact
  ---
  duration_ms: 0.241084
  ...
# Subtest: lost capture and clear cancel charge without accidental release, then recover immediately
ok 93 - lost capture and clear cancel charge without accidental release, then recover immediately
  ---
  duration_ms: 0.36775
  ...
# Subtest: disabled buttons, unrelated capture loss, right clicks and duplicate terminal events do nothing
ok 94 - disabled buttons, unrelated capture loss, right clicks and duplicate terminal events do nothing
  ---
  duration_ms: 4.602959
  ...
# Subtest: input model independently repairs pointer reassignment and preserves duplicate down
ok 95 - input model independently repairs pointer reassignment and preserves duplicate down
  ---
  duration_ms: 0.097333
  ...
# Subtest: held drag enters, switches and exits buttons without tapping; hovering does not press
ok 96 - held drag enters, switches and exits buttons without tapping; hovering does not press
  ---
  duration_ms: 0.19925
  ...
# Subtest: Target aim keeps its thumb while sliding across other controls
ok 97 - Target aim keeps its thumb while sliding across other controls
  ---
  duration_ms: 0.552625
  ...
# Subtest: cancelled or cleared contacts cannot slide-reactivate before lifting
ok 98 - cancelled or cleared contacts cannot slide-reactivate before lifting
  ---
  duration_ms: 0.192958
  ...
# Subtest: target trackpad uses relative motion, throttles packets and sends final release coordinates
ok 99 - target trackpad uses relative motion, throttles packets and sends final release coordinates
  ---
  duration_ms: 1.792333
  ...
# Subtest: aim clamps the board and other fingers cannot move it; cancellation clears it
ok 100 - aim clamps the board and other fingers cannot move it; cancellation clears it
  ---
  duration_ms: 0.161542
  ...
# Subtest: second Fire contact inherits aim without a jump, refresh does not reset active aim
ok 101 - second Fire contact inherits aim without a jump, refresh does not reset active aim
  ---
  duration_ms: 0.085333
  ...
# Subtest: ordinary controls send no aim and invalid positions do not corrupt it
ok 102 - ordinary controls send no aim and invalid positions do not corrupt it
  ---
  duration_ms: 0.077042
  ...
# Subtest: host intention waits for permission, latest wins, expires and cannot cross authority reset
ok 103 - host intention waits for permission, latest wins, expires and cannot cross authority reset
  ---
  duration_ms: 0.752792
  ...
# Subtest: release or cancel after round/match completion stays replayable through late rollback and finality
ok 104 - release or cancel after round/match completion stays replayable through late rollback and finality
  ---
  duration_ms: 75.251208
  ...
# Subtest: wire actions use full uint32 ticks and strict bounded MessagePack tuples
ok 105 - wire actions use full uint32 ticks and strict bounded MessagePack tuples
  ---
  duration_ms: 0.609125
  ...
# Subtest: independent stream fills holes, permits older repairs after watermark, ignores reordered watermarks
ok 106 - independent stream fills holes, permits older repairs after watermark, ignores reordered watermarks
  ---
  duration_ms: 0.133
  ...
# Subtest: conflicting IDs, incomparable promises, chronological inversion and reused gesture are atomic faults
ok 107 - conflicting IDs, incomparable promises, chronological inversion and reused gesture are atomic faults
  ---
  duration_ms: 0.208584
  ...
# Subtest: whole world advances with no action packets, then bounded rollback exactly reconstructs late actions
ok 108 - whole world advances with no action packets, then bounded rollback exactly reconstructs late actions
  ---
  duration_ms: 39.889
  ...
# Subtest: all same-tick press/release packet permutations yield exactly one identical shot
ok 109 - all same-tick press/release packet permutations yield exactly one identical shot
  ---
  duration_ms: 31.309583
  ...
# Subtest: replacement press restarts charge; old release cannot fire the newer gesture
ok 110 - replacement press restarts charge; old release cannot fire the newer gesture
  ---
  duration_ms: 8.76425
  ...
# Subtest: missing press never invents charge; cancel and aiming preserve per-action target order
ok 111 - missing press never invents charge; cancel and aiming preserve per-action target order
  ---
  duration_ms: 8.337458
  ...
# Subtest: idle repair delivers a lost final release; receipt loss never duplicates shots
ok 112 - idle repair delivers a lost final release; receipt loss never duplicates shots
  ---
  duration_ms: 5.408875
  ...
# Subtest: origin immediately sends newest plus old gap records; backpressure repair is paced and bounded
ok 113 - origin immediately sends newest plus old gap records; backpressure repair is paced and bounded
  ---
  duration_ms: 32.909625
  ...
# Subtest: finality waits for cross-channel input gaps, then emits derived effects exactly once
ok 114 - finality waits for cross-channel input gaps, then emits derived effects exactly once
  ---
  duration_ms: 14.155833
  ...
# Subtest: finalized bootstrap uses applied prefixes, leaving already received future actions for suffix replay
ok 115 - finalized bootstrap uses applied prefixes, leaving already received future actions for suffix replay
  ---
  duration_ms: 26.665125
  ...
# Subtest: speculation pauses at its fixed bound and resumes after verified finality
ok 116 - speculation pauses at its fixed bound and resumes after verified finality
  ---
  duration_ms: 36.76775
  ...
# Subtest: malformed/future/wrong-owner/stale-segment messages do not alter healthy world
ok 117 - malformed/future/wrong-owner/stale-segment messages do not alter healthy world
  ---
  duration_ms: 8.173042
  ...
# Subtest: invalid bootstrap, changed rules, corrupt state and wrong scope never instantiate a replica
ok 118 - invalid bootstrap, changed rules, corrupt state and wrong scope never instantiate a replica
  ---
  duration_ms: 5.693625
  ...
# Subtest: encoded history budget rejects growth atomically rather than discarding rollback dependencies
ok 119 - encoded history budget rejects growth atomically rather than discarding rollback dependencies
  ---
  duration_ms: 4.633417
  ...
# Subtest: six independently advancing replicas converge through delayed/reordered delivery for five streams
ok 120 - six independently advancing replicas converge through delayed/reordered delivery for five streams
  ---
  duration_ms: 6230.733958
  ...
# Subtest: new completeness cuts preserve older promises and already certified progress
ok 121 - new completeness cuts preserve older promises and already certified progress
  ---
  duration_ms: 0.188291
  ...
# Subtest: watermark cuts, including empty periods, have a hard retention bound
ok 122 - watermark cuts, including empty periods, have a hard retention bound
  ---
  duration_ms: 0.702917
  ...
# Subtest: bootstrap rejects a rehashed impossible gesture state, not only corrupt hashes
ok 123 - bootstrap rejects a rehashed impossible gesture state, not only corrupt hashes
  ---
  duration_ms: 1.317959
  ...
# Subtest: older complete finality advances while newer certificates still await input repair
ok 124 - older complete finality advances while newer certificates still await input repair
  ---
  duration_ms: 29.551417
  ...
# Subtest: pending certificates normalize prefix order and reject conflicts without bypassing a bad older hash
ok 125 - pending certificates normalize prefix order and reject conflicts without bypassing a bad older hash
  ---
  duration_ms: 10.886375
  ...
# Subtest: pending finality has a forty-tick bound and encoded-byte admission is atomic
ok 126 - pending finality has a forty-tick bound and encoded-byte admission is atomic
  ---
  duration_ms: 10.347375
  ...
# Subtest: lost receipts retain the oldest gap without starving rotation through the unacknowledged tail
ok 127 - lost receipts retain the oldest gap without starving rotation through the unacknowledged tail
  ---
  duration_ms: 0.5245
  ...
# Subtest: delivery exact cuts exclude future groups and cannot contradict retained actions
ok 128 - delivery exact cuts exclude future groups and cannot contradict retained actions
  ---
  duration_ms: 0.107291
  ...
# Subtest: remote future staging derives from both clock uncertainties without extending the execution horizon
ok 129 - remote future staging derives from both clock uncertainties without extending the execution horizon
  ---
  duration_ms: 14.259583
  ...
# Subtest: recovery distinguishes invalid action admission from verified finality disagreement
ok 130 - recovery distinguishes invalid action admission from verified finality disagreement
  ---
  duration_ms: 4.543917
  ...
# Subtest: combined progress rejects late conflicts atomically, including pending finality and events
ok 131 - combined progress rejects late conflicts atomically, including pending finality and events
  ---
  duration_ms: 12.326375
  ...
# Subtest: compact control admits only complete bounded clock and finality schemas
ok 132 - compact control admits only complete bounded clock and finality schemas
  ---
  duration_ms: 14.213583
  ...
# Subtest: each pair elects one initiator, with the follower initiating clock exchanges
ok 133 - each pair elects one initiator, with the follower initiating clock exchanges
  ---
  duration_ms: 0.557875
  ...
# Subtest: quiet healthy pairs exchange one request/reply per second and confirm both directions
ok 134 - quiet healthy pairs exchange one request/reply per second and confirm both directions
  ---
  duration_ms: 4.574041
  ...
# Subtest: lost replies and rejected enqueues retry with fresh IDs then return to the quiet cadence
ok 135 - lost replies and rejected enqueues retry with fresh IDs then return to the quiet cadence
  ---
  duration_ms: 2.233708
  ...
# Subtest: one-sided loss cannot keep the responder healthy with fresh requests alone
ok 136 - one-sided loss cannot keep the responder healthy with fresh requests alone
  ---
  duration_ms: 5.133167
  ...
# Subtest: replayed or reordered heartbeat IDs cannot reinstall data or refresh acknowledgement time
ok 137 - replayed or reordered heartbeat IDs cannot reinstall data or refresh acknowledgement time
  ---
  duration_ms: 1.111708
  ...
# Subtest: late or unsolicited replies cannot qualify a clock or link
ok 138 - late or unsolicited replies cannot qualify a clock or link
  ---
  duration_ms: 0.178375
  ...
# Subtest: shape, nested alias/nonce, role and byte checks precede application acceptance
ok 139 - shape, nested alias/nonce, role and byte checks precede application acceptance
  ---
  duration_ms: 1.303417
  ...
# Subtest: a rejected application candidate consumes no incoming identity or health evidence
ok 140 - a rejected application candidate consumes no incoming identity or health evidence
  ---
  duration_ms: 0.163084
  ...
# Subtest: fast qualification is bounded, stop clears attempts, and sequence exhaustion never wraps
ok 141 - fast qualification is bounded, stop clears attempts, and sequence exhaustion never wraps
  ---
  duration_ms: 15.131833
  ...
# Subtest: maximum integer cuts, receipts and certificate fit the complete fast packet budget
ok 142 - maximum integer cuts, receipts and certificate fit the complete fast packet budget
  ---
  duration_ms: 0.867292
  ...
# Subtest: non-clock pairs accept delayed liveness evidence only within its 2.5 second window
ok 143 - non-clock pairs accept delayed liveness evidence only within its 2.5 second window
  ---
  duration_ms: 3.031917
  ...
# Subtest: stopping a scope inside application callbacks prevents sends and acknowledgement installation
ok 144 - stopping a scope inside application callbacks prevents sends and acknowledgement installation
  ---
  duration_ms: 1.37675
  ...
# Subtest: synchronous request and reply delivery preserves pending correlation and quiet cadence
ok 145 - synchronous request and reply delivery preserves pending correlation and quiet cadence
  ---
  duration_ms: 8.956459
  ...
# Subtest: a responder stopped while constructing or sending its reply cannot establish remote proof
ok 146 - a responder stopped while constructing or sending its reply cannot establish remote proof
  ---
  duration_ms: 0.230334
  ...
# Subtest: one-second exchanges carry real correlated clock samples without separate probes
ok 147 - one-second exchanges carry real correlated clock samples without separate probes
  ---
  duration_ms: 3.463458
  ...
# Subtest: immutable roster permissions authorize disjoint action and receipt slot flows
ok 148 - immutable roster permissions authorize disjoint action and receipt slot flows
  ---
  duration_ms: 0.654209
  ...
# Subtest: flow burst and refill are exact, and repeated binding never refills them
ok 149 - flow burst and refill are exact, and repeated binding never refills them
  ---
  duration_ms: 0.42025
  ...
# Subtest: five legitimate100Hz stream flows preserve their separate liveness allowance
ok 150 - five legitimate100Hz stream flows preserve their separate liveness allowance
  ---
  duration_ms: 2.897792
  ...
# Subtest: liveness has a reserved burst even when all five flow bursts are used
ok 151 - liveness has a reserved burst even when all five flow bursts are used
  ---
  duration_ms: 0.359208
  ...
# Subtest: packet limits apply before parsing and the association budget survives alias changes
ok 152 - packet limits apply before parsing and the association budget survives alias changes
  ---
  duration_ms: 0.413042
  ...
# Subtest: one aggregate consumes one reserved token after every nested slot is authorized
ok 153 - one aggregate consumes one reserved token after every nested slot is authorized
  ---
  duration_ms: 0.186667
  ...
# Subtest: seeded jitter reorders fast actions but keeps reliable messages ordered and copies queued binary data
ok 154 - seeded jitter reorders fast actions but keeps reliable messages ordered and copies queued binary data
  ---
  duration_ms: 1.050333
  ...
# Subtest: fast loss leaves reliable delivery intact and shared sender bandwidth delays both channels
ok 155 - fast loss leaves reliable delivery intact and shared sender bandwidth delays both channels
  ---
  duration_ms: 0.104625
  ...
# Subtest: fixture queues are bounded and report overflow and closed sends explicitly
ok 156 - fixture queues are bounded and report overflow and closed sends explicitly
  ---
  duration_ms: 6.495375
  ...
# Subtest: per-channel buffered amount excludes propagation delay after shared serialization and resets on stop
ok 157 - per-channel buffered amount excludes propagation delay after shared serialization and resets on stop
  ---
  duration_ms: 0.111083
  ...
# Subtest: held controls emit only edges, with independent wire and UI sequence numbering
ok 158 - held controls emit only edges, with independent wire and UI sequence numbering
  ---
  duration_ms: 1.320917
  ...
# Subtest: a local change group is atomic until the caller installs the candidate
ok 159 - a local change group is atomic until the caller installs the candidate
  ---
  duration_ms: 1.135041
  ...
# Subtest: all subscriber candidates admit a full group before bytes, and failed enqueue retains it for repair
ok 160 - all subscriber candidates admit a full group before bytes, and failed enqueue retains it for repair
  ---
  duration_ms: 0.510792
  ...
# Subtest: press replacement, missing press, release and neutral cancellation preserve gesture semantics
ok 161 - press replacement, missing press, release and neutral cancellation preserve gesture semantics
  ---
  duration_ms: 0.1125
  ...
# Subtest: origin exact cuts cannot cover future actions or permit a later action before the cut
ok 162 - origin exact cuts cannot cover future actions or permit a later action before the cut
  ---
  duration_ms: 0.152166
  ...
# Subtest: invalid local frames and exhausted ticks consume neither revisions nor actions
ok 163 - invalid local frames and exhausted ticks consume neither revisions nor actions
  ---
  duration_ms: 0.196292
  ...
# Subtest: future start requires coordinator confirmation, and both clocks advance without gameplay packets
ok 164 - future start requires coordinator confirmation, and both clocks advance without gameplay packets
  ---
  duration_ms: 0.576625
  ...
# Subtest: lowest RTT filtering tolerates valid asymmetric delay without a false four-tick fault
ok 165 - lowest RTT filtering tolerates valid asymmetric delay without a false four-tick fault
  ---
  duration_ms: 0.109667
  ...
# Subtest: running clock slews in either direction at one tick per second and never moves backward
ok 166 - running clock slews in either direction at one tick per second and never moves backward
  ---
  duration_ms: 0.2065
  ...
# Subtest: scope fences, expired and reordered replies cannot move time or refresh readiness
ok 167 - scope fences, expired and reordered replies cannot move time or refresh readiness
  ---
  duration_ms: 0.152875
  ...
# Subtest: discrepancy and monotonic-clock faults stay latched, including on the coordinator
ok 168 - discrepancy and monotonic-clock faults stay latched, including on the coordinator
  ---
  duration_ms: 0.133375
  ...
# Subtest: stale baseline recovery remains conservative, and a failed release cannot revive after a fresh sample
ok 169 - stale baseline recovery remains conservative, and a failed release cannot revive after a fresh sample
  ---
  duration_ms: 0.142167
  ...
# Subtest: origin bounds unpublished tick frontiers and publishing a cut restores capacity atomically
ok 170 - origin bounds unpublished tick frontiers and publishing a cut restores capacity atomically
  ---
  duration_ms: 1.545458
  ...
# Subtest: expiry cannot turn an uncertain idle clock into a qualified projection
ok 171 - expiry cannot turn an uncertain idle clock into a qualified projection
  ---
  duration_ms: 0.122083
  ...
# Subtest: uncertainty admission persists even when no read occurs before samples expire
ok 172 - uncertainty admission persists even when no read occurs before samples expire
  ---
  duration_ms: 0.167542
  ...
# Subtest: heartbeat nonces are unique, bounded and correlated with pending clock samples
ok 173 - heartbeat nonces are unique, bounded and correlated with pending clock samples
  ---
  duration_ms: 0.118584
  ...
# Subtest: quiet clock projection grows drift uncertainty and retains it after sample expiry
ok 174 - quiet clock projection grows drift uncertainty and retains it after sample expiry
  ---
  duration_ms: 0.089917
  ...
# Subtest: drift during an asymmetric clock exchange remains inside the reported interval
ok 175 - drift during an asymmetric clock exchange remains inside the reported interval
  ---
  duration_ms: 0.077375
  ...
# Subtest: a prepared clock reply cannot consume the live nonce until its whole aggregate is adopted
ok 176 - a prepared clock reply cannot consume the live nonce until its whole aggregate is adopted
  ---
  duration_ms: 0.122083
  ...
# Subtest: initial room preparation accepts tick-stamped snapshots and rejects unknown snapshot fields
ok 177 - initial room preparation accepts tick-stamped snapshots and rejects unknown snapshot fields
  ---
  duration_ms: 13.977375
  ...
# Subtest: lifecycle changes reproduce validated management operations with neutral input state
ok 178 - lifecycle changes reproduce validated management operations with neutral input state
  ---
  duration_ms: 30.36
  ...
# Subtest: lifecycle checkpoint validation fences the actual old state and leaves healthy state untouched
ok 179 - lifecycle checkpoint validation fences the actual old state and leaves healthy state untouched
  ---
  duration_ms: 12.182666
  ...
# Subtest: controller status contains no world geometry and cannot change stream ownership
ok 180 - controller status contains no world geometry and cannot change stream ownership
  ---
  duration_ms: 3.490417
  ...
# Subtest: room catalogs and delegation validate identities and mode-specific simulator ownership
ok 181 - room catalogs and delegation validate identities and mode-specific simulator ownership
  ---
  duration_ms: 8.408542
  ...
# Subtest: played lobby catalog reconstructs the exact nonzero-tick checkpoint and ordered historical scores
ok 182 - played lobby catalog reconstructs the exact nonzero-tick checkpoint and ordered historical scores
  ---
  duration_ms: 13.420875
  ...
# Subtest: full-view preparation rejects a valid checkpoint paired with a different phase, round or status
ok 183 - full-view preparation rejects a valid checkpoint paired with a different phase, round or status
  ---
  duration_ms: 18.26625
  ...
# Subtest: runtime activates direct simulators, starts a match and sends actions directly between guests
ok 184 - runtime activates direct simulators, starts a match and sends actions directly between guests
  ---
  duration_ms: 292.293792
  ...
# Subtest: a failed first recovery enqueue is retried and replaces the paused segment
ok 185 - a failed first recovery enqueue is retried and replaces the paused segment
  ---
  duration_ms: 121.320292
  ...
# Subtest: an unavailable recovery coordinator produces a bounded visible fresh-lobby state
ok 186 - an unavailable recovery coordinator produces a bounded visible fresh-lobby state
  ---
  duration_ms: 142.776708
  ...
# Subtest: a release without a usable tick freezes its gesture before a fresh clock can resume input
ok 187 - a release without a usable tick freezes its gesture before a fresh clock can resume input
  ---
  duration_ms: 312.096125
  ...
# Subtest: a refreshed delegated TV without a simulation base pauses instead of creating a new match
ok 188 - a refreshed delegated TV without a simulation base pauses instead of creating a new match
  ---
  duration_ms: 61.646625
  ...
# Subtest: creator refresh in a settled lobby preserves the checkpoint and can switch to shared TV mode
ok 189 - creator refresh in a settled lobby preserves the checkpoint and can switch to shared TV mode
  ---
  duration_ms: 355.4095
  ...
# Subtest: a refreshed guest can rejoin with a fresh command sequence on its replacement connection
ok 190 - a refreshed guest can rejoin with a fresh command sequence on its replacement connection
  ---
  duration_ms: 80.564125
  ...
# Subtest: four healthy connection rebuilds do not consume the corrupt-state recovery budget
ok 191 - four healthy connection rebuilds do not consume the corrupt-state recovery budget
  ---
  duration_ms: 229.207583
  ...
# Subtest: a running recovery episode cannot reset its deadline through clock readiness without finality
ok 192 - a running recovery episode cannot reset its deadline through clock readiness without finality
  ---
  duration_ms: 382.40725
  ...
# Subtest: a delegated coordinator stops retrying an unavailable creator after the plan-request deadline
ok 193 - a delegated coordinator stops retrying an unavailable creator after the plan-request deadline
  ---
  duration_ms: 64.62075
  ...
# Subtest: a delayed current-alias activation cannot resume a latched recovery timeout
ok 194 - a delayed current-alias activation cannot resume a latched recovery timeout
  ---
  duration_ms: 329.176125
  ...
# Subtest: a guest returns after a service-observed departure and lobby seat removal
ok 195 - a guest returns after a service-observed departure and lobby seat removal
  ---
  duration_ms: 76.178083
  ...
# Subtest: invalid future actions do not consume the checkpoint and hash recovery budget
ok 196 - invalid future actions do not consume the checkpoint and hash recovery budget
  ---
  duration_ms: 145.011958
  ...
# Subtest: conflicting metadata for an installed preparation charges one corrupt recovery attempt
ok 197 - conflicting metadata for an installed preparation charges one corrupt recovery attempt
  ---
  duration_ms: 64.986125
  ...
# Subtest: checkpoint backpressure pauses preparation and resumes the same transfer after drain
ok 198 - checkpoint backpressure pauses preparation and resumes the same transfer after drain
  ---
  duration_ms: 63.081083
  ...
# Subtest: header and header-ACK enqueue failures retry delivery without substituting for readiness
ok 199 - header and header-ACK enqueue failures retry delivery without substituting for readiness
  ---
  duration_ms: 73.654334
  ...
# Subtest: stale or malformed header acknowledgements cannot stop preparation delivery
ok 200 - stale or malformed header acknowledgements cannot stop preparation delivery
  ---
  duration_ms: 43.564416
  ...
# Subtest: checkpoint chunks alternate eligible recipients with one successful enqueue per scheduler tick
ok 201 - checkpoint chunks alternate eligible recipients with one successful enqueue per scheduler tick
  ---
  duration_ms: 46.093959
  ...
# Subtest: synchronous authority replacement during a chunk send retires the old transfer immediately
ok 202 - synchronous authority replacement during a chunk send retires the old transfer immediately
  ---
  duration_ms: 33.860333
  ...
# Subtest: synchronous end during a header send stops other recipient sends in the same tick
ok 203 - synchronous end during a header send stops other recipient sends in the same tick
  ---
  duration_ms: 34.033
  ...
# Subtest: persistent checkpoint backpressure cannot extend the recovery deadline indefinitely
ok 204 - persistent checkpoint backpressure cannot extend the recovery deadline indefinitely
  ---
  duration_ms: 259.463541
  ...
# Subtest: new creator plans cannot postpone an unfinished guest recovery episode indefinitely
ok 205 - new creator plans cannot postpone an unfinished guest recovery episode indefinitely
  ---
  duration_ms: 255.64675
  ...
# Subtest: an accepted plan without a preparation header times out visibly
ok 206 - an accepted plan without a preparation header times out visibly
  ---
  duration_ms: 252.708042
  ...
# Subtest: new plans without any headers cannot restart the guest availability deadline
ok 207 - new plans without any headers cannot restart the guest availability deadline
  ---
  duration_ms: 252.871709
  ...
# Subtest: settled room metadata stops repeating until a lifecycle change
ok 208 - settled room metadata stops repeating until a lifecycle change
  ---
  duration_ms: 87.537333
  ...
# Subtest: a rejected plan enqueue and missing acknowledgement retry without reinstalling the plan
ok 209 - a rejected plan enqueue and missing acknowledgement retry without reinstalling the plan
  ---
  duration_ms: 72.747417
  ...
# Subtest: stale and foreign acknowledgements cannot stop paced plan delivery, even with duplicate hellos
ok 210 - stale and foreign acknowledgements cannot stop paced plan delivery, even with duplicate hellos
  ---
  duration_ms: 56.788333
  ...
# Subtest: only an identical current plan duplicate receives another delivery acknowledgement
ok 211 - only an identical current plan duplicate receives another delivery acknowledgement
  ---
  duration_ms: 58.007166
  ...
# Subtest: delegated setup request retries do not resend an already acknowledged room plan
ok 212 - delegated setup request retries do not resend an already acknowledged room plan
  ---
  duration_ms: 36.63025
  ...
# Subtest: an intentionally idle shared lobby does not keep a previous simulation recovery deadline running
ok 213 - an intentionally idle shared lobby does not keep a previous simulation recovery deadline running
  ---
  duration_ms: 271.219542
  ...
# Subtest: freezing a runtime deactivates its installed alias before another preparation
ok 214 - freezing a runtime deactivates its installed alias before another preparation
  ---
  duration_ms: 60.684125
  ...
# Subtest: six live segments independently advance and finalize continuous inputs under loss and reordering
ok 215 - six live segments independently advance and finalize continuous inputs under loss and reordering
  ---
  duration_ms: 1850.694334
  ...
# Subtest: shared TV is the only simulator while five controller origins send directly to it
ok 216 - shared TV is the only simulator while five controller origins send directly to it
  ---
  duration_ms: 48.700292
  ...
# Subtest: coordinator traffic is unnecessary for immediate peer actions, then clock/finality loss pauses safely
ok 217 - coordinator traffic is unnecessary for immediate peer actions, then clock/finality loss pauses safely
  ---
  duration_ms: 176.881792
  ...
# Subtest: provisional eliminations cannot publish death or placements before verified finality
ok 218 - provisional eliminations cannot publish death or placements before verified finality
  ---
  duration_ms: 2.881167
  ...
# Subtest: controller finality is coordinator-scoped and conflicting progress cannot overwrite the accepted fence
ok 219 - controller finality is coordinator-scoped and conflicting progress cannot overwrite the accepted fence
  ---
  duration_ms: 6.9675
  ...
# Subtest: asymmetric clock samples and opposite follower errors retain valid future actions without executing early
ok 220 - asymmetric clock samples and opposite follower errors retain valid future actions without executing early
  ---
  duration_ms: 376.036875
  ...
# Subtest: initial progress grace is bounded and replayed base cuts cannot postpone it
ok 221 - initial progress grace is bounded and replayed base cuts cannot postpone it
  ---
  duration_ms: 101.287458
  ...
# Subtest: replayed progress cannot prevent bounded synchronization when an origin falls silent
ok 222 - replayed progress cannot prevent bounded synchronization when an origin falls silent
  ---
  duration_ms: 172.290375
  ...
# Subtest: uncertain clocks stop input, cuts and world advancement, and a failed release never revives
ok 223 - uncertain clocks stop input, cuts and world advancement, and a failed release never revives
  ---
  duration_ms: 2.537458
  ...
# Subtest: quiet gameplay has one heartbeat exchange per pair per second and no idle action or clock loop
ok 224 - quiet gameplay has one heartbeat exchange per pair per second and no idle action or clock loop
  ---
  duration_ms: 3082.801417
  ...
# {"durationMs":10000,"counts":{"pulse":300,"final":50},"applicationUploadBytesPerSecond":[{"peer":"p0","bytes":611},{"peer":"p1","bytes":101},{"peer":"p2","bytes":101},{"peer":"p3","bytes":101},{"peer":"p4","bytes":101},{"peer":"tv","bytes":79}]}
# Subtest: a heartbeat with an unauthorized nested receipt cannot install its otherwise valid cut
ok 225 - a heartbeat with an unauthorized nested receipt cannot install its otherwise valid cut
  ---
  duration_ms: 18.075666
  ...
# Subtest: newer or duplicate confirmation requests cannot postpone failed delivery expiry
ok 226 - newer or duplicate confirmation requests cannot postpone failed delivery expiry
  ---
  duration_ms: 0.488625
  ...
# Subtest: a reordered old piggyback receipt does not discard a fresh clock sample
ok 227 - a reordered old piggyback receipt does not discard a fresh clock sample
  ---
  duration_ms: 0.312
  ...
# Subtest: countdown transition is publicly confirmed promptly between periodic certificate ticks
ok 228 - countdown transition is publicly confirmed promptly between periodic certificate ticks
  ---
  duration_ms: 25.705667
  ...
# Subtest: an enqueued but lost certificate pulse cannot cancel reliable finality retry
ok 229 - an enqueued but lost certificate pulse cannot cancel reliable finality retry
  ---
  duration_ms: 10.437125
  ...
# Subtest: integrated sway remains within 15 degrees and leaves zero heading drift for many seeded effects
ok 230 - integrated sway remains within 15 degrees and leaves zero heading drift for many seeded effects
  ---
  duration_ms: 16.510875
  ...
# Subtest: two-second cycle preserves phase during refresh and smooth onset/expiry
ok 231 - two-second cycle preserves phase during refresh and smooth onset/expiry
  ---
  duration_ms: 0.141458
  ...
# Subtest: engine adds bounded sway to ordinary steering and restores intended heading at expiry
ok 232 - engine adds bounded sway to ordinary steering and restores intended heading at expiry
  ---
  duration_ms: 12.070459
  ...
# Subtest: late refresh stays bounded and leaves no residual at the extended deadline
ok 233 - late refresh stays bounded and leaves no residual at the extended deadline
  ---
  duration_ms: 0.144667
  ...
# Subtest: durationText rounds whole seconds before splitting minutes so 59.95s never renders as "60s"
ok 234 - durationText rounds whole seconds before splitting minutes so 59.95s never renders as "60s"
  ---
  duration_ms: 0.403084
  ...
# Subtest: spawns two through five players evenly on a circle with clockwise tangent headings
ok 235 - spawns two through five players evenly on a circle with clockwise tangent headings
  ---
  duration_ms: 1.414167
  ...
# Subtest: replaying the same accepted inputs produces the same snapshots and events
ok 236 - replaying the same accepted inputs produces the same snapshots and events
  ---
  duration_ms: 75.424125
  ...
# Subtest: trail segments remain active through T+159 and expire exactly at T+160
ok 237 - trail segments remain active through T+159 and expire exactly at T+160
  ---
  duration_ms: 0.507542
  ...
# Subtest: a due blast removes an intersecting segment before trail collision
ok 238 - a due blast removes an intersecting segment before trail collision
  ---
  duration_ms: 0.543291
  ...
# Subtest: swept movement collides with an old trail even when the endpoint has crossed it
ok 239 - swept movement collides with an old trail even when the endpoint has crossed it
  ---
  duration_ms: 0.56475
  ...
# Subtest: recent self trail is ignored but becomes lethal at the exact grace boundary
ok 240 - recent self trail is ignored but becomes lethal at the exact grace boundary
  ---
  duration_ms: 0.992042
  ...
# Subtest: head-on swept rider collision eliminates both and produces a draw
ok 241 - head-on swept rider collision eliminates both and produces a draw
  ---
  duration_ms: 0.486042
  ...
# Subtest: bomb input charges, launches on release, caps one live bomb, chains once, and observes cooldown
ok 242 - bomb input charges, launches on release, caps one live bomb, chains once, and observes cooldown
  ---
  duration_ms: 0.882709
  ...
# Subtest: quick bomb action bursts launch at minimum range and cancel paths never launch
ok 243 - quick bomb action bursts launch at minimum range and cancel paths never launch
  ---
  duration_ms: 0.651917
  ...
# Subtest: charged launches cap and clamp to the active safe interior
ok 244 - charged launches cap and clamp to the active safe interior
  ---
  duration_ms: 0.4
  ...
# Subtest: a flying bomb cannot explode or chain-trigger before landing
ok 245 - a flying bomb cannot explode or chain-trigger before landing
  ---
  duration_ms: 0.427625
  ...
# Subtest: Triple Shot releases one deterministic straight three-bomb volley
ok 246 - Triple Shot releases one deterministic straight three-bomb volley
  ---
  duration_ms: 0.722
  ...
# Subtest: invalid release and cancellation preserve launch modifiers
ok 247 - invalid release and cancellation preserve launch modifiers
  ---
  duration_ms: 2.144667
  ...
# Subtest: round wins score once, first to three ends the match, and rematch resets wins and scope
ok 248 - round wins score once, first to three ends the match, and rematch resets wins and scope
  ---
  duration_ms: 14.873833
  ...
# Subtest: overtime inset updates before collision and a 90-second unresolved round draws
ok 249 - overtime inset updates before collision and a 90-second unresolved round draws
  ---
  duration_ms: 0.744375
  ...
# Subtest: lifecycle commands enforce phase, capacity, identity, and connected-player guards
ok 250 - lifecycle commands enforce phase, capacity, identity, and connected-player guards
  ---
  duration_ms: 0.43025
  ...
# Subtest: wall and explosion causes are authoritative, clipped, and blast visuals expire exactly
ok 251 - wall and explosion causes are authoritative, clipped, and blast visuals expire exactly
  ---
  duration_ms: 0.768625
  ...
# Subtest: a finished match can replace every seat and start a clean rematch without restarting the server
ok 252 - a finished match can replace every seat and start a clean rematch without restarting the server
  ---
  duration_ms: 0.384833
  ...
# Subtest: the larger arena and seeded pickup schedule replay deterministically
ok 253 - the larger arena and seeded pickup schedule replay deterministically
  ---
  duration_ms: 0.644
  ...
# Subtest: blast pickups cap at level two and affect bombs placed on the collection tick
ok 254 - blast pickups cap at level two and affect bombs placed on the collection tick
  ---
  duration_ms: 2.182333
  ...
# Subtest: a star collected on the swept path rescues and reflects a wall hit, then expires sharply
ok 255 - a star collected on the swept path rescues and reflects a wall hit, then expires sharply
  ---
  duration_ms: 0.533333
  ...
# Subtest: star head contact kills only a normal rider while two stars pass through
ok 256 - star head contact kills only a normal rider while two stars pass through
  ---
  duration_ms: 1.1315
  ...
# Subtest: pickup expiry, active cap, and impossible safe interior stay bounded
ok 257 - pickup expiry, active cap, and impossible safe interior stay bounded
  ---
  duration_ms: 0.481041
  ...
# Subtest: beer pickup debuffs every other living rider, refreshes, and keeps the collector unchanged
ok 258 - beer pickup debuffs every other living rider, refreshes, and keeps the collector unchanged
  ---
  duration_ms: 0.628584
  ...
# Subtest: drunk wobble expires at the strict tick boundary and resets between rounds
ok 259 - drunk wobble expires at the strict tick boundary and resets between rounds
  ---
  duration_ms: 0.43225
  ...
# Subtest: modifier pickups arm one use, refresh without stacking, and reset between rounds
ok 260 - modifier pickups arm one use, refresh without stacking, and reset between rounds
  ---
  duration_ms: 1.493417
  ...
# Subtest: orbit shields absorb a whole clustered hazard tick and grace protects until strict expiry
ok 261 - orbit shields absorb a whole clustered hazard tick and grace protects until strict expiry
  ---
  duration_ms: 2.396166
  ...
# Subtest: two shields both break on contact while Star preserves its stored shield
ok 262 - two shields both break on contact while Star preserves its stored shield
  ---
  duration_ms: 1.522583
  ...
# Subtest: shield break reflects an outward wall sweep and records the bounce
ok 263 - shield break reflects an outward wall sweep and records the bounce
  ---
  duration_ms: 0.361708
  ...
# Subtest: countdown leave is stamped, scored once, and a later join receives no prior-round award
ok 264 - countdown leave is stamped, scored once, and a later join receives no prior-round award
  ---
  duration_ms: 0.553917
  ...
# Subtest: overlapping blast owners receive no speculative elimination credit
ok 265 - overlapping blast owners receive no speculative elimination credit
  ---
  duration_ms: 0.531916
  ...
# Subtest: match-over recap is frozen and deeply detached from engine state
ok 266 - match-over recap is frozen and deeply detached from engine state
  ---
  duration_ms: 0.441542
  ...
# Subtest: Five Shot survives Triple collection and cancellation, then launches five with one cooldown
ok 267 - Five Shot survives Triple collection and cancellation, then launches five with one cooldown
  ---
  duration_ms: 0.643291
  ...
# Subtest: radial blast hits diagonal riders, clears diagonal trails and chains diagonal bombs
ok 268 - radial blast hits diagonal riders, clears diagonal trails and chains diagonal bombs
  ---
  duration_ms: 0.549792
  ...
# Subtest: bomb landing hits a rider before detonation, respecting star and shield
ok 269 - bomb landing hits a rider before detonation, respecting star and shield
  ---
  duration_ms: 2.474708
  ...
# Subtest: a bomb landing inside an active blast chains immediately
ok 270 - a bomb landing inside an active blast chains immediately
  ---
  duration_ms: 0.515375
  ...
# Subtest: blast preview is harmless before the fuse, both in flight and after landing
ok 271 - blast preview is harmless before the fuse, both in flight and after landing
  ---
  duration_ms: 1.326917
  ...
# Subtest: bomb skips riders along flight and only snipes at its landing position
ok 272 - bomb skips riders along flight and only snipes at its landing position
  ---
  duration_ms: 1.8785
  ...
# Subtest: landing step never uses blast radius for contact damage
ok 273 - landing step never uses blast radius for contact damage
  ---
  duration_ms: 1.602583
  ...
# Subtest: shell persists beyond five seconds and permits another shot after cooldown
ok 274 - shell persists beyond five seconds and permits another shot after cooldown
  ---
  duration_ms: 1.019292
  ...
# Subtest: shell body hits once, shield absorbs it, and no blast radius is produced
ok 275 - shell body hits once, shield absorbs it, and no blast radius is produced
  ---
  duration_ms: 0.844541
  ...
# Subtest: Gun pickup fires one bullet at twice rider speed and cuts a traversable trail gap
ok 276 - Gun pickup fires one bullet at twice rider speed and cuts a traversable trail gap
  ---
  duration_ms: 0.944958
  ...
# Subtest: gun head and wall impacts explode
ok 277 - gun head and wall impacts explode
  ---
  duration_ms: 0.932959
  ...
# Subtest: stopwatch caps at two levels, changes only future own bombs and resets next round
ok 278 - stopwatch caps at two levels, changes only future own bombs and resets next round
  ---
  duration_ms: 0.722
  ...
# Subtest: first stopwatch level produces a one-and-a-half second fuse
ok 279 - first stopwatch level produces a one-and-a-half second fuse
  ---
  duration_ms: 0.454667
  ...
# Subtest: live shell bounces off a rider trail without damage or resetting its lifetime
ok 280 - live shell bounces off a rider trail without damage or resetting its lifetime
  ---
  duration_ms: 0.523209
  ...
# Subtest: gun explodes against the trail directly behind a rider and kills the rider
ok 281 - gun explodes against the trail directly behind a rider and kills the rider
  ---
  duration_ms: 0.516333
  ...
# Subtest: a blast clears trails whether it came from a landed bomb or a gun projectile hitting a rider
ok 282 - a blast clears trails whether it came from a landed bomb or a gun projectile hitting a rider
  ---
  duration_ms: 12.621834
  ...
# Subtest: a fixed-rounds match ends on the standings leader even when another rider wins the final round
ok 283 - a fixed-rounds match ends on the standings leader even when another rider wins the final round
  ---
  duration_ms: 2.35575
  ...
# Subtest: a drawn final round still awards the fixed-rounds match to the standings leader
ok 284 - a drawn final round still awards the fixed-rounds match to the standings leader
  ---
  duration_ms: 0.731375
  ...
# Subtest: a fixed-rounds leader who also wins the final round is credited exactly once
ok 285 - a fixed-rounds leader who also wins the final round is credited exactly once
  ---
  duration_ms: 0.652125
  ...
# Subtest: a fixed-rounds match tied at the final round ends without a match winner
ok 286 - a fixed-rounds match tied at the final round ends without a match winner
  ---
  duration_ms: 0.652375
  ...
# Subtest: gun speed is twice rider speed with a bounded nearby steering correction
ok 287 - gun speed is twice rider speed with a bounded nearby steering correction
  ---
  duration_ms: 1.095416
  ...
# Subtest: gun holes split trails precisely, keeping expiry metadata and distant trails
ok 288 - gun holes split trails precisely, keeping expiry metadata and distant trails
  ---
  duration_ms: 0.150334
  ...
# Subtest: defaults carry two STUN providers and no TURN
ok 289 - defaults carry two STUN providers and no TURN
  ---
  duration_ms: 0.751875
  ...
# Subtest: service ICE lists are validated at the client boundary and fall back to defaults
ok 290 - service ICE lists are validated at the client boundary and fall back to defaults
  ---
  duration_ms: 0.25
  ...
# Subtest: peer connections wait for the ICE fetch instead of negotiating with the initial list (issue \#27)
ok 291 - peer connections wait for the ICE fetch instead of negotiating with the initial list (issue \#27)
  ---
  duration_ms: 0.269083
  ...
# Subtest: a failed ICE fetch yields the STUN defaults, never an empty list
ok 292 - a failed ICE fetch yields the STUN defaults, never an empty list
  ---
  duration_ms: 0.185167
  ...
# Subtest: a hung ICE fetch falls back to the STUN defaults when the abort bound fires, even if the fetch ignores the signal
ok 293 - a hung ICE fetch falls back to the STUN defaults when the abort bound fires, even if the fetch ignores the signal
  ---
  duration_ms: 0.162375
  ...
# Subtest: candidate types are read from the candidate line without keeping addresses
ok 294 - candidate types are read from the candidate line without keeping addresses
  ---
  duration_ms: 0.453917
  ...
# Subtest: ufrag and fingerprint readers tolerate missing lines
ok 295 - ufrag and fingerprint readers tolerate missing lines
  ---
  duration_ms: 0.502167
  ...
# Subtest: restart offers keep the DTLS certificate; a recreated connection does not
ok 296 - restart offers keep the DTLS certificate; a recreated connection does not
  ---
  duration_ms: 0.068333
  ...
# Subtest: candidates are scoped to the ICE generation named by their ufrag
ok 297 - candidates are scoped to the ICE generation named by their ufrag
  ---
  duration_ms: 0.107583
  ...
# Subtest: Ink affects only other living riders, refreshes three seconds and snapshots without changing steering
ok 298 - Ink affects only other living riders, refreshes three seconds and snapshots without changing steering
  ---
  duration_ms: 29.395708
  ...
# Subtest: Ink clears at the next round
ok 299 - Ink clears at the next round
  ---
  duration_ms: 1.043958
  ...
# Subtest: join survives authority setup and failed delivery until roster confirmation
ok 300 - join survives authority setup and failed delivery until roster confirmation
  ---
  duration_ms: 0.749667
  ...
# Subtest: lost baseline retries identical full envelope on bounded clock, not dependent deltas
ok 301 - lost baseline retries identical full envelope on bounded clock, not dependent deltas
  ---
  duration_ms: 1.200208
  ...
# Subtest: lost ACK can acknowledge exact previously accepted duplicate without applying it twice
ok 302 - lost ACK can acknowledge exact previously accepted duplicate without applying it twice
  ---
  duration_ms: 0.464792
  ...
# Subtest: old generation stream sequence match and round ACKs cannot retire current baseline
ok 303 - old generation stream sequence match and round ACKs cannot retire current baseline
  ---
  duration_ms: 0.126583
  ...
# Subtest: five-second expiry bounds retained baseline and repeated poll/resync cannot flood retries
ok 304 - five-second expiry bounds retained baseline and repeated poll/resync cannot flood retries
  ---
  duration_ms: 0.288791
  ...
# Subtest: baseline is accepted before any dependent delta; ACK loss does not corrupt next decode
ok 305 - baseline is accepted before any dependent delta; ACK loss does not corrupt next decode
  ---
  duration_ms: 0.218042
  ...
# Subtest: creates a deterministic straight triple fan with seven points per bomb
ok 306 - creates a deterministic straight triple fan with seven points per bomb
  ---
  duration_ms: 1.13525
  ...
# Subtest: all fan paths clamp to safe bounds
ok 307 - all fan paths clamp to safe bounds
  ---
  duration_ms: 0.097625
  ...
# Subtest: rejects invalid geometry
ok 308 - rejects invalid geometry
  ---
  duration_ms: 0.976375
  ...
# Subtest: awards five-player placement points
ok 309 - awards five-player placement points
  ---
  duration_ms: 1.018084
  ...
# Subtest: two participants use winner five and runner-up three
ok 310 - two participants use winner five and runner-up three
  ---
  duration_ms: 0.099583
  ...
# Subtest: averages simultaneous elimination places exactly
ok 311 - averages simultaneous elimination places exactly
  ---
  duration_ms: 0.123875
  ...
# Subtest: does not mutate participants and rejects invalid groups
ok 312 - does not mutate participants and rejects invalid groups
  ---
  duration_ms: 0.196
  ...
# Subtest: survivors share the top occupied ranks at timeout and points remain conserved
ok 313 - survivors share the top occupied ranks at timeout and points remain conserved
  ---
  duration_ms: 0.092041
  ...
# Subtest: score application validates the complete result before mutating totals
ok 314 - score application validates the complete result before mutating totals
  ---
  duration_ms: 0.153416
  ...
# Subtest: accumulates repeated matches and preserves departures
ok 315 - accumulates repeated matches and preserves departures
  ---
  duration_ms: 0.142708
  ...
# Subtest: returns copies in score order with deterministic tie break
ok 316 - returns copies in score order with deterministic tie break
  ---
  duration_ms: 6.141875
  ...
# Subtest: legendSrc routes pickup legend icons through assetUrl so they work under a Pages base path
ok 317 - legendSrc routes pickup legend icons through assetUrl so they work under a Pages base path
  ---
  duration_ms: 0.459458
  ...
# Subtest: queued retired-channel pongs cannot certify a new RTC link whose probe IDs restarted
ok 318 - queued retired-channel pongs cannot certify a new RTC link whose probe IDs restarted
  ---
  duration_ms: 0.543708
  ...
# Subtest: a replaced channel on the same live link cannot update state or expose stale errors
ok 319 - a replaced channel on the same live link cannot update state or expose stale errors
  ---
  duration_ms: 0.092792
  ...
# Subtest: retired peer callbacks cannot replace the current data channel even with identical service identity
ok 320 - retired peer callbacks cannot replace the current data channel even with identical service identity
  ---
  duration_ms: 0.063959
  ...
# Subtest: pulse proof is scoped to the captured active binding and two live undrained channels
ok 321 - pulse proof is scoped to the captured active binding and two live undrained channels
  ---
  duration_ms: 0.111292
  ...
# Subtest: the reason names the first missing step in the direct-link pipeline
ok 322 - the reason names the first missing step in the direct-link pipeline
  ---
  duration_ms: 0.685459
  ...
# Subtest: the panel text is redacted and complete
ok 323 - the panel text is redacted and complete
  ---
  duration_ms: 0.305875
  ...
# Subtest: restarts are due every interval and stop after the bounded budget
ok 324 - restarts are due every interval and stop after the bounded budget
  ---
  duration_ms: 0.475917
  ...
# Subtest: fresh health restores the budget and retires the attempt in flight
ok 325 - fresh health restores the budget and retires the attempt in flight
  ---
  duration_ms: 0.078167
  ...
# Subtest: idle health checks every 200 ms do not retire anything
ok 326 - idle health checks every 200 ms do not retire anything
  ---
  duration_ms: 0.057708
  ...
# Subtest: only the newest attempt can complete
ok 327 - only the newest attempt can complete
  ---
  duration_ms: 0.053375
  ...
# Subtest: aggregate transfer budget counts other peers, both lanes and the encoded envelope while reserving control headroom
ok 328 - aggregate transfer budget counts other peers, both lanes and the encoded envelope while reserving control headroom
  ---
  duration_ms: 0.561333
  ...
# Subtest: deferred fast health replies recheck visibility and both lanes without depending on reliable backlog
ok 329 - deferred fast health replies recheck visibility and both lanes without depending on reliable backlog
  ---
  duration_ms: 0.152917
  ...
# Subtest: healthy open channel under the buffer limit is permitted for gameplay and probes
ok 330 - healthy open channel under the buffer limit is permitted for gameplay and probes
  ---
  duration_ms: 0.069167
  ...
# Subtest: a closing signal recorded before the DOM readyState changes blocks gameplay and probe sends
ok 331 - a closing signal recorded before the DOM readyState changes blocks gameplay and probe sends
  ---
  duration_ms: 0.055667
  ...
# Subtest: bulk transfer idle permission requires an open, fully drained, undrained action channel
ok 332 - bulk transfer idle permission requires an open, fully drained, undrained action channel
  ---
  duration_ms: 0.133959
  ...
# Subtest: solo starts one human and four AI without browser services, ready only on start
ok 333 - solo starts one human and four AI without browser services, ready only on start
  ---
  duration_ms: 16.8145
  ...
# Subtest: fixed ticks publish the ordinary game and matching zero-RTT motion clock
ok 334 - fixed ticks publish the ordinary game and matching zero-RTT motion clock
  ---
  duration_ms: 26.246834
  ...
# Subtest: visibility suspension clears held controls and old scope, with no hidden catch-up
ok 335 - visibility suspension clears held controls and old scope, with no hidden catch-up
  ---
  duration_ms: 9.327333
  ...
# Subtest: lobby settings and rematch use ordinary commands, stop disposes callbacks
ok 336 - lobby settings and rematch use ordinary commands, stop disposes callbacks
  ---
  duration_ms: 1.113208
  ...
# Subtest: fire edges stamped from a stalled wall-clock estimate are admitted for the next authority tick (\#43)
ok 337 - fire edges stamped from a stalled wall-clock estimate are admitted for the next authority tick (\#43)
  ---
  duration_ms: 16.370792
  ...
# Subtest: a hold resend that estimated an earlier tick cannot skip the solo press (\#43)
ok 338 - a hold resend that estimated an earlier tick cannot skip the solo press (\#43)
  ---
  duration_ms: 6.776042
  ...
# Subtest: distances render as whole arena units and durations reuse the shared formatter
ok 339 - distances render as whole arena units and durations reuse the shared formatter
  ---
  duration_ms: 0.486083
  ...
# Subtest: empty statistics produce an empty recap with no placeholder awards or totals
ok 340 - empty statistics produce an empty recap with no placeholder awards or totals
  ---
  duration_ms: 0.531541
  ...
# Subtest: a single rider stands alone as champion, wins every non-zero award and fills the table
ok 341 - a single rider stands alone as champion, wins every non-zero award and fills the table
  ---
  duration_ms: 0.394208
  ...
# Subtest: podium centres champions, keeps side places in seat order and excludes placements beyond third
ok 342 - podium centres champions, keeps side places in seat order and excludes placements beyond third
  ---
  duration_ms: 0.104
  ...
# Subtest: a tied first place shows every champion in the centre and no second place
ok 343 - a tied first place shows every champion in the centre and no second place
  ---
  duration_ms: 0.1025
  ...
# Subtest: a match where nobody won any round places everyone on the podium as champions
ok 344 - a match where nobody won any round places everyone on the podium as champions
  ---
  duration_ms: 0.087083
  ...
# Subtest: awards share ties by joining names in placement order and skip counters nobody raised
ok 345 - awards share ties by joining names in placement order and skip counters nobody raised
  ---
  duration_ms: 0.112542
  ...
# Subtest: all-zero statistics yield no awards while the podium and table still render
ok 346 - all-zero statistics yield no awards while the podium and table still render
  ---
  duration_ms: 0.082125
  ...
# Subtest: singular award details read naturally
ok 347 - singular award details read naturally
  ---
  duration_ms: 0.079041
  ...
# Subtest: comparison rows order by placement then seat and format every recorded counter
ok 348 - comparison rows order by placement then seat and format every recorded counter
  ---
  duration_ms: 0.092791
  ...
# Subtest: match totals sum the recorded counters across riders
ok 349 - match totals sum the recorded counters across riders
  ---
  duration_ms: 0.081042
  ...
# Subtest: the signature changes with any rendered figure and is order independent
ok 350 - the signature changes with any rendered figure and is order independent
  ---
  duration_ms: 0.097792
  ...
# Subtest: recap ignores riders with an unset placement rather than inventing a podium slot
ok 351 - recap ignores riders with an unset placement rather than inventing a podium slot
  ---
  duration_ms: 0.062
  ...
# Subtest: records authoritative actions and returns detached snapshots
ok 352 - records authoritative actions and returns detached snapshots
  ---
  duration_ms: 1.095125
  ...
# Subtest: tracks round draws, longest survival and competition-ranked win ties
ok 353 - tracks round draws, longest survival and competition-ranked win ties
  ---
  duration_ms: 0.143833
  ...
# Subtest: validates references, distances and round membership
ok 354 - validates references, distances and round membership
  ---
  duration_ms: 0.360333
  ...
# Subtest: never credits self deaths and updates an existing participant identity
ok 355 - never credits self deaths and updates an existing participant identity
  ---
  duration_ms: 0.066583
  ...
# Subtest: a joined phone is the same landscape controller in every phase (\#13)
ok 356 - a joined phone is the same landscape controller in every phase (\#13)
  ---
  duration_ms: 0.758292
  ...
# Subtest: unjoined, display-only, desktop and mouse views keep the normal layout
ok 357 - unjoined, display-only, desktop and mouse views keep the normal layout
  ---
  duration_ms: 0.112333
  ...
# Subtest: an ended room is not joined play on any phone size or phase
ok 358 - an ended room is not joined play on any phone size or phase
  ---
  duration_ms: 0.214333
  ...
# Subtest: one validated nearby probe qualifies immediately; high RTT restores conservative delay
ok 359 - one validated nearby probe qualifies immediately; high RTT restores conservative delay
  ---
  duration_ms: 0.603083
  ...
# Subtest: stale, paused and explicit reset lose qualification; rejected samples do not extend freshness
ok 360 - stale, paused and explicit reset lose qualification; rejected samples do not extend freshness
  ---
  duration_ms: 0.184083
  ...
# Subtest: regional60ms never qualifies and a fresh scope is independently classified
ok 361 - regional60ms never qualifies and a fresh scope is independently classified
  ---
  duration_ms: 0.0755
  ...
# Subtest: half-tick presentation never rewinds or extrapolates; missing clock remains newest only
ok 362 - half-tick presentation never rewinds or extrapolates; missing clock remains newest only
  ---
  duration_ms: 0.437333
  ...
# Subtest: clock discontinuity clears the old clock even when observed before rendering
ok 363 - clock discontinuity clears the old clock even when observed before rendering
  ---
  duration_ms: 0.134792
  ...
# Subtest: rejected excessive RTT cancels fast classification and exact40ms boundary qualifies
ok 364 - rejected excessive RTT cancels fast classification and exact40ms boundary qualifies
  ---
  duration_ms: 0.054542
  ...
# Subtest: clock diagnostics are read-only and cannot refresh a sample or mutate its scope
ok 365 - clock diagnostics are read-only and cannot refresh a sample or mutate its scope
  ---
  duration_ms: 0.060958
  ...
# Subtest: empty and invalid clock observations cannot enable fast presentation
ok 366 - empty and invalid clock observations cannot enable fast presentation
  ---
  duration_ms: 0.05
  ...
# Subtest: replacement reservation fences partitions and rejects delayed old renewals
ok 367 - replacement reservation fences partitions and rejects delayed old renewals
  ---
  duration_ms: 0.832666
  ...
# Subtest: clock uncertainty prevents overlapping old and new authorization
ok 368 - clock uncertainty prevents overlapping old and new authorization
  ---
  duration_ms: 0.216791
  ...
# Subtest: clock stops after suspension or stale samples, resuming only after fresh sample
ok 369 - clock stops after suspension or stale samples, resuming only after fresh sample
  ---
  duration_ms: 0.09325
  ...
# Subtest: clock rejects bad samples and conservative intervals crossing lease boundaries
ok 370 - clock rejects bad samples and conservative intervals crossing lease boundaries
  ---
  duration_ms: 0.090292
  ...
# Subtest: grant boundary validation rejects malformed values and exhausted epochs
ok 371 - grant boundary validation rejects malformed values and exhausted epochs
  ---
  duration_ms: 0.292625
  ...
# Subtest: checkpoint restore is atomic on the malformed sequences regression
ok 372 - checkpoint restore is atomic on the malformed sequences regression
  ---
  duration_ms: 13.608709
  ...
# Subtest: checkpoint restores exact physics, pending preferences and neutral disconnected identities
ok 373 - checkpoint restores exact physics, pending preferences and neutral disconnected identities
  ---
  duration_ms: 3.152417
  ...
# Subtest: checkpoint rejects missing required game maps and nested fields
ok 374 - checkpoint rejects missing required game maps and nested fields
  ---
  duration_ms: 29.888416
  ...
# Subtest: checkpoint rejects schema incompatibility, foreign host and unsafe shape extensions
ok 375 - checkpoint rejects schema incompatibility, foreign host and unsafe shape extensions
  ---
  duration_ms: 10.245209
  ...
# Subtest: checkpoint rejects invalid sequences, duplicate map keys and cross references
ok 376 - checkpoint rejects invalid sequences, duplicate map keys and cross references
  ---
  duration_ms: 23.588375
  ...
# Subtest: checkpoint rejects nonfinite values, excessive bytes/depth and oversized nested trails
ok 377 - checkpoint rejects nonfinite values, excessive bytes/depth and oversized nested trails
  ---
  duration_ms: 17.653166
  ...
# Subtest: real countdown, playing and round transitions produce restorable bounded checkpoints
ok 378 - real countdown, playing and round transitions produce restorable bounded checkpoints
  ---
  duration_ms: 209.473417
  ...
# Subtest: checkpoint validates bombs, shell lifetime sentinel, pickups and portal geometry
ok 379 - checkpoint validates bombs, shell lifetime sentinel, pickups and portal geometry
  ---
  duration_ms: 5.915375
  ...
# Subtest: checkpoint rejects oversized history, malformed maps and missing participant statistics
ok 380 - checkpoint rejects oversized history, malformed maps and missing participant statistics
  ---
  duration_ms: 6.907917
  ...
# Subtest: room settings reject malformed values, restore safe defaults and allow all drops off
ok 381 - room settings reject malformed values, restore safe defaults and allow all drops off
  ---
  duration_ms: 0.939625
  ...
# Subtest: rooms isolate players and only the host can start or change rules
ok 382 - rooms isolate players and only the host can start or change rules
  ---
  duration_ms: 7.649083
  ...
# Subtest: fixed one-round rooms finish after one round
ok 383 - fixed one-round rooms finish after one round
  ---
  duration_ms: 2.564125
  ...
# Subtest: world deltas reconstruct split, removed and appended trails and recover via keyframe
ok 384 - world deltas reconstruct split, removed and appended trails and recover via keyframe
  ---
  duration_ms: 1.1955
  ...
# Subtest: fresh encoder after reconnection replaces old stream without accepting retired frames
ok 385 - fresh encoder after reconnection replaces old stream without accepting retired frames
  ---
  duration_ms: 0.240541
  ...
# Subtest: host checkpoint restores world and sequence numbers without replaying held fire
ok 386 - host checkpoint restores world and sequence numbers without replaying held fire
  ---
  duration_ms: 3.661167
  ...
# Subtest: field patches update joins and clear optional charge state without repeating identity
ok 387 - field patches update joins and clear optional charge state without repeating identity
  ---
  duration_ms: 0.579917
  ...
# Subtest: delayed unseen old keyframe cannot roll a newer generation backward
ok 388 - delayed unseen old keyframe cannot roll a newer generation backward
  ---
  duration_ms: 0.112208
  ...
# Subtest: invalid higher generation and corrupt trail patches cannot mutate accepted baseline
ok 389 - invalid higher generation and corrupt trail patches cannot mutate accepted baseline
  ---
  duration_ms: 0.313792
  ...
# Subtest: online return to lobby preserves transport simulation time
ok 390 - online return to lobby preserves transport simulation time
  ---
  duration_ms: 0.138375
  ...
# Subtest: guests that vanish in the lobby free their seats and the removal replicates to guests
ok 391 - guests that vanish in the lobby free their seats and the removal replicates to guests
  ---
  duration_ms: 0.464417
  ...
# Subtest: a guest lost mid-round keeps its seat until the match ends, then a newcomer reclaims it
ok 392 - a guest lost mid-round keeps its seat until the match ends, then a newcomer reclaims it
  ---
  duration_ms: 1.306625
  ...
# Subtest: a rematch drops the riders that were lost during the finished match
ok 393 - a rematch drops the riders that were lost during the finished match
  ---
  duration_ms: 0.850667
  ...
# Subtest: a whole round of chained deltas stays exact without any periodic re-baseline
ok 394 - a whole round of chained deltas stays exact without any periodic re-baseline
  ---
  duration_ms: 171.554792
  ...
# Subtest: Pages invites preserve project path while API requests use configured backend
ok 395 - Pages invites preserve project path while API requests use configured backend
  ---
  duration_ms: 0.468458
  ...
# Subtest: local origin default and endpoint boundaries are explicit
ok 396 - local origin default and endpoint boundaries are explicit
  ---
  duration_ms: 0.267875
  ...
# Subtest: failed press plus fresh held resends cannot invent charge or fire on release
ok 397 - failed press plus fresh held resends cannot invent charge or fire on release
  ---
  duration_ms: 12.7335
  ...
# Subtest: lost final release without other held controls cancels within ten ticks and is never retried
ok 398 - lost final release without other held controls cancels within ten ticks and is never retried
  ---
  duration_ms: 5.863625
  ...
# Subtest: steering heartbeat after lost release carries bomb false and safely cancels instead of firing
ok 399 - steering heartbeat after lost release carries bomb false and safely cancels instead of firing
  ---
  duration_ms: 0.8285
  ...
# Subtest: ordered-but-delayed release expires rather than replaying after network recovery
ok 400 - ordered-but-delayed release expires rather than replaying after network recovery
  ---
  duration_ms: 1.184708
  ...
# Subtest: first fresh press after countdown and explicit lobby reset fires without a neutral packet
ok 401 - first fresh press after countdown and explicit lobby reset fires without a neutral packet
  ---
  duration_ms: 11.821291
  ...
# Subtest: idle watchdog without a held gesture does not block the first fresh shot
ok 402 - idle watchdog without a held gesture does not block the first fresh shot
  ---
  duration_ms: 4.452417
  ...
# Subtest: new scope rejects old held/release packets but accepts a fresh press
ok 403 - new scope rejects old held/release packets but accepts a fresh press
  ---
  duration_ms: 1.77125
  ...
# Subtest: watchdog still suppresses interrupted held gestures until an actual release
ok 404 - watchdog still suppresses interrupted held gestures until an actual release
  ---
  duration_ms: 1.669666
  ...
# Subtest: receipt is not application: future steering waits and reports exact application tick
ok 405 - receipt is not application: future steering waits and reports exact application tick
  ---
  duration_ms: 11.229375
  ...
# Subtest: same-tick newest movement wins while all outcomes are acknowledged
ok 406 - same-tick newest movement wins while all outcomes are acknowledged
  ---
  duration_ms: 1.25875
  ...
# Subtest: older future slot cannot undo newer applied movement and exact result acknowledgements preserve pending input
ok 407 - older future slot cannot undo newer applied movement and exact result acknowledgements preserve pending input
  ---
  duration_ms: 1.892791
  ...
# Subtest: held acknowledged steering continues then expires at ten ticks without fresh application
ok 408 - held acknowledged steering continues then expires at ten ticks without fresh application
  ---
  duration_ms: 1.162917
  ...
# Subtest: same-tick press/release survives steering supersession, duplicates cannot launch twice
ok 409 - same-tick press/release survives steering supersession, duplicates cannot launch twice
  ---
  duration_ms: 0.975041
  ...
# Subtest: a press stamped later than the following hold sample is still processed first in sequence order (\#43)
ok 410 - a press stamped later than the following hold sample is still processed first in sequence order (\#43)
  ---
  duration_ms: 0.69125
  ...
# Subtest: old-scope release cannot cancel current charge; expired current release cancels without firing
ok 411 - old-scope release cannot cancel current charge; expired current release cancels without firing
  ---
  duration_ms: 0.711625
  ...
# Subtest: disconnect, match changes and restore create fresh neutral scope while preserving received highwater
ok 412 - disconnect, match changes and restore create fresh neutral scope while preserving received highwater
  ---
  duration_ms: 3.500833
  ...
# Subtest: queue and result history are bounded and overflow forces explicit neutral resync
ok 413 - queue and result history are bounded and overflow forces explicit neutral resync
  ---
  duration_ms: 0.938458
  ...
# Subtest: malformed timing and aim cannot apply motion or keep an invalid release charging
ok 414 - malformed timing and aim cannot apply motion or keep an invalid release charging
  ---
  duration_ms: 0.570709
  ...
# Subtest: queued release is discarded on disconnect and cannot fire into a rejoined control scope
ok 415 - queued release is discarded on disconnect and cannot fire into a rejoined control scope
  ---
  duration_ms: 0.636458
  ...
# Subtest: paused old-alias endpoint restores outbound health before acknowledging a new checkpoint header
ok 416 - paused old-alias endpoint restores outbound health before acknowledging a new checkpoint header
  ---
  duration_ms: 1.307375
  ...
# Subtest: direct-only path resumes on two fresh acknowledgements without relay quarantine
ok 417 - direct-only path resumes on two fresh acknowledgements without relay quarantine
  ---
  duration_ms: 0.080208
  ...
# Subtest: three-second blackhole after long healthy uptime retains channel and recovers on fresh probes
ok 418 - three-second blackhole after long healthy uptime retains channel and recovers on fresh probes
  ---
  duration_ms: 0.15
  ...
# Subtest: restart requires eight continuously unhealthy seconds, reset by recovered health
ok 419 - restart requires eight continuously unhealthy seconds, reset by recovered health
  ---
  duration_ms: 0.052917
  ...
# Subtest: expired duplicate and pre-failure probes cannot keep blackholed path healthy
ok 420 - expired duplicate and pre-failure probes cannot keep blackholed path healthy
  ---
  duration_ms: 0.351209
  ...
# Subtest: pulse mode preserves fresh acknowledgement time and never revives expired evidence
ok 421 - pulse mode preserves fresh acknowledgement time and never revives expired evidence
  ---
  duration_ms: 0.071417
  ...
# Subtest: pause is irreversible within an alias and late application proof cannot reactivate it
ok 422 - pause is irreversible within an alias and late application proof cannot reactivate it
  ---
  duration_ms: 0.071709
  ...
# Subtest: effects do not replay on repeated snapshots or across authority/match reset
ok 423 - effects do not replay on repeated snapshots or across authority/match reset
  ---
  duration_ms: 0.785791
  ...
# Subtest: bomb flight sprite follows segmented path while damage radius stays at landing point
ok 424 - bomb flight sprite follows segmented path while damage radius stays at landing point
  ---
  duration_ms: 0.459917
  ...
# Subtest: death transitions occur once and backward presentation resets cosmetic history
ok 425 - death transitions occur once and backward presentation resets cosmetic history
  ---
  duration_ms: 0.100709
  ...
# Subtest: flight fallback clamps before launch and shells never use bomb arcs
ok 426 - flight fallback clamps before launch and shells never use bomb arcs
  ---
  duration_ms: 0.071375
  ...
# Subtest: a continuous bend is one stroke with the exact supplied vertices
ok 427 - a continuous bend is one stroke with the exact supplied vertices
  ---
  duration_ms: 1.593917
  ...
# Subtest: portal jumps, deleted ticks and clipped segments remain separate strokes
ok 428 - portal jumps, deleted ticks and clipped segments remain separate strokes
  ---
  duration_ms: 0.539083
  ...
# Subtest: history survives fractional motion, a changing predicted tip and equivalent deserialized snapshots
ok 429 - history survives fractional motion, a changing predicted tip and equivalent deserialized snapshots
  ---
  duration_ms: 1.182834
  ...
# Subtest: history refreshes for trail holes, clipping, expiry, death, identity, scope and reset
ok 430 - history refreshes for trail holes, clipping, expiry, death, identity, scope and reset
  ---
  duration_ms: 0.287125
  ...
# Subtest: a fresh trail follows the interpolated head by at most one simulation step
ok 431 - a fresh trail follows the interpolated head by at most one simulation step
  ---
  duration_ms: 0.511375
  ...
# Subtest: head interpolation never extends a stale, destroyed, teleported or dead trail
ok 432 - head interpolation never extends a stale, destroyed, teleported or dead trail
  ---
  duration_ms: 1.183584
  ...
# Subtest: arena backing follows displayed size and screen density without changing world aspect
ok 433 - arena backing follows displayed size and screen density without changing world aspect
  ---
  duration_ms: 0.767125
  ...
# Subtest: arena backing bounds oversized displays and survives hidden or unavailable density
ok 434 - arena backing bounds oversized displays and survives hidden or unavailable density
  ---
  duration_ms: 0.073583
  ...
# Subtest: weighted table gives Five one third Triple probability with deterministic intervals
ok 435 - weighted table gives Five one third Triple probability with deterministic intervals
  ---
  duration_ms: 11.980625
  ...
# Subtest: Star is removed while remaining relative weights are preserved
ok 436 - Star is removed while remaining relative weights are preserved
  ---
  duration_ms: 0.144542
  ...
# Subtest: powerup pacing ramps every twenty seconds and stays bounded in overtime
ok 437 - powerup pacing ramps every twenty seconds and stays bounded in overtime
  ---
  duration_ms: 0.424583
  ...
# Subtest: portal transits survivors, breaks trail, preserves heading/charge, counts actual movement
ok 438 - portal transits survivors, breaks trail, preserves heading/charge, counts actual movement
  ---
  duration_ms: 10.120417
  ...
# Subtest: entry collision is resolved before transit, and shield remains independent
ok 439 - entry collision is resolved before transit, and shield remains independent
  ---
  duration_ms: 1.30075
  ...
# Subtest: unsafe exit defers teleport for rider, pending trail, trail, bomb and blast hazards
ok 440 - unsafe exit defers teleport for rider, pending trail, trail, bomb and blast hazards
  ---
  duration_ms: 5.935875
  ...
# Subtest: portal grace is defensive for both riders, protects trails/walls and does not consume shield
ok 441 - portal grace is defensive for both riders, protects trails/walls and does not consume shield
  ---
  duration_ms: 0.623334
  ...
# Subtest: portal expiry, snapshot copying, compact geometry omission and round reset
ok 442 - portal expiry, snapshot copying, compact geometry omission and round reset
  ---
  duration_ms: 0.605209
  ...
# Subtest: portal pickup creates deterministic pair, records stats, replaces pair without clearing cooldown
ok 443 - portal pickup creates deterministic pair, records stats, replaces pair without clearing cooldown
  ---
  duration_ms: 1.883625
  ...
# Subtest: impossible placement leaves pickup and old pair unconsumed
ok 444 - impossible placement leaves pickup and old pair unconsumed
  ---
  duration_ms: 0.766042
  ...
# Subtest: reverse transit respects cooldown at its exact deadline after replacement
ok 445 - reverse transit respects cooldown at its exact deadline after replacement
  ---
  duration_ms: 1.584333
  ...
# Subtest: portal defensive grace expires exactly at the authoritative tick
ok 446 - portal defensive grace expires exactly at the authoritative tick
  ---
  duration_ms: 0.996709
  ...
# Subtest: concurrent riders preserve separate entry heights at the linked wall
ok 447 - concurrent riders preserve separate entry heights at the linked wall
  ---
  duration_ms: 0.533542
  ...
# Subtest: wall placement remains useful on an occupied five-rider field across seeds
ok 448 - wall placement remains useful on an occupied five-rider field across seeds
  ---
  duration_ms: 84.529
  ...
# Subtest: authoritative overtime shrinks portal wall length and removes reclaimed walls from snapshots
ok 449 - authoritative overtime shrinks portal wall length and removes reclaimed walls from snapshots
  ---
  duration_ms: 0.48675
  ...
# Subtest: compressed linked wall reserves an exit for the first rider rather than overlapping arrivals
ok 450 - compressed linked wall reserves an exit for the first rider rather than overlapping arrivals
  ---
  duration_ms: 0.497542
  ...
# Subtest: placement sizes walls to one third of field, caps at 300 and reserves full corridor
ok 451 - placement sizes walls to one third of field, caps at 300 and reserves full corridor
  ---
  duration_ms: 0.663542
  ...
# Subtest: placement remains bounded for unsafe or insufficiently separated sites
ok 452 - placement remains bounded for unsafe or insufficiently separated sites
  ---
  duration_ms: 0.23125
  ...
# Subtest: full wall safety catches a hazard between sampled center and endpoints
ok 453 - full wall safety catches a hazard between sampled center and endpoints
  ---
  duration_ms: 0.100291
  ...
# Subtest: swept wall entry preserves heading and relative linked height
ok 454 - swept wall entry preserves heading and relative linked height
  ---
  duration_ms: 0.716917
  ...
# Subtest: both directions and earliest intersected wall work
ok 455 - both directions and earliest intersected wall work
  ---
  duration_ms: 0.101541
  ...
# Subtest: rounded endpoints detect vertical and tangent contact without phantom end extensions
ok 456 - rounded endpoints detect vertical and tangent contact without phantom end extensions
  ---
  duration_ms: 0.091542
  ...
# Subtest: cooldown, expiry, inside, stationary, moving away and short movement do not retrigger
ok 457 - cooldown, expiry, inside, stationary, moving away and short movement do not retrigger
  ---
  duration_ms: 0.099125
  ...
# Subtest: unsafe and out-of-field exits defer transit and safety receives actual offset exit
ok 458 - unsafe and out-of-field exits defer transit and safety receives actual offset exit
  ---
  duration_ms: 0.140667
  ...
# Subtest: shrinking trims walls and removes pairs whose centerline or usable ends are reclaimed
ok 459 - shrinking trims walls and removes pairs whose centerline or usable ends are reclaimed
  ---
  duration_ms: 0.206583
  ...
# Subtest: motion ledger boundary rejects malformed, unbounded and contradictory tick data
ok 460 - motion ledger boundary rejects malformed, unbounded and contradictory tick data
  ---
  duration_ms: 0.514958
  ...
# Subtest: local steering responds next frame using a partial step which never changes fixed replay
ok 461 - local steering responds next frame using a partial step which never changes fixed replay
  ---
  duration_ms: 13.987792
  ...
# Subtest: acknowledged held turn replays exactly with no pending events, including drunk offset
ok 462 - acknowledged held turn replays exactly with no pending events, including drunk offset
  ---
  duration_ms: 0.96475
  ...
# Subtest: fresh-input age neutralizes held controls at tick ten
ok 463 - fresh-input age neutralizes held controls at tick ten
  ---
  duration_ms: 1.662542
  ...
# Subtest: press and release scheduled for same tick uses latest sample, received ack cannot retire either
ok 464 - press and release scheduled for same tick uses latest sample, received ack cannot retire either
  ---
  duration_ms: 0.710208
  ...
# Subtest: mismatched snapshot and application tick rejected atomically
ok 465 - mismatched snapshot and application tick rejected atomically
  ---
  duration_ms: 0.685542
  ...
# Subtest: applied result retires pending but continues authoritative held input
ok 466 - applied result retires pending but continues authoritative held input
  ---
  duration_ms: 0.645208
  ...
# Subtest: death and portal reset local motion and epoch invalidates timing
ok 467 - death and portal reset local motion and epoch invalidates timing
  ---
  duration_ms: 0.764875
  ...
# Subtest: clock retains conservative send sampled bounds and rejects pause stale and invalid RTT
ok 468 - clock retains conservative send sampled bounds and rejects pause stale and invalid RTT
  ---
  duration_ms: 0.081583
  ...
# Subtest: remote buffer uses coherent past state and fractional ticks without portal chords
ok 469 - remote buffer uses coherent past state and fractional ticks without portal chords
  ---
  duration_ms: 0.794459
  ...
# Subtest: spectator clock advances fractional render ticks without a player seat and resets scope
ok 470 - spectator clock advances fractional render ticks without a player seat and resets scope
  ---
  duration_ms: 1.126959
  ...
# Subtest: presentation connector is bounded and never mutates confirmed trails
ok 471 - presentation connector is bounded and never mutates confirmed trails
  ---
  duration_ms: 0.575542
  ...
# Subtest: inactive snapshots do not invent movement correction or smoothing offsets
ok 472 - inactive snapshots do not invent movement correction or smoothing offsets
  ---
  duration_ms: 1.869042
  ...
# Subtest: slow round trip or lagging snapshot never rejects input locally; host admission and the four-tick lead cap bound it (\#15)
ok 473 - slow round trip or lagging snapshot never rejects input locally; host admission and the four-tick lead cap bound it (\#15)
  ---
  duration_ms: 0.589084
  ...
# Subtest: transport-refused and stale inputs never count toward the bound; overflow drops the backlog instead of blocking (\#20)
ok 474 - transport-refused and stale inputs never count toward the bound; overflow drops the backlog instead of blocking (\#20)
  ---
  duration_ms: 1.161083
  ...
# Subtest: overflow first drops inputs behind the host window and only clears a fully fresh backlog (\#15 follow-up)
ok 475 - overflow first drops inputs behind the host window and only clears a fully fresh backlog (\#15 follow-up)
  ---
  duration_ms: 0.7335
  ...
# Subtest: a lost clock limits the preview but never the send (\#65)
ok 476 - a lost clock limits the preview but never the send (\#65)
  ---
  duration_ms: 0.564458
  ...
# Subtest: all semantic message variants validate without accepting extra fields
ok 477 - all semantic message variants validate without accepting extra fields
  ---
  duration_ms: 1.42275
  ...
# Subtest: untrusted message shapes, sizes, tokens and input sequences fail closed
ok 478 - untrusted message shapes, sizes, tokens and input sequences fail closed
  ---
  duration_ms: 0.296958
  ...
# Subtest: target aim accepts finite normalized coordinates only and rejects nested extras
ok 479 - target aim accepts finite normalized coordinates only and rejects nested extras
  ---
  duration_ms: 0.179458
  ...
# Subtest: serialized recipient acknowledgement preserves own zero and negative sequences without other seats
ok 480 - serialized recipient acknowledgement preserves own zero and negative sequences without other seats
  ---
  duration_ms: 0.757167
  ...
# Subtest: recipient ack envelopes preserve complete keyframe retry and unchanged world decoding
ok 481 - recipient ack envelopes preserve complete keyframe retry and unchanged world decoding
  ---
  duration_ms: 2.373791
  ...
# Subtest: candidates before the remote description are buffered, bounded at 64 and flushed in order
ok 482 - candidates before the remote description are buffered, bounded at 64 and flushed in order
  ---
  duration_ms: 1.68625
  ...
# Subtest: candidates arriving while a description is being applied wait, then apply; later ones apply directly
ok 483 - candidates arriving while a description is being applied wait, then apply; later ones apply directly
  ---
  duration_ms: 0.103292
  ...
# Subtest: answer-side candidates that arrive after the local answer are applied against the remote description
ok 484 - answer-side candidates that arrive after the local answer are applied against the remote description
  ---
  duration_ms: 0.096541
  ...
# Subtest: a restart offer changes the ufrag: old-generation candidates never poison it and new ones wait for it
ok 485 - a restart offer changes the ufrag: old-generation candidates never poison it and new ones wait for it
  ---
  duration_ms: 0.109834
  ...
# Subtest: browser rejection of a candidate is counted, not thrown into the signalling loop
ok 486 - browser rejection of a candidate is counted, not thrown into the signalling loop
  ---
  duration_ms: 0.101167
  ...
# Subtest: only actual changed heading counts, unchanged animation frames do not
ok 487 - only actual changed heading counts, unchanged animation frames do not
  ---
  duration_ms: 0.76375
  ...
# Subtest: clock-aligned render frames detect wrapped positive heading and reject the wrong direction
ok 488 - clock-aligned render frames detect wrapped positive heading and reject the wrong direction
  ---
  duration_ms: 0.110958
  ...
# Subtest: death, round transition, intoxication and live powerups invalidate the measurement
ok 489 - death, round transition, intoxication and live powerups invalidate the measurement
  ---
  duration_ms: 0.124166
  ...
# Subtest: turning, short, stale and missing baselines are rejected without cherry-picking
ok 490 - turning, short, stale and missing baselines are rejected without cherry-picking
  ---
  duration_ms: 0.070916
  ...
# Subtest: unchanged heading times out and incomplete capture is separately rejected
ok 491 - unchanged heading times out and incomplete capture is separately rejected
  ---
  duration_ms: 0.068584
  ...
# Subtest: one degree metric remains later than the first tiny numerical departure
ok 492 - one degree metric remains later than the first tiny numerical departure
  ---
  duration_ms: 0.06275
  ...
# Subtest: render continuity separates repeated authoritative ticks from animation cadence and attempt gaps
ok 493 - render continuity separates repeated authoritative ticks from animation cadence and attempt gaps
  ---
  duration_ms: 2.551
  ...
# Subtest: return to lobby from lobby clears match state without inventing session points
ok 494 - return to lobby from lobby clears match state without inventing session points
  ---
  duration_ms: 9.590333
  ...
# Subtest: return to lobby from countdown clears match state without inventing session points
ok 495 - return to lobby from countdown clears match state without inventing session points
  ---
  duration_ms: 1.443625
  ...
# Subtest: return to lobby from playing clears match state without inventing session points
ok 496 - return to lobby from playing clears match state without inventing session points
  ---
  duration_ms: 0.569625
  ...
# Subtest: return to lobby from roundOver clears match state without inventing session points
ok 497 - return to lobby from roundOver clears match state without inventing session points
  ---
  duration_ms: 0.553791
  ...
# Subtest: return to lobby from matchOver clears match state without inventing session points
ok 498 - return to lobby from matchOver clears match state without inventing session points
  ---
  duration_ms: 0.68425
  ...
# Subtest: empty party can return to lobby and invalid scope is rejected before mutation
ok 499 - empty party can return to lobby and invalid scope is rejected before mutation
  ---
  duration_ms: 0.171834
  ...
# Subtest: pure rider kernel exactly matches authoritative turns including drunk offsets
ok 500 - pure rider kernel exactly matches authoritative turns including drunk offsets
  ---
  duration_ms: 21.163125
  ...
# Subtest: opposite controls cancel steering and pure motion leaves input pose unchanged
ok 501 - opposite controls cancel steering and pure motion leaves input pose unchanged
  ---
  duration_ms: 0.086292
  ...
# Subtest: short codes map the full67600 space and reject biased random tail
ok 502 - short codes map the full67600 space and reject biased random tail
  ---
  duration_ms: 0.621667
  ...
# Subtest: new and temporary legacy room identities validate without making codes secrets
ok 503 - new and temporary legacy room identities validate without making codes secrets
  ---
  duration_ms: 0.115833
  ...
# Subtest: collision reservation is bounded and never masks noncollision failure
ok 504 - collision reservation is bounded and never masks noncollision failure
  ---
  duration_ms: 0.519208
  ...
# Subtest: ordinary initial show is inert and permanent departure disposes the room
ok 505 - ordinary initial show is inert and permanent departure disposes the room
  ---
  duration_ms: 0.896375
  ...
# Subtest: BFCache restoration reloads stopped room exactly once instead of reviving its transport
ok 506 - BFCache restoration reloads stopped room exactly once instead of reviving its transport
  ---
  duration_ms: 0.083166
  ...
# Subtest: expired room stops before clearing runtime and never retries a reused public code
ok 507 - expired room stops before clearing runtime and never retries a reused public code
  ---
  duration_ms: 1.002583
  ...
# Subtest: temporary network failure retries while replaced host is terminal separately
ok 508 - temporary network failure retries while replaced host is terminal separately
  ---
  duration_ms: 0.117875
  ...
# Subtest: safeStorage falls back to an in-memory store when the underlying storage throws on access
ok 509 - safeStorage falls back to an in-memory store when the underlying storage throws on access
  ---
  duration_ms: 0.484666
  ...
# Subtest: safeStorage does not evaluate the storage accessor until a get/set/remove call is made
ok 510 - safeStorage does not evaluate the storage accessor until a get/set/remove call is made
  ---
  duration_ms: 0.077667
  ...
# Subtest: safeStorage passes through to real storage when it works
ok 511 - safeStorage passes through to real storage when it works
  ---
  duration_ms: 0.090167
  ...
# Subtest: createMemoryStorage never throws and reports missing keys as null
ok 512 - createMemoryStorage never throws and reports missing keys as null
  ---
  duration_ms: 0.046792
  ...
# Subtest: LAN AI management is authorized, shares seats, follows normal rounds and can be removed
ok 513 - LAN AI management is authorized, shares seats, follows normal rounds and can be removed
  ---
  duration_ms: 43.815
  ...
# Subtest: LAN bot protocol rejects missing IDs, human IDs and unexpected action data
ok 514 - LAN bot protocol rejects missing IDs, human IDs and unexpected action data
  ---
  duration_ms: 0.501583
  ...
# Subtest: a reconnect cancels prior charge and accepts a fresh explicit press-release pair
ok 515 - a reconnect cancels prior charge and accepts a fresh explicit press-release pair
  ---
  duration_ms: 70.714833
  ...
# Subtest: match rematch resets scope and wins, then round-over automatically starts the next round
ok 516 - match rematch resets scope and wins, then round-over automatically starts the next round
  ---
  duration_ms: 50.008208
  ...
# Subtest: controller snapshots strip the full match statistics table
ok 517 - controller snapshots strip the full match statistics table
  ---
  duration_ms: 0.818958
  ...
# Subtest: five seats, sixth denial, full public snapshots and private host control
ok 518 - five seats, sixth denial, full public snapshots and private host control
  ---
  duration_ms: 80.002125
  ...
# Subtest: reconnect replaces the same seat, sequences continue, stale input becomes neutral, rapid bomb taps survive
ok 519 - reconnect replaces the same seat, sequences continue, stale input becomes neutral, rapid bomb taps survive
  ---
  duration_ms: 20.153125
  ...
# Subtest: admission rejects late/invalid joins, leave frees lobby seats and eliminates during play
ok 520 - admission rejects late/invalid joins, leave frees lobby seats and eliminates during play
  ---
  duration_ms: 19.343166
  ...
# Subtest: charge holds use authoritative ticks and launch only on explicit release
ok 521 - charge holds use authoritative ticks and launch only on explicit release
  ---
  duration_ms: 27.766875
  ...
# Subtest: cancel, stale input, and socket replacement discard charges and queued releases
ok 522 - cancel, stale input, and socket replacement discard charges and queued releases
  ---
  duration_ms: 12.291625
  ...
# Subtest: typed injected clock drives heartbeat timeout and rate window without sleeping
ok 523 - typed injected clock drives heartbeat timeout and rate window without sleeping
  ---
  duration_ms: 4.957667
  ...
# Subtest: a flood of malformed frames is counted against the rate limit and closes the socket with 1008
ok 524 - a flood of malformed frames is counted against the rate limit and closes the socket with 1008
  ---
  duration_ms: 11.049709
  ...
# Subtest: invalid frames do not refresh lastSeen so the idle watchdog still prunes a garbage-only client
ok 525 - invalid frames do not refresh lastSeen so the idle watchdog still prunes a garbage-only client
  ---
  duration_ms: 1.437541
  ...
# Subtest: bounded catch-up discards sleep-sized backlogs
ok 526 - bounded catch-up discards sleep-sized backlogs
  ---
  duration_ms: 0.079292
  ...
# Subtest: a finished match can accept fresh phones after every original player leaves
ok 527 - a finished match can accept fresh phones after every original player leaves
  ---
  duration_ms: 15.374709
  ...
# Subtest: injected scheduler advances fixed ticks, caps catch-up, discards excess and cancels on close
ok 528 - injected scheduler advances fixed ticks, caps catch-up, discards excess and cancels on close
  ---
  duration_ms: 0.531667
  ...
# Subtest: display receives 20Hz world state while phones receive compact 10Hz updates and measured input acknowledgments
ok 529 - display receives 20Hz world state while phones receive compact 10Hz updates and measured input acknowledgments
  ---
  duration_ms: 19.877875
  ...
# Subtest: late countdown joins wait safely, reconnect and enter next round automatically
ok 530 - late countdown joins wait safely, reconnect and enter next round automatically
  ---
  duration_ms: 13.619291
  ...
# Subtest: late playing joins wait safely, reconnect and enter next round automatically
ok 531 - late playing joins wait safely, reconnect and enter next round automatically
  ---
  duration_ms: 11.082167
  ...
# Subtest: target release aim survives newer input packets through real socket transport
ok 532 - target release aim survives newer input packets through real socket transport
  ---
  duration_ms: 6.604083
  ...
# Subtest: host can abort to lobby without losing phone seats or replaying buffered bomb releases
ok 533 - host can abort to lobby without losing phone seats or replaying buffered bomb releases
  ---
  duration_ms: 10.552916
  ...
# Subtest: serialized avatar joins assign an allowed head and reconnect preserves server identity
ok 534 - serialized avatar joins assign an allowed head and reconnect preserves server identity
  ---
  duration_ms: 2.744625
  ...
# Subtest: a joined controller can change only its own avatar during play without altering gameplay
ok 535 - a joined controller can change only its own avatar during play without altering gameplay
  ---
  duration_ms: 8.571833
  ...
# Subtest: phones that vanish in the lobby release their seats for newcomers and for the next start
ok 536 - phones that vanish in the lobby release their seats for newcomers and for the next start
  ---
  duration_ms: 5.112833
  ...
# Subtest: a full lobby reclaims a vanished seat for a newcomer without any host action
ok 537 - a full lobby reclaims a vanished seat for a newcomer without any host action
  ---
  duration_ms: 5.458208
  ...
# Subtest: a phone that vanishes mid-round keeps its seat for reconnection and never yields it to a newcomer
ok 538 - a phone that vanishes mid-round keeps its seat for reconnection and never yields it to a newcomer
  ---
  duration_ms: 12.171208
  ...
# Subtest: actual service exposes Cloud Run safe health aliases without requiring provider operations
ok 539 - actual service exposes Cloud Run safe health aliases without requiring provider operations
  ---
  duration_ms: 772.752917
  ...
# Subtest: service transaction retries keep one logical connection/grant and fenced replacement
ok 540 - service transaction retries keep one logical connection/grant and fenced replacement
  ---
  duration_ms: 6.126167
  ...
# Subtest: service reserves creator slot and atomically bounds concurrent admission
ok 541 - service reserves creator slot and atomically bounds concurrent admission
  ---
  duration_ms: 0.484833
  ...
# Subtest: two gateways advertise actual remote members and route only signalling
ok 542 - two gateways advertise actual remote members and route only signalling
  ---
  duration_ms: 1.193625
  ...
# Subtest: mesh signalling permits guest pairs while rejecting foreign room and replaced target scopes
ok 543 - mesh signalling permits guest pairs while rejecting foreign room and replaced target scopes
  ---
  duration_ms: 0.46375
  ...
# Subtest: guest mesh signals retain source replacement and cross-room membership fences
ok 544 - guest mesh signals retain source replacement and cross-room membership fences
  ---
  duration_ms: 1.551583
  ...
# Subtest: fast bus after delayed metadata emits new source membership before SDP
ok 545 - fast bus after delayed metadata emits new source membership before SDP
  ---
  duration_ms: 0.920833
  ...
# Subtest: expired and duplicate bus packets never repeat SDP; old replacement source is rejected
ok 546 - expired and duplicate bus packets never repeat SDP; old replacement source is rejected
  ---
  duration_ms: 0.405125
  ...
# Subtest: time renewals preserve exact authority and stale close cannot revoke replacement
ok 547 - time renewals preserve exact authority and stale close cannot revoke replacement
  ---
  duration_ms: 0.511125
  ...
# Subtest: idle teardown and immediate rejoin serialize a new subscription before admission
ok 548 - idle teardown and immediate rejoin serialize a new subscription before admission
  ---
  duration_ms: 0.306709
  ...
# Subtest: bus failure and slow receiver fail explicitly without keeping hidden relay queues
ok 549 - bus failure and slow receiver fail explicitly without keeping hidden relay queues
  ---
  duration_ms: 0.338958
  ...
# Subtest: runtime metadata and bus schemas reject corrupt scope and gameplay frames
ok 550 - runtime metadata and bus schemas reject corrupt scope and gameplay frames
  ---
  duration_ms: 0.334417
  ...
# Subtest: v2 renewal accepts GrantIdentity without timestamps at the actual JSON boundary
ok 551 - v2 renewal accepts GrantIdentity without timestamps at the actual JSON boundary
  ---
  duration_ms: 0.405875
  ...
# Subtest: failed bus is drained before a queued new connection can mark it ready
ok 552 - failed bus is drained before a queued new connection can mark it ready
  ---
  duration_ms: 0.39
  ...
# Subtest: short-code transactional collisions preserve the live room and retry only bounded conflicts
ok 553 - short-code transactional collisions preserve the live room and retry only bounded conflicts
  ---
  duration_ms: 1.173541
  ...
# Subtest: guest keepalives never extend host-session lifetime and exact expiry rejects admission
ok 554 - guest keepalives never extend host-session lifetime and exact expiry rejects admission
  ---
  duration_ms: 0.306458
  ...
# Subtest: only the current host extends reconnect grace and replacement close cannot shorten it
ok 555 - only the current host extends reconnect grace and replacement close cannot shorten it
  ---
  duration_ms: 0.201875
  ...
# Subtest: host end is authorized, immediate and cannot end a reused code with an old capability
ok 556 - host end is authorized, immediate and cannot end a reused code with an old capability
  ---
  duration_ms: 0.581583
  ...
# Subtest: cached signalling refuses expired rooms before asynchronous TTL deletion
ok 557 - cached signalling refuses expired rooms before asynchronous TTL deletion
  ---
  duration_ms: 0.614459
  ...
# Subtest: gateway expiry timer closes silent sockets without depending on TTL deletion or traffic
ok 558 - gateway expiry timer closes silent sockets without depending on TTL deletion or traffic
  ---
  duration_ms: 10.9865
  ...
# Subtest: delayed old-incarnation heartbeat or read cannot roll back a reused room view
ok 559 - delayed old-incarnation heartbeat or read cannot roll back a reused room view
  ---
  duration_ms: 1.052917
  ...
# Subtest: delayed old admission cannot replace a newly observed room incarnation
ok 560 - delayed old admission cannot replace a newly observed room incarnation
  ---
  duration_ms: 0.52625
  ...
# Subtest: cancelled metadata watch callbacks cannot mutate a recreated room view
ok 561 - cancelled metadata watch callbacks cannot mutate a recreated room view
  ---
  duration_ms: 0.352875
  ...
# Subtest: direct new admission rotates an active old watch before its delayed callbacks arrive
ok 562 - direct new admission rotates an active old watch before its delayed callbacks arrive
  ---
  duration_ms: 0.361875
  ...
# Subtest: shell reflects remaining travel and exposes the true collision path
ok 563 - shell reflects remaining travel and exposes the true collision path
  ---
  duration_ms: 0.841958
  ...
# Subtest: corners reflect both axes and shrinking bounds clamp safely
ok 564 - corners reflect both axes and shrinking bounds clamp safely
  ---
  duration_ms: 0.092291
  ...
# Subtest: shell ricochets off a tail without crossing it and keeps its speed
ok 565 - shell ricochets off a tail without crossing it and keeps its speed
  ---
  duration_ms: 0.236625
  ...
# Subtest: diagonal tails and exposed endpoints reflect instead of tunnelling
ok 566 - diagonal tails and exposed endpoints reflect instead of tunnelling
  ---
  duration_ms: 0.334375
  ...
# Subtest: failure notice classifies only press/release gestures, never neutral or held heartbeats
ok 567 - failure notice classifies only press/release gestures, never neutral or held heartbeats
  ---
  duration_ms: 0.400833
  ...
# Subtest: shot notice persists three seconds independently and another failure restarts the deadline
ok 568 - shot notice persists three seconds independently and another failure restarts the deadline
  ---
  duration_ms: 0.092042
  ...
# Subtest: every candidate shape Chrome and Safari emit passes the signalling boundary
ok 569 - every candidate shape Chrome and Safari emit passes the signalling boundary
  ---
  duration_ms: 0.472083
  ...
# Subtest: descriptions from localDescription.toJSON() pass; anything else is rejected
ok 570 - descriptions from localDescription.toJSON() pass; anything else is rejected
  ---
  duration_ms: 0.211291
  ...
# Subtest: connect() while the previous socket is still CONNECTING closes it instead of orphaning it
ok 571 - connect() while the previous socket is still CONNECTING closes it instead of orphaning it
  ---
  duration_ms: 1.126667
  ...
# Subtest: connect() with no prior socket does not attempt to close anything
ok 572 - connect() with no prior socket does not attempt to close anything
  ---
  duration_ms: 0.11975
  ...
# Subtest: a real disconnect on the current socket reports status and reconnects
ok 573 - a real disconnect on the current socket reports status and reconnects
  ---
  duration_ms: 0.104667
  ...
# Subtest: send() only transmits once the current socket reports OPEN, and close() is idempotent-safe
ok 574 - send() only transmits once the current socket reports OPEN, and close() is idempotent-safe
  ---
  duration_ms: 0.100125
  ...
# Subtest: an inbound pong reports round-trip time instead of reaching onMessage
ok 575 - an inbound pong reports round-trip time instead of reaching onMessage
  ---
  duration_ms: 0.598333
  ...
# Subtest: a host error reply survives 200 ms of ticks and world frames, then the connection status returns
ok 576 - a host error reply survives 200 ms of ticks and world frames, then the connection status returns
  ---
  duration_ms: 0.911375
  ...
# Subtest: unchanged recurring status is emitted once however many ticks and frames restate it
ok 577 - unchanged recurring status is emitted once however many ticks and frames restate it
  ---
  duration_ms: 0.231666
  ...
# Subtest: the recurring status that returns after a notice is the latest one, not the one it replaced
ok 578 - the recurring status that returns after a notice is the latest one, not the one it replaced
  ---
  duration_ms: 0.114583
  ...
# Subtest: a join error survives the 500 ms join retry cadence without restating itself
ok 579 - a join error survives the 500 ms join retry cadence without restating itself
  ---
  duration_ms: 0.150792
  ...
# Subtest: a later notice replaces a live notice and extends the hold
ok 580 - a later notice replaces a live notice and extends the hold
  ---
  duration_ms: 0.093166
  ...
# Subtest: a notice raised before any connection status is never replaced by a silent refresh
ok 581 - a notice raised before any connection status is never replaced by a silent refresh
  ---
  duration_ms: 0.113833
  ...
# Subtest: a rejected input frame flashes without holding the line or hiding a real error
ok 582 - a rejected input frame flashes without holding the line or hiding a real error
  ---
  duration_ms: 0.119958
  ...
# Subtest: a terminal notice is never overwritten by recurring status or by later notices
ok 583 - a terminal notice is never overwritten by recurring status or by later notices
  ---
  duration_ms: 0.216667
  ...
# Subtest: target collection arms one normal-strength bomb and preserves volley upgrades
ok 584 - target collection arms one normal-strength bomb and preserves volley upgrades
  ---
  duration_ms: 10.020792
  ...
# Subtest: targeting requires pickup and clamps to the current safe field
ok 585 - targeting requires pickup and clamps to the current safe field
  ---
  duration_ms: 0.918417
  ...
# Subtest: cancel, rejected release and death clear preview without consuming; next round resets
ok 586 - cancel, rejected release and death clear preview without consuming; next round resets
  ---
  duration_ms: 0.959
  ...
# Subtest: queued release uses its own aim rather than a later packet in the same server tick
ok 587 - queued release uses its own aim rather than a later packet in the same server tick
  ---
  duration_ms: 0.561333
  ...
# Subtest: Target detonates on the release tick, with damage and protection resolved immediately
ok 588 - Target detonates on the release tick, with damage and protection resolved immediately
  ---
  duration_ms: 1.489375
  ...
# Subtest: instant Target blast chains nearby bombs in the same tick
ok 589 - instant Target blast chains nearby bombs in the same tick
  ---
  duration_ms: 0.856541
  ...
# Subtest: host clock replies are bound, single-use, bounded and invalidated at recovery
ok 590 - host clock replies are bound, single-use, bounded and invalidated at recovery
  ---
  duration_ms: 0.47675
  ...
# Subtest: trail clipping preserves contained geometry identity and timestamps
ok 591 - trail clipping preserves contained geometry identity and timestamps
  ---
  duration_ms: 0.48025
  ...
# Subtest: trail clipping trims crossings on every edge in both directions
ok 592 - trail clipping trims crossings on every edge in both directions
  ---
  duration_ms: 0.45775
  ...
# Subtest: trail clipping keeps closed tangent edges and corner contacts
ok 593 - trail clipping keeps closed tangent edges and corner contacts
  ---
  duration_ms: 0.068042
  ...
# Subtest: trail clipping removes exterior points, parallel lines and disjoint diagonal segments
ok 594 - trail clipping removes exterior points, parallel lines and disjoint diagonal segments
  ---
  duration_ms: 0.065708
  ...
# Subtest: overtime trims dead and living trails before collision and snapshot, retaining disconnected pieces
ok 595 - overtime trims dead and living trails before collision and snapshot, retaining disconnected pieces
  ---
  duration_ms: 9.4865
  ...
# Subtest: star, shield and portal grace bounce trails cannot start outside the newly closed field
ok 596 - star, shield and portal grace bounce trails cannot start outside the newly closed field
  ---
  duration_ms: 1.970875
  ...
# Subtest: overtime clipping preserves portal entry and exit discontinuity
ok 597 - overtime clipping preserves portal entry and exit discontinuity
  ---
  duration_ms: 1.035833
  ...
# Subtest: Worker persists an incarnation and allocates authority to the current host connection only
ok 598 - Worker persists an incarnation and allocates authority to the current host connection only
  ---
  duration_ms: 20.133375
  ...
# Subtest: Worker fences host replacement and delayed close without overlapping lease validity
ok 599 - Worker fences host replacement and delayed close without overlapping lease validity
  ---
  duration_ms: 1.815709
  ...
# Subtest: Worker renews only an active exact grant from its current host, with authenticated clock echo
ok 600 - Worker renews only an active exact grant from its current host, with authenticated clock echo
  ---
  duration_ms: 1.255125
  ...
# Subtest: Worker routes only current authenticated endpoints and includes source connection scope
ok 601 - Worker routes only current authenticated endpoints and includes source connection scope
  ---
  duration_ms: 1.869375
  ...
# Subtest: Worker serializes simultaneous host reservations and retains fencing through hibernation state
ok 602 - Worker serializes simultaneous host reservations and retains fencing through hibernation state
  ---
  duration_ms: 0.854333
  ...
# Subtest: Worker rejects malformed clock requests and bounds six active memberships while permitting replacement
ok 603 - Worker rejects malformed clock requests and bounds six active memberships while permitting replacement
  ---
  duration_ms: 3.94025
  ...
# Subtest: Worker reserves creator capacity when invitees arrive before the host
ok 604 - Worker reserves creator capacity when invitees arrive before the host
  ---
  duration_ms: 2.954083
  ...
# Subtest: Worker rejects gameplay relay even between valid host and guest sockets
ok 605 - Worker rejects gameplay relay even between valid host and guest sockets
  ---
  duration_ms: 0.973708
  ...
# Subtest: Worker expires at90seconds without host heartbeat even while guests keep sending
ok 606 - Worker expires at90seconds without host heartbeat even while guests keep sending
  ---
  duration_ms: 1.161791
  ...
# Subtest: Worker end requires host capability and code reuse clears prior authority
ok 607 - Worker end requires host capability and code reuse clears prior authority
  ---
  duration_ms: 1.67825
  ...
# Subtest: Worker current host heartbeats extend deadline while stale closes do not
ok 608 - Worker current host heartbeats extend deadline while stale closes do not
  ---
  duration_ms: 1.926083
  ...
1..608
# tests 608
# suites 0
# pass 608
# fail 0
# cancelled 0
# skipped 0
# todo 0
# duration_ms 7198.532333
--------------------------|---------|----------|---------|---------|--------------------------------
File                      | % Stmts | % Branch | % Funcs | % Lines | Uncovered Line #s              
--------------------------|---------|----------|---------|---------|--------------------------------
All files                 |   99.19 |    94.13 |   98.88 |   99.19 |                                
 client                   |     100 |    97.94 |    98.3 |     100 |                                
  audio-director.ts       |     100 |    98.38 |     100 |     100 | 77                             
  controller-keyboard.ts  |     100 |      100 |     100 |     100 |                                
  controller-pointers.ts  |     100 |    98.48 |   91.66 |     100 | 56                             
  controller-state.ts     |     100 |    98.95 |     100 |     100 | 81                             
  render-snapshot.ts      |     100 |       90 |     100 |     100 | 37-45                          
  snapshot-stream.ts      |     100 |      100 |     100 |     100 |                                
 online                   |   98.85 |    92.59 |   98.49 |   98.85 |                                
  action-replication.ts   |     100 |    89.94 |     100 |     100 | ...135,142,153,159,162,164-166 
  authority-grace.ts      |     100 |      100 |     100 |     100 |                                
  authority-status.ts     |     100 |      100 |     100 |     100 |                                
  authority.ts            |     100 |      100 |     100 |     100 |                                
  checkpoint.ts           |     100 |    92.22 |     100 |     100 | ...112,114,117-119,121,137,141 
  direct-clock.ts         |     100 |    98.98 |     100 |     100 | 75                             
  direct-control.ts       |     100 |      100 |     100 |     100 |                                
  direct-heartbeat.ts     |     100 |    95.52 |     100 |     100 | 19,86,95,100,105,107           
  direct-ingress.ts       |     100 |      100 |     100 |     100 |                                
  direct-origin.ts        |     100 |    95.58 |     100 |     100 | 53,57,69                       
  direct-room-state.ts    |     100 |    95.08 |     100 |     100 | 38,48,63,71,84,98              
  direct-segment.ts       |     100 |    90.78 |   96.42 |     100 | ...222,231,261,263,272,283,295 
  direct-stream.ts        |     100 |    98.74 |     100 |     100 | 42,159                         
  host-session.ts         |   99.49 |    89.79 |     100 |   99.49 | 41                             
  ice-config.ts           |     100 |    97.36 |     100 |     100 | 13                             
  ice-signal.ts           |     100 |       92 |     100 |     100 | 9,18                           
  keyframe-delivery.ts    |     100 |      100 |     100 |     100 |                                
  link-callback.ts        |     100 |      100 |     100 |     100 |                                
  link-diagnostics.ts     |     100 |       84 |     100 |     100 | 16,20,33,39-42                 
  link-health.ts          |     100 |      100 |     100 |     100 |                                
  link-restart.ts         |     100 |      100 |     100 |     100 |                                
  link-send-gate.ts       |     100 |      100 |     100 |     100 |                                
  local-runtime.ts        |     100 |    89.58 |     100 |     100 | 33,54,61,71-73                 
  mobile-play-policy.ts   |     100 |      100 |     100 |     100 |                                
  prediction-clock.ts     |     100 |    98.03 |     100 |     100 | 37                             
  prediction.ts           |    97.6 |    87.61 |     100 |    97.6 | 105-107                        
  recipient-ack.ts        |     100 |      100 |     100 |     100 |                                
  remote-signal.ts        |   95.34 |    94.73 |     100 |   95.34 | 36-37                          
  response-measurement.ts |     100 |    98.52 |     100 |     100 | 25                             
  rollback-world.ts       |     100 |    91.42 |     100 |     100 | ...187,210,218,226-228,235,249 
  room-lifecycle.ts       |     100 |      100 |     100 |     100 |                                
  room-socket-close.ts    |     100 |      100 |     100 |     100 |                                
  runtime.ts              |   93.37 |    88.13 |   87.87 |   93.37 | ...415,419-423,437-439,455-466 
  status-notices.ts       |     100 |      100 |     100 |     100 |                                
  world-codec.ts          |     100 |     86.4 |      90 |     100 | ...64,66,68,71-75,86,88-95,100 
 server                   |    98.2 |     92.2 |     100 |    98.2 |                                
  bomb-input.ts           |     100 |      100 |     100 |     100 |                                
  index.ts                |    97.9 |    90.95 |     100 |    97.9 | 60,74,283-286                  
 service                  |     100 |      100 |     100 |     100 |                                
  signal.ts               |     100 |      100 |     100 |     100 |                                
 shared                   |   99.59 |    96.84 |     100 |   99.59 |                                
  action-log.ts           |     100 |    96.03 |     100 |     100 | 40,44,75-76,113                
  avatars.ts              |     100 |      100 |     100 |     100 |                                
  blast-geometry.ts       |     100 |      100 |     100 |     100 |                                
  bomb-launch.ts          |     100 |      100 |     100 |     100 |                                
  bot-controller.ts       |     100 |      100 |     100 |     100 |                                
  deterministic-math.ts   |     100 |      100 |     100 |     100 |                                
  direct-input.ts         |     100 |      100 |     100 |     100 |                                
  drunk.ts                |     100 |      100 |     100 |     100 |                                
  duration-text.ts        |     100 |      100 |     100 |     100 |                                
  game.ts                 |   99.44 |    95.82 |     100 |   99.44 | 342-343,730-731,1154-1156      
  gun.ts                  |     100 |    88.23 |     100 |     100 | 26,31                          
  launch-modifiers.ts     |     100 |      100 |     100 |     100 |                                
  leaderboard.ts          |   96.63 |    94.33 |     100 |   96.63 | 46-47,89-90                    
  match-recap.ts          |     100 |    95.71 |     100 |     100 | 23,83,86                       
  match-stats.ts          |     100 |    98.36 |     100 |     100 | 181                            
  pickup-weights.ts       |     100 |       90 |     100 |     100 | 16                             
  portal.ts               |     100 |      100 |     100 |     100 |                                
  protocol.ts             |     100 |      100 |     100 |     100 |                                
  rider-motion.ts         |     100 |      100 |     100 |     100 |                                
  room-code.ts            |     100 |      100 |     100 |     100 |                                
  room-settings.ts        |     100 |    92.85 |     100 |     100 | 27                             
  shell.ts                |     100 |    93.47 |     100 |     100 | 15,47-50                       
  trail-clipping.ts       |     100 |      100 |     100 |     100 |                                
--------------------------|---------|----------|---------|---------|--------------------------------
