
> fuse-riders@1.0.0 test:coverage
> c8 tsx --test tests/*.test.ts

TAP version 13
# Subtest: accepted host actions replay complete lifecycle, bots, timeout cancellation and resets
ok 1 - accepted host actions replay complete lifecycle, bots, timeout cancellation and resets
  ---
  duration_ms: 4015.11075
  ...
# Subtest: replica game checkpoint preserves connected and charging state without host recovery sanitization
ok 2 - replica game checkpoint preserves connected and charging state without host recovery sanitization
  ---
  duration_ms: 2.573292
  ...
# Subtest: steady held input records only changes; bomb edges never persist into later ticks
ok 3 - steady held input records only changes; bomb edges never persist into later ticks
  ---
  duration_ms: 1.856833
  ...
# Subtest: MessagePack tuples and malformed operations are bounded
ok 4 - MessagePack tuples and malformed operations are bounded
  ---
  duration_ms: 2.098708
  ...
# Subtest: real encoded sender/receiver: duplicate, dropped and reordered batches repair without divergent commit
ok 5 - real encoded sender/receiver: duplicate, dropped and reordered batches repair without divergent commit
  ---
  duration_ms: 4.582916
  ...
# Subtest: invalid transaction and repeated hash mismatch never replace healthy state; fresh baseline repairs
ok 6 - invalid transaction and repeated hash mismatch never replace healthy state; fresh baseline repairs
  ---
  duration_ms: 1.693375
  ...
# Subtest: checkpoint chunk loss, reordering, corruption and timeout are bounded
ok 7 - checkpoint chunk loss, reordering, corruption and timeout are bounded
  ---
  duration_ms: 3.383083
  ...
# Subtest: decoder rejects nested allocation bombs before decoding and accepts ordinary envelopes
ok 8 - decoder rejects nested allocation bombs before decoding and accepts ordinary envelopes
  ---
  duration_ms: 6.622458
  ...
# Subtest: checkpoint and action identity validation agree, including history bounds and legal slot reuse
ok 9 - checkpoint and action identity validation agree, including history bounds and legal slot reuse
  ---
  duration_ms: 69.399375
  ...
# Subtest: newer checkpoint generations cannot erase same-tick accepted lifecycle operations
ok 10 - newer checkpoint generations cannot erase same-tick accepted lifecycle operations
  ---
  duration_ms: 1.143584
  ...
# Subtest: hash comparison survives backpressure precisely on twentieth ticks
ok 11 - hash comparison survives backpressure precisely on twentieth ticks
  ---
  duration_ms: 7.370792
  ...
# Subtest: missing middle checkpoint chunk times out, throttled pump recovers with a fresh generation
ok 12 - missing middle checkpoint chunk times out, throttled pump recovers with a fresh generation
  ---
  duration_ms: 76.072167
  ...
# Subtest: signed-zero headings and arena-coordinate bomb targets survive checkpoint suffix replay
ok 13 - signed-zero headings and arena-coordinate bomb targets survive checkpoint suffix replay
  ---
  duration_ms: 2.142709
  ...
# Subtest: host refuses a new historical identity before replay/checkpoint capacity is exceeded
ok 14 - host refuses a new historical identity before replay/checkpoint capacity is exceeded
  ---
  duration_ms: 2.812959
  ...
# Subtest: signed-zero local aim is normalized before MessagePack checkpoint and action capture
ok 15 - signed-zero local aim is normalized before MessagePack checkpoint and action capture
  ---
  duration_ms: 2.769917
  ...
# Subtest: MessagePack action changes carry full applied ticks across sparse input and bomb transitions
ok 16 - MessagePack action changes carry full applied ticks across sparse input and bomb transitions
  ---
  duration_ms: 1.959458
  ...
# Subtest: absolute action ticks above uint16 replay independently of previous held timestamps
ok 17 - absolute action ticks above uint16 replay independently of previous held timestamps
  ---
  duration_ms: 0.39325
  ...
# Subtest: action tick mismatch and legacy replay checkpoints preserve healthy receiver state
ok 18 - action tick mismatch and legacy replay checkpoints preserve healthy receiver state
  ---
  duration_ms: 1.649958
  ...
# Subtest: assets resolve once under a Pages base and preserve external URLs
ok 19 - assets resolve once under a Pages base and preserve external URLs
  ---
  duration_ms: 0.466042
  ...
# Subtest: audio requires gesture unlock, routes independent mute and volume, and tolerates refusal
ok 20 - audio requires gesture unlock, routes independent mute and volume, and tolerates refusal
  ---
  duration_ms: 0.9955
  ...
# Subtest: original score loops with bounded scheduling and no background catch-up
ok 21 - original score loops with bounded scheduling and no background catch-up
  ---
  duration_ms: 0.507292
  ...
# Subtest: authoritative effects coalesce volleys, reject stale events and baseline reconnects silently
ok 22 - authoritative effects coalesce volleys, reject stale events and baseline reconnects silently
  ---
  duration_ms: 1.664125
  ...
# Subtest: pickup cues use authoritative collection events and reconnect baseline stays silent
ok 23 - pickup cues use authoritative collection events and reconnect baseline stays silent
  ---
  duration_ms: 0.134208
  ...
# Subtest: engine emits collection once only after a real pickup is consumed
ok 24 - engine emits collection once only after a real pickup is consumed
  ---
  duration_ms: 15.596292
  ...
# Subtest: older round snapshots cannot reset scope or stop music
ok 25 - older round snapshots cannot reset scope or stop music
  ---
  duration_ms: 0.21
  ...
# Subtest: eight original scores have long arrangements, distinct melodies and bounded valid voices
ok 26 - eight original scores have long arrangements, distinct melodies and bounded valid voices
  ---
  duration_ms: 11.332917
  ...
# Subtest: playlist completes an arrangement, rotates all eight tunes and retains mute and volume
ok 27 - playlist completes an arrangement, rotates all eight tunes and retains mute and volume
  ---
  duration_ms: 0.748708
  ...
# Subtest: new rounds advance playlist once; repeated snapshots and reconnects do not rewind it
ok 28 - new rounds advance playlist once; repeated snapshots and reconnects do not rewind it
  ---
  duration_ms: 0.12075
  ...
# Subtest: enabled audio plays in the lobby and intermissions and explicit enable confirms output
ok 29 - enabled audio plays in the lobby and intermissions and explicit enable confirms output
  ---
  duration_ms: 0.105584
  ...
# Subtest: two jazz tunes swing in tempo and use soft walking bass and seventh chords
ok 30 - two jazz tunes swing in tempo and use soft walking bass and seventh chords
  ---
  duration_ms: 0.150708
  ...
# Subtest: director schedules swung offbeats without catch-up bursts
ok 31 - director schedules swung offbeats without catch-up bursts
  ---
  duration_ms: 0.10525
  ...
# Subtest: gun launch plays a layered cannon cue
ok 32 - gun launch plays a layered cannon cue
  ---
  duration_ms: 0.109791
  ...
# Subtest: a host stall over the clock threshold pauses advancing but keeps seat scopes; queued and old-scope inputs still apply
ok 33 - a host stall over the clock threshold pauses advancing but keeps seat scopes; queued and old-scope inputs still apply
  ---
  duration_ms: 18.1805
  ...
# Subtest: a single time sample above the lease guard pauses for one sample period without rotating seat scopes
ok 34 - a single time sample above the lease guard pauses for one sample period without rotating seat scopes
  ---
  duration_ms: 2.960542
  ...
# Subtest: continuous non-permission beyond the grace clears seats exactly once; a fresh certification re-arms it
ok 35 - continuous non-permission beyond the grace clears seats exactly once; a fresh certification re-arms it
  ---
  duration_ms: 38.239833
  ...
# Subtest: a lease that actually lapses under a healthy clock stops advancing at once and clears seats after the grace
ok 36 - a lease that actually lapses under a healthy clock stops advancing at once and clears seats after the grace
  ---
  duration_ms: 7.397208
  ...
# Subtest: AuthorityGrace fires once per outage, only after prior permission, and reset() scopes it to one authority
ok 37 - AuthorityGrace fires once per outage, only after prior permission, and reset() scopes it to one authority
  ---
  duration_ms: 0.288833
  ...
# Subtest: authority recovery clears a stale pause once without overwriting subsequent command errors
ok 38 - authority recovery clears a stale pause once without overwriting subsequent command errors
  ---
  duration_ms: 0.458917
  ...
# Subtest: a sustained pause announces itself once; further ticks preserve the notice on screen
ok 39 - a sustained pause announces itself once; further ticks preserve the notice on screen
  ---
  duration_ms: 0.086125
  ...
# Subtest: initial permission produces confirmed status and sustained permission stays silent
ok 40 - initial permission produces confirmed status and sustained permission stays silent
  ---
  duration_ms: 0.053833
  ...
# Subtest: ten distinct avatar ids address exactly ten atlas cells
ok 41 - ten distinct avatar ids address exactly ten atlas cells
  ---
  duration_ms: 1.274667
  ...
# Subtest: default and selected heads appear in authoritative snapshots without changing slot color
ok 42 - default and selected heads appear in authoritative snapshots without changing slot color
  ---
  duration_ms: 6.535583
  ...
# Subtest: live avatar messages only accept a known head and no player override
ok 43 - live avatar messages only accept a known head and no player override
  ---
  duration_ms: 0.138833
  ...
# Subtest: disk uses radial distance rather than bounding square or cross
ok 44 - disk uses radial distance rather than bounding square or cross
  ---
  duration_ms: 0.417
  ...
# Subtest: swept disk detects crossing, tangent, radius padding and endpoint misses
ok 45 - swept disk detects crossing, tangent, radius padding and endpoint misses
  ---
  duration_ms: 0.07
  ...
# Subtest: ordered bomb edges survive a between-tick tap, while held resends do not repeat presses
ok 46 - ordered bomb edges survive a between-tick tap, while held resends do not repeat presses
  ---
  duration_ms: 0.78675
  ...
# Subtest: interruption discards even a queued release and requires a neutral handshake
ok 47 - interruption discards even a queued release and requires a neutral handshake
  ---
  duration_ms: 0.130958
  ...
# Subtest: overflow cancels the bounded queue and a later fresh press can recover
ok 48 - overflow cancels the bounded queue and a later fresh press can recover
  ---
  duration_ms: 0.163125
  ...
# Subtest: target input preserves per-release aim despite later packets and caller mutation
ok 49 - target input preserves per-release aim despite later packets and caller mutation
  ---
  duration_ms: 0.142708
  ...
# Subtest: maps charge ticks linearly between accepted minimum and maximum
ok 50 - maps charge ticks linearly between accepted minimum and maximum
  ---
  duration_ms: 0.40925
  ...
# Subtest: projects along the release angle and clamps each coordinate to safe bounds
ok 51 - projects along the release angle and clamps each coordinate to safe bounds
  ---
  duration_ms: 0.5755
  ...
# Subtest: AI is deterministic, uses its injected random stream and never mutates the observed world
ok 52 - AI is deterministic, uses its injected random stream and never mutates the observed world
  ---
  duration_ms: 10.055792
  ...
# Subtest: AI is neutral when absent, dead, disconnected or waiting for next round
ok 53 - AI is neutral when absent, dead, disconnected or waiting for next round
  ---
  duration_ms: 0.538208
  ...
# Subtest: AI turns away from imminent walls, trails and rider paths
ok 54 - AI turns away from imminent walls, trails and rider paths
  ---
  duration_ms: 2.544958
  ...
# Subtest: AI considers expired and recent own trails, pickups, blasts, shells and drunk heading without changing physics
ok 55 - AI considers expired and recent own trails, pickups, blasts, shells and drunk heading without changing physics
  ---
  duration_ms: 0.957833
  ...
# Subtest: AI presses, holds and releases ordinary bombs through the same charge/cooldown rules
ok 56 - AI presses, holds and releases ordinary bombs through the same charge/cooldown rules
  ---
  duration_ms: 3.74975
  ...
# Subtest: AI target/gun/shell shots use normal input actions and target aim is bounded
ok 57 - AI target/gun/shell shots use normal input actions and target aim is bounded
  ---
  duration_ms: 11.975292
  ...
# Subtest: Host alone can manage AI, five shared slots are enforced, and a solo host can start
ok 58 - Host alone can manage AI, five shared slots are enforced, and a solo host can start
  ---
  duration_ms: 1.197916
  ...
# Subtest: AI arriving during a match waits and appears in the next round without a timed click
ok 59 - AI arriving during a match waits and appears in the next round without a timed click
  ---
  duration_ms: 86.0455
  ...
# Subtest: AI removal/reset frees its slot without converting humans or reusing old bot identity
ok 60 - AI removal/reset frees its slot without converting humans or reusing old bot identity
  ---
  duration_ms: 0.319042
  ...
# Subtest: Checkpoint v3 restores only validated bot ownership and rejects malformed registries atomically
ok 61 - Checkpoint v3 restores only validated bot ownership and rejects malformed registries atomically
  ---
  duration_ms: 5.676709
  ...
# Subtest: visual projection uses authoritative tick spacing during packet bursts
ok 62 - visual projection uses authoritative tick spacing during packet bursts
  ---
  duration_ms: 0.630458
  ...
# Subtest: visual projection freezes after 50 ms and never projects death or non-playing phases
ok 63 - visual projection freezes after 50 ms and never projects death or non-playing phases
  ---
  duration_ms: 0.083458
  ...
# Subtest: visual projection does not cross round, match, membership or timestamp boundaries
ok 64 - visual projection does not cross round, match, membership or timestamp boundaries
  ---
  duration_ms: 0.091
  ...
# Subtest: visual projection snaps a portal transit and resumes on the next ordinary movement pair
ok 65 - visual projection snaps a portal transit and resumes on the next ordinary movement pair
  ---
  duration_ms: 0.077834
  ...
# Subtest: multitouch retains a control until its final pointer releases
ok 66 - multitouch retains a control until its final pointer releases
  ---
  duration_ms: 0.782333
  ...
# Subtest: fast bomb tap and cancellation always send the falling edge
ok 67 - fast bomb tap and cancellation always send the falling edge
  ---
  duration_ms: 0.309333
  ...
# Subtest: pointer cancellation never launches and lost capture after release is a no-op
ok 68 - pointer cancellation never launches and lost capture after release is a no-op
  ---
  duration_ms: 0.193417
  ...
# Subtest: reconnect can force a neutral sample to rearm bomb edges
ok 69 - reconnect can force a neutral sample to rearm bomb edges
  ---
  duration_ms: 0.129958
  ...
# Subtest: held-state resend advances sequence while idle resend stays silent
ok 70 - held-state resend advances sequence while idle resend stays silent
  ---
  duration_ms: 1.139875
  ...
# Subtest: snapshot acceptance handles opaque match ids without lexicographic ordering
ok 71 - snapshot acceptance handles opaque match ids without lexicographic ordering
  ---
  duration_ms: 0.203083
  ...
# Subtest: snapshot acceptance rejects an older round in the active match
ok 72 - snapshot acceptance rejects an older round in the active match
  ---
  duration_ms: 0.284458
  ...
# Subtest: target preview projects for at most one tick and stays inside the arena
ok 73 - target preview projects for at most one tick and stays inside the arena
  ---
  duration_ms: 0.220541
  ...
# Subtest: shell visuals advance between server ticks and reflect off walls without changing authority
ok 74 - shell visuals advance between server ticks and reflect off walls without changing authority
  ---
  duration_ms: 0.246667
  ...
# Subtest: public smoke exercises real gateway socket boundaries and emits no credentials
ok 75 - public smoke exercises real gateway socket boundaries and emits no credentials
  ---
  duration_ms: 43.60275
  ...
# Subtest: public smoke stops on broken CORS and reports only a safe check label
ok 76 - public smoke stops on broken CORS and reports only a safe check label
  ---
  duration_ms: 7.445833
  ...
# Subtest: public smoke rejects plaintext and credential-bearing production origins before requests
ok 77 - public smoke rejects plaintext and credential-bearing production origins before requests
  ---
  duration_ms: 3043.99725
  ...
# Subtest: arrows share held state and Space emits exactly one press and release despite repeats
ok 78 - arrows share held state and Space emits exactly one press and release despite repeats
  ---
  duration_ms: 1.10325
  ...
# Subtest: pointer ownership survives keyboard release and cancellation
ok 79 - pointer ownership survives keyboard release and cancellation
  ---
  duration_ms: 0.113375
  ...
# Subtest: menu/focus/visibility cancellation never fires and repeat after reset cannot restart charge
ok 80 - menu/focus/visibility cancellation never fires and repeat after reset cannot restart charge
  ---
  duration_ms: 0.101292
  ...
# Subtest: blocked and unrelated keys retain normal browser handling
ok 81 - blocked and unrelated keys retain normal browser handling
  ---
  duration_ms: 0.058792
  ...
# Subtest: blocked new key clears previously held keys without releasing a bomb
ok 82 - blocked new key clears previously held keys without releasing a bomb
  ---
  duration_ms: 0.118208
  ...
# Subtest: browser modifier shortcuts remain untouched while keyup releases an earlier plain hold
ok 83 - browser modifier shortcuts remain untouched while keyup releases an earlier plain hold
  ---
  duration_ms: 0.119584
  ...
# Subtest: A and D aliases retain independent held ownership from arrow keys
ok 84 - A and D aliases retain independent held ownership from arrow keys
  ---
  duration_ms: 0.075333
  ...
# Subtest: keyboard ArrowLeft/ArrowRight and Space share serialized steering and charge/release semantics
ok 85 - keyboard ArrowLeft/ArrowRight and Space share serialized steering and charge/release semantics
  ---
  duration_ms: 1.377166
  ...
# Subtest: keyboard KeyA/KeyD and Space share serialized steering and charge/release semantics
ok 86 - keyboard KeyA/KeyD and Space share serialized steering and charge/release semantics
  ---
  duration_ms: 0.13875
  ...
# Subtest: arrow and letter aliases keep steering until both keys are released
ok 87 - arrow and letter aliases keep steering until both keys are released
  ---
  duration_ms: 0.300542
  ...
# Subtest: keyboard and pointer holds do not release each other
ok 88 - keyboard and pointer holds do not release each other
  ---
  duration_ms: 0.280208
  ...
# Subtest: focus/lifecycle cancellation never fires or reactivates a held key on repeat
ok 89 - focus/lifecycle cancellation never fires or reactivates a held key on repeat
  ---
  duration_ms: 0.276042
  ...
# Subtest: typing, disabled contexts and browser shortcuts are left alone, but keyup still releases
ok 90 - typing, disabled contexts and browser shortcuts are left alone, but keyup still releases
  ---
  duration_ms: 0.184917
  ...
# Subtest: recycled pointer ownership cancels old steering and makes both buttons reusable
ok 91 - recycled pointer ownership cancels old steering and makes both buttons reusable
  ---
  duration_ms: 0.153667
  ...
# Subtest: global release works if capture throws and leaves simultaneous touches intact
ok 92 - global release works if capture throws and leaves simultaneous touches intact
  ---
  duration_ms: 0.111791
  ...
# Subtest: lost capture and clear cancel charge without accidental release, then recover immediately
ok 93 - lost capture and clear cancel charge without accidental release, then recover immediately
  ---
  duration_ms: 0.129459
  ...
# Subtest: disabled buttons, unrelated capture loss, right clicks and duplicate terminal events do nothing
ok 94 - disabled buttons, unrelated capture loss, right clicks and duplicate terminal events do nothing
  ---
  duration_ms: 0.624417
  ...
# Subtest: input model independently repairs pointer reassignment and preserves duplicate down
ok 95 - input model independently repairs pointer reassignment and preserves duplicate down
  ---
  duration_ms: 0.094917
  ...
# Subtest: held drag enters, switches and exits buttons without tapping; hovering does not press
ok 96 - held drag enters, switches and exits buttons without tapping; hovering does not press
  ---
  duration_ms: 0.204834
  ...
# Subtest: Target aim keeps its thumb while sliding across other controls
ok 97 - Target aim keeps its thumb while sliding across other controls
  ---
  duration_ms: 0.556208
  ...
# Subtest: cancelled or cleared contacts cannot slide-reactivate before lifting
ok 98 - cancelled or cleared contacts cannot slide-reactivate before lifting
  ---
  duration_ms: 0.187
  ...
# Subtest: target trackpad uses relative motion, throttles packets and sends final release coordinates
ok 99 - target trackpad uses relative motion, throttles packets and sends final release coordinates
  ---
  duration_ms: 0.985583
  ...
# Subtest: aim clamps the board and other fingers cannot move it; cancellation clears it
ok 100 - aim clamps the board and other fingers cannot move it; cancellation clears it
  ---
  duration_ms: 0.136167
  ...
# Subtest: second Fire contact inherits aim without a jump, refresh does not reset active aim
ok 101 - second Fire contact inherits aim without a jump, refresh does not reset active aim
  ---
  duration_ms: 0.080292
  ...
# Subtest: ordinary controls send no aim and invalid positions do not corrupt it
ok 102 - ordinary controls send no aim and invalid positions do not corrupt it
  ---
  duration_ms: 0.0735
  ...
# Subtest: host intention waits for permission, latest wins, expires and cannot cross authority reset
ok 103 - host intention waits for permission, latest wins, expires and cannot cross authority reset
  ---
  duration_ms: 0.737125
  ...
# Subtest: wire actions use full uint32 ticks and strict bounded MessagePack tuples
ok 104 - wire actions use full uint32 ticks and strict bounded MessagePack tuples
  ---
  duration_ms: 1.78225
  ...
# Subtest: independent stream fills holes, permits older repairs after watermark, ignores reordered watermarks
ok 105 - independent stream fills holes, permits older repairs after watermark, ignores reordered watermarks
  ---
  duration_ms: 0.380167
  ...
# Subtest: conflicting IDs, incomparable promises, chronological inversion and reused gesture are atomic faults
ok 106 - conflicting IDs, incomparable promises, chronological inversion and reused gesture are atomic faults
  ---
  duration_ms: 0.345708
  ...
# Subtest: whole world advances with no action packets, then bounded rollback exactly reconstructs late actions
ok 107 - whole world advances with no action packets, then bounded rollback exactly reconstructs late actions
  ---
  duration_ms: 59.205708
  ...
# Subtest: all same-tick press/release packet permutations yield exactly one identical shot
ok 108 - all same-tick press/release packet permutations yield exactly one identical shot
  ---
  duration_ms: 36.94875
  ...
# Subtest: replacement press restarts charge; old release cannot fire the newer gesture
ok 109 - replacement press restarts charge; old release cannot fire the newer gesture
  ---
  duration_ms: 3.723167
  ...
# Subtest: missing press never invents charge; cancel and aiming preserve per-action target order
ok 110 - missing press never invents charge; cancel and aiming preserve per-action target order
  ---
  duration_ms: 44.469917
  ...
# Subtest: idle repair delivers a lost final release; receipt loss never duplicates shots
ok 111 - idle repair delivers a lost final release; receipt loss never duplicates shots
  ---
  duration_ms: 5.117041
  ...
# Subtest: origin immediately sends newest plus old gap records; backpressure repair is paced and bounded
ok 112 - origin immediately sends newest plus old gap records; backpressure repair is paced and bounded
  ---
  duration_ms: 12.248083
  ...
# Subtest: finality waits for cross-channel input gaps, then emits derived effects exactly once
ok 113 - finality waits for cross-channel input gaps, then emits derived effects exactly once
  ---
  duration_ms: 27.778375
  ...
# Subtest: finalized bootstrap uses applied prefixes, leaving already received future actions for suffix replay
ok 114 - finalized bootstrap uses applied prefixes, leaving already received future actions for suffix replay
  ---
  duration_ms: 31.060833
  ...
# Subtest: speculation pauses at its fixed bound and resumes after verified finality
ok 115 - speculation pauses at its fixed bound and resumes after verified finality
  ---
  duration_ms: 31.069708
  ...
# Subtest: malformed/future/wrong-owner/stale-segment messages do not alter healthy world
ok 116 - malformed/future/wrong-owner/stale-segment messages do not alter healthy world
  ---
  duration_ms: 11.23925
  ...
# Subtest: invalid bootstrap, changed rules, corrupt state and wrong scope never instantiate a replica
ok 117 - invalid bootstrap, changed rules, corrupt state and wrong scope never instantiate a replica
  ---
  duration_ms: 14.760667
  ...
# Subtest: encoded history budget rejects growth atomically rather than discarding rollback dependencies
ok 118 - encoded history budget rejects growth atomically rather than discarding rollback dependencies
  ---
  duration_ms: 4.561791
  ...
# Subtest: six independently advancing replicas converge through delayed/reordered delivery for five streams
ok 119 - six independently advancing replicas converge through delayed/reordered delivery for five streams
  ---
  duration_ms: 6004.05675
  ...
# Subtest: new completeness cuts preserve older promises and already certified progress
ok 120 - new completeness cuts preserve older promises and already certified progress
  ---
  duration_ms: 0.188209
  ...
# Subtest: watermark cuts, including empty periods, have a hard retention bound
ok 121 - watermark cuts, including empty periods, have a hard retention bound
  ---
  duration_ms: 0.664166
  ...
# Subtest: bootstrap rejects a rehashed impossible gesture state, not only corrupt hashes
ok 122 - bootstrap rejects a rehashed impossible gesture state, not only corrupt hashes
  ---
  duration_ms: 1.234292
  ...
# Subtest: older complete finality advances while newer certificates still await input repair
ok 123 - older complete finality advances while newer certificates still await input repair
  ---
  duration_ms: 23.773958
  ...
# Subtest: pending certificates normalize prefix order and reject conflicts without bypassing a bad older hash
ok 124 - pending certificates normalize prefix order and reject conflicts without bypassing a bad older hash
  ---
  duration_ms: 9.860833
  ...
# Subtest: pending finality has a forty-tick bound and encoded-byte admission is atomic
ok 125 - pending finality has a forty-tick bound and encoded-byte admission is atomic
  ---
  duration_ms: 9.715833
  ...
# Subtest: lost receipts retain the oldest gap without starving rotation through the unacknowledged tail
ok 126 - lost receipts retain the oldest gap without starving rotation through the unacknowledged tail
  ---
  duration_ms: 0.557833
  ...
# Subtest: delivery exact cuts exclude future groups and cannot contradict retained actions
ok 127 - delivery exact cuts exclude future groups and cannot contradict retained actions
  ---
  duration_ms: 0.10875
  ...
# Subtest: remote future staging derives from both clock uncertainties without extending the execution horizon
ok 128 - remote future staging derives from both clock uncertainties without extending the execution horizon
  ---
  duration_ms: 13.281792
  ...
# Subtest: recovery distinguishes invalid action admission from verified finality disagreement
ok 129 - recovery distinguishes invalid action admission from verified finality disagreement
  ---
  duration_ms: 3.696041
  ...
# Subtest: combined progress rejects late conflicts atomically, including pending finality and events
ok 130 - combined progress rejects late conflicts atomically, including pending finality and events
  ---
  duration_ms: 11.423
  ...
# Subtest: compact control admits only complete bounded clock and finality schemas
ok 131 - compact control admits only complete bounded clock and finality schemas
  ---
  duration_ms: 1.599375
  ...
# Subtest: each pair elects one initiator, with the follower initiating clock exchanges
ok 132 - each pair elects one initiator, with the follower initiating clock exchanges
  ---
  duration_ms: 0.457042
  ...
# Subtest: quiet healthy pairs exchange one request/reply per second and confirm both directions
ok 133 - quiet healthy pairs exchange one request/reply per second and confirm both directions
  ---
  duration_ms: 4.134791
  ...
# Subtest: lost replies and rejected enqueues retry with fresh IDs then return to the quiet cadence
ok 134 - lost replies and rejected enqueues retry with fresh IDs then return to the quiet cadence
  ---
  duration_ms: 0.98425
  ...
# Subtest: one-sided loss cannot keep the responder healthy with fresh requests alone
ok 135 - one-sided loss cannot keep the responder healthy with fresh requests alone
  ---
  duration_ms: 20.269917
  ...
# Subtest: replayed or reordered heartbeat IDs cannot reinstall data or refresh acknowledgement time
ok 136 - replayed or reordered heartbeat IDs cannot reinstall data or refresh acknowledgement time
  ---
  duration_ms: 0.31725
  ...
# Subtest: late or unsolicited replies cannot qualify a clock or link
ok 137 - late or unsolicited replies cannot qualify a clock or link
  ---
  duration_ms: 0.165042
  ...
# Subtest: shape, nested alias/nonce, role and byte checks precede application acceptance
ok 138 - shape, nested alias/nonce, role and byte checks precede application acceptance
  ---
  duration_ms: 0.46275
  ...
# Subtest: a rejected application candidate consumes no incoming identity or health evidence
ok 139 - a rejected application candidate consumes no incoming identity or health evidence
  ---
  duration_ms: 0.136417
  ...
# Subtest: fast qualification is bounded, stop clears attempts, and sequence exhaustion never wraps
ok 140 - fast qualification is bounded, stop clears attempts, and sequence exhaustion never wraps
  ---
  duration_ms: 1.348291
  ...
# Subtest: maximum integer cuts, receipts and certificate fit the complete fast packet budget
ok 141 - maximum integer cuts, receipts and certificate fit the complete fast packet budget
  ---
  duration_ms: 0.377417
  ...
# Subtest: non-clock pairs accept delayed liveness evidence only within its 2.5 second window
ok 142 - non-clock pairs accept delayed liveness evidence only within its 2.5 second window
  ---
  duration_ms: 0.196417
  ...
# Subtest: stopping a scope inside application callbacks prevents sends and acknowledgement installation
ok 143 - stopping a scope inside application callbacks prevents sends and acknowledgement installation
  ---
  duration_ms: 0.143083
  ...
# Subtest: synchronous request and reply delivery preserves pending correlation and quiet cadence
ok 144 - synchronous request and reply delivery preserves pending correlation and quiet cadence
  ---
  duration_ms: 0.186792
  ...
# Subtest: a responder stopped while constructing or sending its reply cannot establish remote proof
ok 145 - a responder stopped while constructing or sending its reply cannot establish remote proof
  ---
  duration_ms: 1.695458
  ...
# Subtest: one-second exchanges carry real correlated clock samples without separate probes
ok 146 - one-second exchanges carry real correlated clock samples without separate probes
  ---
  duration_ms: 4.423708
  ...
# Subtest: immutable roster permissions authorize disjoint action and receipt slot flows
ok 147 - immutable roster permissions authorize disjoint action and receipt slot flows
  ---
  duration_ms: 0.601292
  ...
# Subtest: flow burst and refill are exact, and repeated binding never refills them
ok 148 - flow burst and refill are exact, and repeated binding never refills them
  ---
  duration_ms: 24.69875
  ...
# Subtest: five legitimate100Hz stream flows preserve their separate liveness allowance
ok 149 - five legitimate100Hz stream flows preserve their separate liveness allowance
  ---
  duration_ms: 2.966042
  ...
# Subtest: liveness has a reserved burst even when all five flow bursts are used
ok 150 - liveness has a reserved burst even when all five flow bursts are used
  ---
  duration_ms: 0.359041
  ...
# Subtest: packet limits apply before parsing and the association budget survives alias changes
ok 151 - packet limits apply before parsing and the association budget survives alias changes
  ---
  duration_ms: 0.506041
  ...
# Subtest: one aggregate consumes one reserved token after every nested slot is authorized
ok 152 - one aggregate consumes one reserved token after every nested slot is authorized
  ---
  duration_ms: 0.189708
  ...
# Subtest: held controls emit only edges, with independent wire and UI sequence numbering
ok 153 - held controls emit only edges, with independent wire and UI sequence numbering
  ---
  duration_ms: 1.235333
  ...
# Subtest: a local change group is atomic until the caller installs the candidate
ok 154 - a local change group is atomic until the caller installs the candidate
  ---
  duration_ms: 1.151667
  ...
# Subtest: all subscriber candidates admit a full group before bytes, and failed enqueue retains it for repair
ok 155 - all subscriber candidates admit a full group before bytes, and failed enqueue retains it for repair
  ---
  duration_ms: 0.502708
  ...
# Subtest: press replacement, missing press, release and neutral cancellation preserve gesture semantics
ok 156 - press replacement, missing press, release and neutral cancellation preserve gesture semantics
  ---
  duration_ms: 0.110583
  ...
# Subtest: origin exact cuts cannot cover future actions or permit a later action before the cut
ok 157 - origin exact cuts cannot cover future actions or permit a later action before the cut
  ---
  duration_ms: 0.145833
  ...
# Subtest: invalid local frames and exhausted ticks consume neither revisions nor actions
ok 158 - invalid local frames and exhausted ticks consume neither revisions nor actions
  ---
  duration_ms: 0.199417
  ...
# Subtest: future start requires coordinator confirmation, and both clocks advance without gameplay packets
ok 159 - future start requires coordinator confirmation, and both clocks advance without gameplay packets
  ---
  duration_ms: 0.574417
  ...
# Subtest: lowest RTT filtering tolerates valid asymmetric delay without a false four-tick fault
ok 160 - lowest RTT filtering tolerates valid asymmetric delay without a false four-tick fault
  ---
  duration_ms: 2.503791
  ...
# Subtest: running clock slews in either direction at one tick per second and never moves backward
ok 161 - running clock slews in either direction at one tick per second and never moves backward
  ---
  duration_ms: 0.266167
  ...
# Subtest: scope fences, expired and reordered replies cannot move time or refresh readiness
ok 162 - scope fences, expired and reordered replies cannot move time or refresh readiness
  ---
  duration_ms: 14.33925
  ...
# Subtest: discrepancy and monotonic-clock faults stay latched, including on the coordinator
ok 163 - discrepancy and monotonic-clock faults stay latched, including on the coordinator
  ---
  duration_ms: 0.376709
  ...
# Subtest: stale baseline recovery remains conservative, and a failed release cannot revive after a fresh sample
ok 164 - stale baseline recovery remains conservative, and a failed release cannot revive after a fresh sample
  ---
  duration_ms: 4.066167
  ...
# Subtest: origin bounds unpublished tick frontiers and publishing a cut restores capacity atomically
ok 165 - origin bounds unpublished tick frontiers and publishing a cut restores capacity atomically
  ---
  duration_ms: 0.463459
  ...
# Subtest: expiry cannot turn an uncertain idle clock into a qualified projection
ok 166 - expiry cannot turn an uncertain idle clock into a qualified projection
  ---
  duration_ms: 0.110209
  ...
# Subtest: uncertainty admission persists even when no read occurs before samples expire
ok 167 - uncertainty admission persists even when no read occurs before samples expire
  ---
  duration_ms: 0.1385
  ...
# Subtest: heartbeat nonces are unique, bounded and correlated with pending clock samples
ok 168 - heartbeat nonces are unique, bounded and correlated with pending clock samples
  ---
  duration_ms: 0.119625
  ...
# Subtest: quiet clock projection grows drift uncertainty and retains it after sample expiry
ok 169 - quiet clock projection grows drift uncertainty and retains it after sample expiry
  ---
  duration_ms: 0.084375
  ...
# Subtest: drift during an asymmetric clock exchange remains inside the reported interval
ok 170 - drift during an asymmetric clock exchange remains inside the reported interval
  ---
  duration_ms: 0.073125
  ...
# Subtest: a prepared clock reply cannot consume the live nonce until its whole aggregate is adopted
ok 171 - a prepared clock reply cannot consume the live nonce until its whole aggregate is adopted
  ---
  duration_ms: 0.1175
  ...
# Subtest: initial room preparation accepts tick-stamped snapshots and rejects unknown snapshot fields
ok 172 - initial room preparation accepts tick-stamped snapshots and rejects unknown snapshot fields
  ---
  duration_ms: 7.2895
  ...
# Subtest: lifecycle changes reproduce validated management operations with neutral input state
ok 173 - lifecycle changes reproduce validated management operations with neutral input state
  ---
  duration_ms: 21.957458
  ...
# Subtest: lifecycle checkpoint validation fences the actual old state and leaves healthy state untouched
ok 174 - lifecycle checkpoint validation fences the actual old state and leaves healthy state untouched
  ---
  duration_ms: 9.721333
  ...
# Subtest: controller status contains no world geometry and cannot change stream ownership
ok 175 - controller status contains no world geometry and cannot change stream ownership
  ---
  duration_ms: 6.090417
  ...
# Subtest: room catalogs and delegation validate identities and mode-specific simulator ownership
ok 176 - room catalogs and delegation validate identities and mode-specific simulator ownership
  ---
  duration_ms: 14.037208
  ...
# Subtest: played lobby catalog reconstructs the exact nonzero-tick checkpoint and ordered historical scores
ok 177 - played lobby catalog reconstructs the exact nonzero-tick checkpoint and ordered historical scores
  ---
  duration_ms: 2.458833
  ...
# Subtest: full-view preparation rejects a valid checkpoint paired with a different phase, round or status
ok 178 - full-view preparation rejects a valid checkpoint paired with a different phase, round or status
  ---
  duration_ms: 18.553834
  ...
# Subtest: runtime activates direct simulators, starts a match and sends actions directly between guests
ok 179 - runtime activates direct simulators, starts a match and sends actions directly between guests
  ---
  duration_ms: 270.885083
  ...
# Subtest: a failed first recovery enqueue is retried and replaces the paused segment
ok 180 - a failed first recovery enqueue is retried and replaces the paused segment
  ---
  duration_ms: 129.735792
  ...
# Subtest: an unavailable recovery coordinator produces a bounded visible fresh-lobby state
ok 181 - an unavailable recovery coordinator produces a bounded visible fresh-lobby state
  ---
  duration_ms: 173.515583
  ...
# Subtest: a release without a usable tick freezes its gesture before a fresh clock can resume input
ok 182 - a release without a usable tick freezes its gesture before a fresh clock can resume input
  ---
  duration_ms: 330.82325
  ...
# Subtest: a refreshed delegated TV without a simulation base pauses instead of creating a new match
ok 183 - a refreshed delegated TV without a simulation base pauses instead of creating a new match
  ---
  duration_ms: 46.5105
  ...
# Subtest: creator refresh in a settled lobby preserves the checkpoint and can switch to shared TV mode
ok 184 - creator refresh in a settled lobby preserves the checkpoint and can switch to shared TV mode
  ---
  duration_ms: 376.409417
  ...
# Subtest: a refreshed guest can rejoin with a fresh command sequence on its replacement connection
ok 185 - a refreshed guest can rejoin with a fresh command sequence on its replacement connection
  ---
  duration_ms: 89.520334
  ...
# Subtest: four healthy connection rebuilds do not consume the corrupt-state recovery budget
ok 186 - four healthy connection rebuilds do not consume the corrupt-state recovery budget
  ---
  duration_ms: 228.418333
  ...
# Subtest: a running recovery episode cannot reset its deadline through clock readiness without finality
ok 187 - a running recovery episode cannot reset its deadline through clock readiness without finality
  ---
  duration_ms: 383.836084
  ...
# Subtest: a delegated coordinator stops retrying an unavailable creator after the plan-request deadline
ok 188 - a delegated coordinator stops retrying an unavailable creator after the plan-request deadline
  ---
  duration_ms: 64.953625
  ...
# Subtest: a delayed current-alias activation cannot resume a latched recovery timeout
ok 189 - a delayed current-alias activation cannot resume a latched recovery timeout
  ---
  duration_ms: 336.765042
  ...
# Subtest: a guest returns after a service-observed departure and lobby seat removal
ok 190 - a guest returns after a service-observed departure and lobby seat removal
  ---
  duration_ms: 76.775541
  ...
# Subtest: invalid future actions do not consume the checkpoint and hash recovery budget
ok 191 - invalid future actions do not consume the checkpoint and hash recovery budget
  ---
  duration_ms: 147.074959
  ...
# Subtest: conflicting metadata for an installed preparation charges one corrupt recovery attempt
ok 192 - conflicting metadata for an installed preparation charges one corrupt recovery attempt
  ---
  duration_ms: 66.054208
  ...
# Subtest: checkpoint backpressure pauses preparation and resumes the same transfer after drain
ok 193 - checkpoint backpressure pauses preparation and resumes the same transfer after drain
  ---
  duration_ms: 66.7805
  ...
# Subtest: persistent checkpoint backpressure cannot extend the recovery deadline indefinitely
ok 194 - persistent checkpoint backpressure cannot extend the recovery deadline indefinitely
  ---
  duration_ms: 304.755334
  ...
# Subtest: new creator plans cannot postpone an unfinished guest recovery episode indefinitely
ok 195 - new creator plans cannot postpone an unfinished guest recovery episode indefinitely
  ---
  duration_ms: 250.4285
  ...
# Subtest: an accepted plan without a preparation header times out visibly
ok 196 - an accepted plan without a preparation header times out visibly
  ---
  duration_ms: 249.406167
  ...
# Subtest: new plans without any headers cannot restart the guest availability deadline
ok 197 - new plans without any headers cannot restart the guest availability deadline
  ---
  duration_ms: 248.666083
  ...
# Subtest: settled room metadata stops repeating until a lifecycle change
ok 198 - settled room metadata stops repeating until a lifecycle change
  ---
  duration_ms: 88.605833
  ...
# Subtest: a rejected plan enqueue and missing acknowledgement retry without reinstalling the plan
ok 199 - a rejected plan enqueue and missing acknowledgement retry without reinstalling the plan
  ---
  duration_ms: 73.309708
  ...
# Subtest: stale and foreign acknowledgements cannot stop paced plan delivery, even with duplicate hellos
ok 200 - stale and foreign acknowledgements cannot stop paced plan delivery, even with duplicate hellos
  ---
  duration_ms: 56.8155
  ...
# Subtest: only an identical current plan duplicate receives another delivery acknowledgement
ok 201 - only an identical current plan duplicate receives another delivery acknowledgement
  ---
  duration_ms: 57.565333
  ...
# Subtest: delegated setup request retries do not resend an already acknowledged room plan
ok 202 - delegated setup request retries do not resend an already acknowledged room plan
  ---
  duration_ms: 40.618792
  ...
# Subtest: an intentionally idle shared lobby does not keep a previous simulation recovery deadline running
ok 203 - an intentionally idle shared lobby does not keep a previous simulation recovery deadline running
  ---
  duration_ms: 267.73625
  ...
# Subtest: freezing a runtime deactivates its installed alias before another preparation
ok 204 - freezing a runtime deactivates its installed alias before another preparation
  ---
  duration_ms: 59.985292
  ...
# Subtest: six live segments independently advance and finalize continuous inputs under loss and reordering
ok 205 - six live segments independently advance and finalize continuous inputs under loss and reordering
  ---
  duration_ms: 1708.747833
  ...
# Subtest: shared TV is the only simulator while five controller origins send directly to it
ok 206 - shared TV is the only simulator while five controller origins send directly to it
  ---
  duration_ms: 45.609625
  ...
# Subtest: coordinator traffic is unnecessary for immediate peer actions, then clock/finality loss pauses safely
ok 207 - coordinator traffic is unnecessary for immediate peer actions, then clock/finality loss pauses safely
  ---
  duration_ms: 174.665708
  ...
# Subtest: provisional eliminations cannot publish death or placements before verified finality
ok 208 - provisional eliminations cannot publish death or placements before verified finality
  ---
  duration_ms: 3.203417
  ...
# Subtest: controller finality is coordinator-scoped and conflicting progress cannot overwrite the accepted fence
ok 209 - controller finality is coordinator-scoped and conflicting progress cannot overwrite the accepted fence
  ---
  duration_ms: 7.300792
  ...
# Subtest: asymmetric clock samples and opposite follower errors retain valid future actions without executing early
ok 210 - asymmetric clock samples and opposite follower errors retain valid future actions without executing early
  ---
  duration_ms: 346.310292
  ...
# Subtest: initial progress grace is bounded and replayed base cuts cannot postpone it
ok 211 - initial progress grace is bounded and replayed base cuts cannot postpone it
  ---
  duration_ms: 100.364042
  ...
# Subtest: replayed progress cannot prevent bounded synchronization when an origin falls silent
ok 212 - replayed progress cannot prevent bounded synchronization when an origin falls silent
  ---
  duration_ms: 171.972041
  ...
# Subtest: uncertain clocks stop input, cuts and world advancement, and a failed release never revives
ok 213 - uncertain clocks stop input, cuts and world advancement, and a failed release never revives
  ---
  duration_ms: 2.378083
  ...
# Subtest: quiet gameplay has one heartbeat exchange per pair per second and no idle action or clock loop
ok 214 - quiet gameplay has one heartbeat exchange per pair per second and no idle action or clock loop
  ---
  duration_ms: 2889.939292
  ...
# {"durationMs":10000,"counts":{"pulse":300,"final":50},"applicationUploadBytesPerSecond":[{"peer":"p0","bytes":611},{"peer":"p1","bytes":101},{"peer":"p2","bytes":101},{"peer":"p3","bytes":101},{"peer":"p4","bytes":101},{"peer":"tv","bytes":79}]}
# Subtest: a heartbeat with an unauthorized nested receipt cannot install its otherwise valid cut
ok 215 - a heartbeat with an unauthorized nested receipt cannot install its otherwise valid cut
  ---
  duration_ms: 18.247625
  ...
# Subtest: newer or duplicate confirmation requests cannot postpone failed delivery expiry
ok 216 - newer or duplicate confirmation requests cannot postpone failed delivery expiry
  ---
  duration_ms: 0.550584
  ...
# Subtest: a reordered old piggyback receipt does not discard a fresh clock sample
ok 217 - a reordered old piggyback receipt does not discard a fresh clock sample
  ---
  duration_ms: 0.416542
  ...
# Subtest: countdown transition is publicly confirmed promptly between periodic certificate ticks
ok 218 - countdown transition is publicly confirmed promptly between periodic certificate ticks
  ---
  duration_ms: 24.357917
  ...
# Subtest: an enqueued but lost certificate pulse cannot cancel reliable finality retry
ok 219 - an enqueued but lost certificate pulse cannot cancel reliable finality retry
  ---
  duration_ms: 7.862375
  ...
# Subtest: integrated sway remains within 15 degrees and leaves zero heading drift for many seeded effects
ok 220 - integrated sway remains within 15 degrees and leaves zero heading drift for many seeded effects
  ---
  duration_ms: 30.278125
  ...
# Subtest: two-second cycle preserves phase during refresh and smooth onset/expiry
ok 221 - two-second cycle preserves phase during refresh and smooth onset/expiry
  ---
  duration_ms: 0.13525
  ...
# Subtest: engine adds bounded sway to ordinary steering and restores intended heading at expiry
ok 222 - engine adds bounded sway to ordinary steering and restores intended heading at expiry
  ---
  duration_ms: 10.640083
  ...
# Subtest: late refresh stays bounded and leaves no residual at the extended deadline
ok 223 - late refresh stays bounded and leaves no residual at the extended deadline
  ---
  duration_ms: 0.144167
  ...
# Subtest: durationText rounds whole seconds before splitting minutes so 59.95s never renders as "60s"
ok 224 - durationText rounds whole seconds before splitting minutes so 59.95s never renders as "60s"
  ---
  duration_ms: 0.396
  ...
# Subtest: spawns two through five players evenly on a circle with clockwise tangent headings
ok 225 - spawns two through five players evenly on a circle with clockwise tangent headings
  ---
  duration_ms: 1.389958
  ...
# Subtest: replaying the same accepted inputs produces the same snapshots and events
ok 226 - replaying the same accepted inputs produces the same snapshots and events
  ---
  duration_ms: 74.345542
  ...
# Subtest: trail segments remain active through T+159 and expire exactly at T+160
ok 227 - trail segments remain active through T+159 and expire exactly at T+160
  ---
  duration_ms: 0.538583
  ...
# Subtest: a due blast removes an intersecting segment before trail collision
ok 228 - a due blast removes an intersecting segment before trail collision
  ---
  duration_ms: 0.570084
  ...
# Subtest: swept movement collides with an old trail even when the endpoint has crossed it
ok 229 - swept movement collides with an old trail even when the endpoint has crossed it
  ---
  duration_ms: 0.446792
  ...
# Subtest: recent self trail is ignored but becomes lethal at the exact grace boundary
ok 230 - recent self trail is ignored but becomes lethal at the exact grace boundary
  ---
  duration_ms: 0.761
  ...
# Subtest: head-on swept rider collision eliminates both and produces a draw
ok 231 - head-on swept rider collision eliminates both and produces a draw
  ---
  duration_ms: 0.476334
  ...
# Subtest: bomb input charges, launches on release, caps one live bomb, chains once, and observes cooldown
ok 232 - bomb input charges, launches on release, caps one live bomb, chains once, and observes cooldown
  ---
  duration_ms: 0.828667
  ...
# Subtest: quick bomb action bursts launch at minimum range and cancel paths never launch
ok 233 - quick bomb action bursts launch at minimum range and cancel paths never launch
  ---
  duration_ms: 0.624375
  ...
# Subtest: charged launches cap and clamp to the active safe interior
ok 234 - charged launches cap and clamp to the active safe interior
  ---
  duration_ms: 0.404584
  ...
# Subtest: a flying bomb cannot explode or chain-trigger before landing
ok 235 - a flying bomb cannot explode or chain-trigger before landing
  ---
  duration_ms: 0.418208
  ...
# Subtest: Triple Shot releases one deterministic straight three-bomb volley
ok 236 - Triple Shot releases one deterministic straight three-bomb volley
  ---
  duration_ms: 0.702042
  ...
# Subtest: invalid release and cancellation preserve launch modifiers
ok 237 - invalid release and cancellation preserve launch modifiers
  ---
  duration_ms: 0.606459
  ...
# Subtest: round wins score once, first to three ends the match, and rematch resets wins and scope
ok 238 - round wins score once, first to three ends the match, and rematch resets wins and scope
  ---
  duration_ms: 1.523
  ...
# Subtest: overtime inset updates before collision and a 90-second unresolved round draws
ok 239 - overtime inset updates before collision and a 90-second unresolved round draws
  ---
  duration_ms: 0.741166
  ...
# Subtest: lifecycle commands enforce phase, capacity, identity, and connected-player guards
ok 240 - lifecycle commands enforce phase, capacity, identity, and connected-player guards
  ---
  duration_ms: 0.412333
  ...
# Subtest: wall and explosion causes are authoritative, clipped, and blast visuals expire exactly
ok 241 - wall and explosion causes are authoritative, clipped, and blast visuals expire exactly
  ---
  duration_ms: 0.812541
  ...
# Subtest: a finished match can replace every seat and start a clean rematch without restarting the server
ok 242 - a finished match can replace every seat and start a clean rematch without restarting the server
  ---
  duration_ms: 0.408833
  ...
# Subtest: the larger arena and seeded pickup schedule replay deterministically
ok 243 - the larger arena and seeded pickup schedule replay deterministically
  ---
  duration_ms: 0.698292
  ...
# Subtest: blast pickups cap at level two and affect bombs placed on the collection tick
ok 244 - blast pickups cap at level two and affect bombs placed on the collection tick
  ---
  duration_ms: 2.366709
  ...
# Subtest: a star collected on the swept path rescues and reflects a wall hit, then expires sharply
ok 245 - a star collected on the swept path rescues and reflects a wall hit, then expires sharply
  ---
  duration_ms: 0.940167
  ...
# Subtest: star head contact kills only a normal rider while two stars pass through
ok 246 - star head contact kills only a normal rider while two stars pass through
  ---
  duration_ms: 0.791583
  ...
# Subtest: pickup expiry, active cap, and impossible safe interior stay bounded
ok 247 - pickup expiry, active cap, and impossible safe interior stay bounded
  ---
  duration_ms: 0.479375
  ...
# Subtest: beer pickup debuffs every other living rider, refreshes, and keeps the collector unchanged
ok 248 - beer pickup debuffs every other living rider, refreshes, and keeps the collector unchanged
  ---
  duration_ms: 0.644208
  ...
# Subtest: drunk wobble expires at the strict tick boundary and resets between rounds
ok 249 - drunk wobble expires at the strict tick boundary and resets between rounds
  ---
  duration_ms: 0.462209
  ...
# Subtest: modifier pickups arm one use, refresh without stacking, and reset between rounds
ok 250 - modifier pickups arm one use, refresh without stacking, and reset between rounds
  ---
  duration_ms: 0.468625
  ...
# Subtest: orbit shields absorb a whole clustered hazard tick and grace protects until strict expiry
ok 251 - orbit shields absorb a whole clustered hazard tick and grace protects until strict expiry
  ---
  duration_ms: 1.992125
  ...
# Subtest: two shields both break on contact while Star preserves its stored shield
ok 252 - two shields both break on contact while Star preserves its stored shield
  ---
  duration_ms: 0.717
  ...
# Subtest: shield break reflects an outward wall sweep and records the bounce
ok 253 - shield break reflects an outward wall sweep and records the bounce
  ---
  duration_ms: 0.379333
  ...
# Subtest: countdown leave is stamped, scored once, and a later join receives no prior-round award
ok 254 - countdown leave is stamped, scored once, and a later join receives no prior-round award
  ---
  duration_ms: 0.432375
  ...
# Subtest: overlapping blast owners receive no speculative elimination credit
ok 255 - overlapping blast owners receive no speculative elimination credit
  ---
  duration_ms: 0.534125
  ...
# Subtest: match-over recap is frozen and deeply detached from engine state
ok 256 - match-over recap is frozen and deeply detached from engine state
  ---
  duration_ms: 0.460416
  ...
# Subtest: Five Shot survives Triple collection and cancellation, then launches five with one cooldown
ok 257 - Five Shot survives Triple collection and cancellation, then launches five with one cooldown
  ---
  duration_ms: 0.638917
  ...
# Subtest: radial blast hits diagonal riders, clears diagonal trails and chains diagonal bombs
ok 258 - radial blast hits diagonal riders, clears diagonal trails and chains diagonal bombs
  ---
  duration_ms: 0.579083
  ...
# Subtest: bomb landing hits a rider before detonation, respecting star and shield
ok 259 - bomb landing hits a rider before detonation, respecting star and shield
  ---
  duration_ms: 1.913791
  ...
# Subtest: a bomb landing inside an active blast chains immediately
ok 260 - a bomb landing inside an active blast chains immediately
  ---
  duration_ms: 0.881125
  ...
# Subtest: blast preview is harmless before the fuse, both in flight and after landing
ok 261 - blast preview is harmless before the fuse, both in flight and after landing
  ---
  duration_ms: 3.773375
  ...
# Subtest: bomb skips riders along flight and only snipes at its landing position
ok 262 - bomb skips riders along flight and only snipes at its landing position
  ---
  duration_ms: 0.914208
  ...
# Subtest: landing step never uses blast radius for contact damage
ok 263 - landing step never uses blast radius for contact damage
  ---
  duration_ms: 1.810875
  ...
# Subtest: shell persists beyond five seconds and permits another shot after cooldown
ok 264 - shell persists beyond five seconds and permits another shot after cooldown
  ---
  duration_ms: 1.084125
  ...
# Subtest: shell body hits once, shield absorbs it, and no blast radius is produced
ok 265 - shell body hits once, shield absorbs it, and no blast radius is produced
  ---
  duration_ms: 0.963208
  ...
# Subtest: Gun pickup fires one bullet at twice rider speed and cuts a traversable trail gap
ok 266 - Gun pickup fires one bullet at twice rider speed and cuts a traversable trail gap
  ---
  duration_ms: 0.936084
  ...
# Subtest: gun head and wall impacts explode
ok 267 - gun head and wall impacts explode
  ---
  duration_ms: 1.001125
  ...
# Subtest: stopwatch caps at two levels, changes only future own bombs and resets next round
ok 268 - stopwatch caps at two levels, changes only future own bombs and resets next round
  ---
  duration_ms: 0.742083
  ...
# Subtest: first stopwatch level produces a one-and-a-half second fuse
ok 269 - first stopwatch level produces a one-and-a-half second fuse
  ---
  duration_ms: 0.468875
  ...
# Subtest: live shell bounces off a rider trail without damage or resetting its lifetime
ok 270 - live shell bounces off a rider trail without damage or resetting its lifetime
  ---
  duration_ms: 4.91725
  ...
# Subtest: gun explodes against the trail directly behind a rider and kills the rider
ok 271 - gun explodes against the trail directly behind a rider and kills the rider
  ---
  duration_ms: 0.565833
  ...
# Subtest: a blast clears trails whether it came from a landed bomb or a gun projectile hitting a rider
ok 272 - a blast clears trails whether it came from a landed bomb or a gun projectile hitting a rider
  ---
  duration_ms: 6.5875
  ...
# Subtest: a fixed-rounds match ends on the standings leader even when another rider wins the final round
ok 273 - a fixed-rounds match ends on the standings leader even when another rider wins the final round
  ---
  duration_ms: 1.839416
  ...
# Subtest: a drawn final round still awards the fixed-rounds match to the standings leader
ok 274 - a drawn final round still awards the fixed-rounds match to the standings leader
  ---
  duration_ms: 3.329583
  ...
# Subtest: a fixed-rounds leader who also wins the final round is credited exactly once
ok 275 - a fixed-rounds leader who also wins the final round is credited exactly once
  ---
  duration_ms: 1.257791
  ...
# Subtest: a fixed-rounds match tied at the final round ends without a match winner
ok 276 - a fixed-rounds match tied at the final round ends without a match winner
  ---
  duration_ms: 0.761542
  ...
# Subtest: gun speed is twice rider speed with a bounded nearby steering correction
ok 277 - gun speed is twice rider speed with a bounded nearby steering correction
  ---
  duration_ms: 1.114375
  ...
# Subtest: gun holes split trails precisely, keeping expiry metadata and distant trails
ok 278 - gun holes split trails precisely, keeping expiry metadata and distant trails
  ---
  duration_ms: 0.149041
  ...
# Subtest: defaults carry two STUN providers and no TURN
ok 279 - defaults carry two STUN providers and no TURN
  ---
  duration_ms: 0.744458
  ...
# Subtest: service ICE lists are validated at the client boundary and fall back to defaults
ok 280 - service ICE lists are validated at the client boundary and fall back to defaults
  ---
  duration_ms: 0.246583
  ...
# Subtest: peer connections wait for the ICE fetch instead of negotiating with the initial list (issue \#27)
ok 281 - peer connections wait for the ICE fetch instead of negotiating with the initial list (issue \#27)
  ---
  duration_ms: 0.271042
  ...
# Subtest: a failed ICE fetch yields the STUN defaults, never an empty list
ok 282 - a failed ICE fetch yields the STUN defaults, never an empty list
  ---
  duration_ms: 0.189167
  ...
# Subtest: a hung ICE fetch falls back to the STUN defaults when the abort bound fires, even if the fetch ignores the signal
ok 283 - a hung ICE fetch falls back to the STUN defaults when the abort bound fires, even if the fetch ignores the signal
  ---
  duration_ms: 0.16075
  ...
# Subtest: candidate types are read from the candidate line without keeping addresses
ok 284 - candidate types are read from the candidate line without keeping addresses
  ---
  duration_ms: 0.476
  ...
# Subtest: ufrag and fingerprint readers tolerate missing lines
ok 285 - ufrag and fingerprint readers tolerate missing lines
  ---
  duration_ms: 0.516292
  ...
# Subtest: restart offers keep the DTLS certificate; a recreated connection does not
ok 286 - restart offers keep the DTLS certificate; a recreated connection does not
  ---
  duration_ms: 0.068833
  ...
# Subtest: candidates are scoped to the ICE generation named by their ufrag
ok 287 - candidates are scoped to the ICE generation named by their ufrag
  ---
  duration_ms: 0.112292
  ...
# Subtest: Ink affects only other living riders, refreshes three seconds and snapshots without changing steering
ok 288 - Ink affects only other living riders, refreshes three seconds and snapshots without changing steering
  ---
  duration_ms: 23.744375
  ...
# Subtest: Ink clears at the next round
ok 289 - Ink clears at the next round
  ---
  duration_ms: 1.088
  ...
# Subtest: join survives authority setup and failed delivery until roster confirmation
ok 290 - join survives authority setup and failed delivery until roster confirmation
  ---
  duration_ms: 0.755333
  ...
# Subtest: lost baseline retries identical full envelope on bounded clock, not dependent deltas
ok 291 - lost baseline retries identical full envelope on bounded clock, not dependent deltas
  ---
  duration_ms: 1.228292
  ...
# Subtest: lost ACK can acknowledge exact previously accepted duplicate without applying it twice
ok 292 - lost ACK can acknowledge exact previously accepted duplicate without applying it twice
  ---
  duration_ms: 0.473542
  ...
# Subtest: old generation stream sequence match and round ACKs cannot retire current baseline
ok 293 - old generation stream sequence match and round ACKs cannot retire current baseline
  ---
  duration_ms: 0.128375
  ...
# Subtest: five-second expiry bounds retained baseline and repeated poll/resync cannot flood retries
ok 294 - five-second expiry bounds retained baseline and repeated poll/resync cannot flood retries
  ---
  duration_ms: 0.288125
  ...
# Subtest: baseline is accepted before any dependent delta; ACK loss does not corrupt next decode
ok 295 - baseline is accepted before any dependent delta; ACK loss does not corrupt next decode
  ---
  duration_ms: 0.218791
  ...
# Subtest: creates a deterministic straight triple fan with seven points per bomb
ok 296 - creates a deterministic straight triple fan with seven points per bomb
  ---
  duration_ms: 1.146875
  ...
# Subtest: all fan paths clamp to safe bounds
ok 297 - all fan paths clamp to safe bounds
  ---
  duration_ms: 0.664708
  ...
# Subtest: rejects invalid geometry
ok 298 - rejects invalid geometry
  ---
  duration_ms: 0.162458
  ...
# Subtest: awards five-player placement points
ok 299 - awards five-player placement points
  ---
  duration_ms: 0.852917
  ...
# Subtest: two participants use winner five and runner-up three
ok 300 - two participants use winner five and runner-up three
  ---
  duration_ms: 0.476625
  ...
# Subtest: averages simultaneous elimination places exactly
ok 301 - averages simultaneous elimination places exactly
  ---
  duration_ms: 0.159875
  ...
# Subtest: does not mutate participants and rejects invalid groups
ok 302 - does not mutate participants and rejects invalid groups
  ---
  duration_ms: 0.206292
  ...
# Subtest: survivors share the top occupied ranks at timeout and points remain conserved
ok 303 - survivors share the top occupied ranks at timeout and points remain conserved
  ---
  duration_ms: 0.100209
  ...
# Subtest: score application validates the complete result before mutating totals
ok 304 - score application validates the complete result before mutating totals
  ---
  duration_ms: 0.155625
  ...
# Subtest: accumulates repeated matches and preserves departures
ok 305 - accumulates repeated matches and preserves departures
  ---
  duration_ms: 0.143917
  ...
# Subtest: returns copies in score order with deterministic tie break
ok 306 - returns copies in score order with deterministic tie break
  ---
  duration_ms: 6.340291
  ...
# Subtest: legendSrc routes pickup legend icons through assetUrl so they work under a Pages base path
ok 307 - legendSrc routes pickup legend icons through assetUrl so they work under a Pages base path
  ---
  duration_ms: 0.445916
  ...
# Subtest: queued retired-channel pongs cannot certify a new RTC link whose probe IDs restarted
ok 308 - queued retired-channel pongs cannot certify a new RTC link whose probe IDs restarted
  ---
  duration_ms: 0.522792
  ...
# Subtest: a replaced channel on the same live link cannot update state or expose stale errors
ok 309 - a replaced channel on the same live link cannot update state or expose stale errors
  ---
  duration_ms: 0.067417
  ...
# Subtest: retired peer callbacks cannot replace the current data channel even with identical service identity
ok 310 - retired peer callbacks cannot replace the current data channel even with identical service identity
  ---
  duration_ms: 0.061417
  ...
# Subtest: pulse proof is scoped to the captured active binding and two live undrained channels
ok 311 - pulse proof is scoped to the captured active binding and two live undrained channels
  ---
  duration_ms: 0.108125
  ...
# Subtest: the reason names the first missing step in the direct-link pipeline
ok 312 - the reason names the first missing step in the direct-link pipeline
  ---
  duration_ms: 0.656417
  ...
# Subtest: the panel text is redacted and complete
ok 313 - the panel text is redacted and complete
  ---
  duration_ms: 1.00825
  ...
# Subtest: restarts are due every interval and stop after the bounded budget
ok 314 - restarts are due every interval and stop after the bounded budget
  ---
  duration_ms: 0.43625
  ...
# Subtest: fresh health restores the budget and retires the attempt in flight
ok 315 - fresh health restores the budget and retires the attempt in flight
  ---
  duration_ms: 0.077458
  ...
# Subtest: idle health checks every 200 ms do not retire anything
ok 316 - idle health checks every 200 ms do not retire anything
  ---
  duration_ms: 0.0555
  ...
# Subtest: only the newest attempt can complete
ok 317 - only the newest attempt can complete
  ---
  duration_ms: 0.048375
  ...
# Subtest: deferred fast health replies recheck visibility and both lanes without depending on reliable backlog
ok 318 - deferred fast health replies recheck visibility and both lanes without depending on reliable backlog
  ---
  duration_ms: 0.846875
  ...
# Subtest: healthy open channel under the buffer limit is permitted for gameplay and probes
ok 319 - healthy open channel under the buffer limit is permitted for gameplay and probes
  ---
  duration_ms: 0.081542
  ...
# Subtest: a closing signal recorded before the DOM readyState changes blocks gameplay and probe sends
ok 320 - a closing signal recorded before the DOM readyState changes blocks gameplay and probe sends
  ---
  duration_ms: 0.057959
  ...
# Subtest: bulk transfer idle permission requires an open, fully drained, undrained action channel
ok 321 - bulk transfer idle permission requires an open, fully drained, undrained action channel
  ---
  duration_ms: 0.06425
  ...
# Subtest: solo starts one human and four AI without browser services, ready only on start
ok 322 - solo starts one human and four AI without browser services, ready only on start
  ---
  duration_ms: 10.232208
  ...
# Subtest: fixed ticks publish the ordinary game and matching zero-RTT motion clock
ok 323 - fixed ticks publish the ordinary game and matching zero-RTT motion clock
  ---
  duration_ms: 20.112208
  ...
# Subtest: visibility suspension clears held controls and old scope, with no hidden catch-up
ok 324 - visibility suspension clears held controls and old scope, with no hidden catch-up
  ---
  duration_ms: 16.196875
  ...
# Subtest: lobby settings and rematch use ordinary commands, stop disposes callbacks
ok 325 - lobby settings and rematch use ordinary commands, stop disposes callbacks
  ---
  duration_ms: 0.544916
  ...
# Subtest: fire edges stamped from a stalled wall-clock estimate are admitted for the next authority tick (\#43)
ok 326 - fire edges stamped from a stalled wall-clock estimate are admitted for the next authority tick (\#43)
  ---
  duration_ms: 18.39925
  ...
# Subtest: a hold resend that estimated an earlier tick cannot skip the solo press (\#43)
ok 327 - a hold resend that estimated an earlier tick cannot skip the solo press (\#43)
  ---
  duration_ms: 7.125542
  ...
# Subtest: distances render as whole arena units and durations reuse the shared formatter
ok 328 - distances render as whole arena units and durations reuse the shared formatter
  ---
  duration_ms: 0.461625
  ...
# Subtest: empty statistics produce an empty recap with no placeholder awards or totals
ok 329 - empty statistics produce an empty recap with no placeholder awards or totals
  ---
  duration_ms: 0.781292
  ...
# Subtest: a single rider stands alone as champion, wins every non-zero award and fills the table
ok 330 - a single rider stands alone as champion, wins every non-zero award and fills the table
  ---
  duration_ms: 0.418833
  ...
# Subtest: podium centres champions, keeps side places in seat order and excludes placements beyond third
ok 331 - podium centres champions, keeps side places in seat order and excludes placements beyond third
  ---
  duration_ms: 0.112792
  ...
# Subtest: a tied first place shows every champion in the centre and no second place
ok 332 - a tied first place shows every champion in the centre and no second place
  ---
  duration_ms: 0.111333
  ...
# Subtest: a match where nobody won any round places everyone on the podium as champions
ok 333 - a match where nobody won any round places everyone on the podium as champions
  ---
  duration_ms: 0.090583
  ...
# Subtest: awards share ties by joining names in placement order and skip counters nobody raised
ok 334 - awards share ties by joining names in placement order and skip counters nobody raised
  ---
  duration_ms: 0.11175
  ...
# Subtest: all-zero statistics yield no awards while the podium and table still render
ok 335 - all-zero statistics yield no awards while the podium and table still render
  ---
  duration_ms: 0.077791
  ...
# Subtest: singular award details read naturally
ok 336 - singular award details read naturally
  ---
  duration_ms: 0.079916
  ...
# Subtest: comparison rows order by placement then seat and format every recorded counter
ok 337 - comparison rows order by placement then seat and format every recorded counter
  ---
  duration_ms: 0.094667
  ...
# Subtest: match totals sum the recorded counters across riders
ok 338 - match totals sum the recorded counters across riders
  ---
  duration_ms: 0.185833
  ...
# Subtest: the signature changes with any rendered figure and is order independent
ok 339 - the signature changes with any rendered figure and is order independent
  ---
  duration_ms: 0.143041
  ...
# Subtest: recap ignores riders with an unset placement rather than inventing a podium slot
ok 340 - recap ignores riders with an unset placement rather than inventing a podium slot
  ---
  duration_ms: 0.075875
  ...
# Subtest: records authoritative actions and returns detached snapshots
ok 341 - records authoritative actions and returns detached snapshots
  ---
  duration_ms: 1.047584
  ...
# Subtest: tracks round draws, longest survival and competition-ranked win ties
ok 342 - tracks round draws, longest survival and competition-ranked win ties
  ---
  duration_ms: 0.140708
  ...
# Subtest: validates references, distances and round membership
ok 343 - validates references, distances and round membership
  ---
  duration_ms: 0.346584
  ...
# Subtest: never credits self deaths and updates an existing participant identity
ok 344 - never credits self deaths and updates an existing participant identity
  ---
  duration_ms: 0.068166
  ...
# Subtest: a joined phone is the same landscape controller in every phase (\#13)
ok 345 - a joined phone is the same landscape controller in every phase (\#13)
  ---
  duration_ms: 0.755
  ...
# Subtest: unjoined, display-only, desktop and mouse views keep the normal layout
ok 346 - unjoined, display-only, desktop and mouse views keep the normal layout
  ---
  duration_ms: 0.112875
  ...
# Subtest: an ended room is not joined play on any phone size or phase
ok 347 - an ended room is not joined play on any phone size or phase
  ---
  duration_ms: 0.209375
  ...
# Subtest: one validated nearby probe qualifies immediately; high RTT restores conservative delay
ok 348 - one validated nearby probe qualifies immediately; high RTT restores conservative delay
  ---
  duration_ms: 0.599667
  ...
# Subtest: stale, paused and explicit reset lose qualification; rejected samples do not extend freshness
ok 349 - stale, paused and explicit reset lose qualification; rejected samples do not extend freshness
  ---
  duration_ms: 0.127625
  ...
# Subtest: regional60ms never qualifies and a fresh scope is independently classified
ok 350 - regional60ms never qualifies and a fresh scope is independently classified
  ---
  duration_ms: 0.075042
  ...
# Subtest: half-tick presentation never rewinds or extrapolates; missing clock remains newest only
ok 351 - half-tick presentation never rewinds or extrapolates; missing clock remains newest only
  ---
  duration_ms: 0.438625
  ...
# Subtest: clock discontinuity clears the old clock even when observed before rendering
ok 352 - clock discontinuity clears the old clock even when observed before rendering
  ---
  duration_ms: 0.136917
  ...
# Subtest: rejected excessive RTT cancels fast classification and exact40ms boundary qualifies
ok 353 - rejected excessive RTT cancels fast classification and exact40ms boundary qualifies
  ---
  duration_ms: 0.056625
  ...
# Subtest: clock diagnostics are read-only and cannot refresh a sample or mutate its scope
ok 354 - clock diagnostics are read-only and cannot refresh a sample or mutate its scope
  ---
  duration_ms: 0.05975
  ...
# Subtest: empty and invalid clock observations cannot enable fast presentation
ok 355 - empty and invalid clock observations cannot enable fast presentation
  ---
  duration_ms: 0.052583
  ...
# Subtest: replacement reservation fences partitions and rejects delayed old renewals
ok 356 - replacement reservation fences partitions and rejects delayed old renewals
  ---
  duration_ms: 1.6405
  ...
# Subtest: clock uncertainty prevents overlapping old and new authorization
ok 357 - clock uncertainty prevents overlapping old and new authorization
  ---
  duration_ms: 0.48
  ...
# Subtest: clock stops after suspension or stale samples, resuming only after fresh sample
ok 358 - clock stops after suspension or stale samples, resuming only after fresh sample
  ---
  duration_ms: 0.223458
  ...
# Subtest: clock rejects bad samples and conservative intervals crossing lease boundaries
ok 359 - clock rejects bad samples and conservative intervals crossing lease boundaries
  ---
  duration_ms: 0.1555
  ...
# Subtest: grant boundary validation rejects malformed values and exhausted epochs
ok 360 - grant boundary validation rejects malformed values and exhausted epochs
  ---
  duration_ms: 0.415917
  ...
# Subtest: checkpoint restore is atomic on the malformed sequences regression
ok 361 - checkpoint restore is atomic on the malformed sequences regression
  ---
  duration_ms: 11.091042
  ...
# Subtest: checkpoint restores exact physics, pending preferences and neutral disconnected identities
ok 362 - checkpoint restores exact physics, pending preferences and neutral disconnected identities
  ---
  duration_ms: 3.362209
  ...
# Subtest: checkpoint rejects missing required game maps and nested fields
ok 363 - checkpoint rejects missing required game maps and nested fields
  ---
  duration_ms: 30.833584
  ...
# Subtest: checkpoint rejects schema incompatibility, foreign host and unsafe shape extensions
ok 364 - checkpoint rejects schema incompatibility, foreign host and unsafe shape extensions
  ---
  duration_ms: 12.1415
  ...
# Subtest: checkpoint rejects invalid sequences, duplicate map keys and cross references
ok 365 - checkpoint rejects invalid sequences, duplicate map keys and cross references
  ---
  duration_ms: 14.611417
  ...
# Subtest: checkpoint rejects nonfinite values, excessive bytes/depth and oversized nested trails
ok 366 - checkpoint rejects nonfinite values, excessive bytes/depth and oversized nested trails
  ---
  duration_ms: 14.417875
  ...
# Subtest: real countdown, playing and round transitions produce restorable bounded checkpoints
ok 367 - real countdown, playing and round transitions produce restorable bounded checkpoints
  ---
  duration_ms: 203.03925
  ...
# Subtest: checkpoint validates bombs, shell lifetime sentinel, pickups and portal geometry
ok 368 - checkpoint validates bombs, shell lifetime sentinel, pickups and portal geometry
  ---
  duration_ms: 2.860417
  ...
# Subtest: checkpoint rejects oversized history, malformed maps and missing participant statistics
ok 369 - checkpoint rejects oversized history, malformed maps and missing participant statistics
  ---
  duration_ms: 8.914625
  ...
# Subtest: room settings reject malformed values, restore safe defaults and allow all drops off
ok 370 - room settings reject malformed values, restore safe defaults and allow all drops off
  ---
  duration_ms: 0.938166
  ...
# Subtest: rooms isolate players and only the host can start or change rules
ok 371 - rooms isolate players and only the host can start or change rules
  ---
  duration_ms: 7.418
  ...
# Subtest: fixed one-round rooms finish after one round
ok 372 - fixed one-round rooms finish after one round
  ---
  duration_ms: 2.43325
  ...
# Subtest: world deltas reconstruct split, removed and appended trails and recover via keyframe
ok 373 - world deltas reconstruct split, removed and appended trails and recover via keyframe
  ---
  duration_ms: 1.164917
  ...
# Subtest: fresh encoder after reconnection replaces old stream without accepting retired frames
ok 374 - fresh encoder after reconnection replaces old stream without accepting retired frames
  ---
  duration_ms: 0.232583
  ...
# Subtest: host checkpoint restores world and sequence numbers without replaying held fire
ok 375 - host checkpoint restores world and sequence numbers without replaying held fire
  ---
  duration_ms: 3.69075
  ...
# Subtest: field patches update joins and clear optional charge state without repeating identity
ok 376 - field patches update joins and clear optional charge state without repeating identity
  ---
  duration_ms: 0.55225
  ...
# Subtest: delayed unseen old keyframe cannot roll a newer generation backward
ok 377 - delayed unseen old keyframe cannot roll a newer generation backward
  ---
  duration_ms: 0.110666
  ...
# Subtest: invalid higher generation and corrupt trail patches cannot mutate accepted baseline
ok 378 - invalid higher generation and corrupt trail patches cannot mutate accepted baseline
  ---
  duration_ms: 0.309875
  ...
# Subtest: online return to lobby preserves transport simulation time
ok 379 - online return to lobby preserves transport simulation time
  ---
  duration_ms: 0.134584
  ...
# Subtest: guests that vanish in the lobby free their seats and the removal replicates to guests
ok 380 - guests that vanish in the lobby free their seats and the removal replicates to guests
  ---
  duration_ms: 0.476583
  ...
# Subtest: a guest lost mid-round keeps its seat until the match ends, then a newcomer reclaims it
ok 381 - a guest lost mid-round keeps its seat until the match ends, then a newcomer reclaims it
  ---
  duration_ms: 1.404084
  ...
# Subtest: a rematch drops the riders that were lost during the finished match
ok 382 - a rematch drops the riders that were lost during the finished match
  ---
  duration_ms: 0.889
  ...
# Subtest: a whole round of chained deltas stays exact without any periodic re-baseline
ok 383 - a whole round of chained deltas stays exact without any periodic re-baseline
  ---
  duration_ms: 160.716916
  ...
# Subtest: Pages invites preserve project path while API requests use configured backend
ok 384 - Pages invites preserve project path while API requests use configured backend
  ---
  duration_ms: 0.478084
  ...
# Subtest: local origin default and endpoint boundaries are explicit
ok 385 - local origin default and endpoint boundaries are explicit
  ---
  duration_ms: 0.642459
  ...
# Subtest: failed press plus fresh held resends cannot invent charge or fire on release
ok 386 - failed press plus fresh held resends cannot invent charge or fire on release
  ---
  duration_ms: 10.481791
  ...
# Subtest: lost final release without other held controls cancels within ten ticks and is never retried
ok 387 - lost final release without other held controls cancels within ten ticks and is never retried
  ---
  duration_ms: 2.26175
  ...
# Subtest: steering heartbeat after lost release carries bomb false and safely cancels instead of firing
ok 388 - steering heartbeat after lost release carries bomb false and safely cancels instead of firing
  ---
  duration_ms: 1.819042
  ...
# Subtest: ordered-but-delayed release expires rather than replaying after network recovery
ok 389 - ordered-but-delayed release expires rather than replaying after network recovery
  ---
  duration_ms: 1.416125
  ...
# Subtest: first fresh press after countdown and explicit lobby reset fires without a neutral packet
ok 390 - first fresh press after countdown and explicit lobby reset fires without a neutral packet
  ---
  duration_ms: 12.050417
  ...
# Subtest: idle watchdog without a held gesture does not block the first fresh shot
ok 391 - idle watchdog without a held gesture does not block the first fresh shot
  ---
  duration_ms: 2.44225
  ...
# Subtest: new scope rejects old held/release packets but accepts a fresh press
ok 392 - new scope rejects old held/release packets but accepts a fresh press
  ---
  duration_ms: 0.79325
  ...
# Subtest: watchdog still suppresses interrupted held gestures until an actual release
ok 393 - watchdog still suppresses interrupted held gestures until an actual release
  ---
  duration_ms: 2.21025
  ...
# Subtest: receipt is not application: future steering waits and reports exact application tick
ok 394 - receipt is not application: future steering waits and reports exact application tick
  ---
  duration_ms: 10.824625
  ...
# Subtest: same-tick newest movement wins while all outcomes are acknowledged
ok 395 - same-tick newest movement wins while all outcomes are acknowledged
  ---
  duration_ms: 0.7955
  ...
# Subtest: older future slot cannot undo newer applied movement and exact result acknowledgements preserve pending input
ok 396 - older future slot cannot undo newer applied movement and exact result acknowledgements preserve pending input
  ---
  duration_ms: 1.840834
  ...
# Subtest: held acknowledged steering continues then expires at ten ticks without fresh application
ok 397 - held acknowledged steering continues then expires at ten ticks without fresh application
  ---
  duration_ms: 1.125709
  ...
# Subtest: same-tick press/release survives steering supersession, duplicates cannot launch twice
ok 398 - same-tick press/release survives steering supersession, duplicates cannot launch twice
  ---
  duration_ms: 0.936584
  ...
# Subtest: a press stamped later than the following hold sample is still processed first in sequence order (\#43)
ok 399 - a press stamped later than the following hold sample is still processed first in sequence order (\#43)
  ---
  duration_ms: 0.692291
  ...
# Subtest: old-scope release cannot cancel current charge; expired current release cancels without firing
ok 400 - old-scope release cannot cancel current charge; expired current release cancels without firing
  ---
  duration_ms: 0.714667
  ...
# Subtest: disconnect, match changes and restore create fresh neutral scope while preserving received highwater
ok 401 - disconnect, match changes and restore create fresh neutral scope while preserving received highwater
  ---
  duration_ms: 2.620375
  ...
# Subtest: queue and result history are bounded and overflow forces explicit neutral resync
ok 402 - queue and result history are bounded and overflow forces explicit neutral resync
  ---
  duration_ms: 0.944834
  ...
# Subtest: malformed timing and aim cannot apply motion or keep an invalid release charging
ok 403 - malformed timing and aim cannot apply motion or keep an invalid release charging
  ---
  duration_ms: 0.555958
  ...
# Subtest: queued release is discarded on disconnect and cannot fire into a rejoined control scope
ok 404 - queued release is discarded on disconnect and cannot fire into a rejoined control scope
  ---
  duration_ms: 0.635542
  ...
# Subtest: paused old-alias endpoint restores outbound health before acknowledging a new checkpoint header
ok 405 - paused old-alias endpoint restores outbound health before acknowledging a new checkpoint header
  ---
  duration_ms: 1.317834
  ...
# Subtest: direct-only path resumes on two fresh acknowledgements without relay quarantine
ok 406 - direct-only path resumes on two fresh acknowledgements without relay quarantine
  ---
  duration_ms: 0.078917
  ...
# Subtest: three-second blackhole after long healthy uptime retains channel and recovers on fresh probes
ok 407 - three-second blackhole after long healthy uptime retains channel and recovers on fresh probes
  ---
  duration_ms: 0.15525
  ...
# Subtest: restart requires eight continuously unhealthy seconds, reset by recovered health
ok 408 - restart requires eight continuously unhealthy seconds, reset by recovered health
  ---
  duration_ms: 0.054166
  ...
# Subtest: expired duplicate and pre-failure probes cannot keep blackholed path healthy
ok 409 - expired duplicate and pre-failure probes cannot keep blackholed path healthy
  ---
  duration_ms: 1.142333
  ...
# Subtest: pulse mode preserves fresh acknowledgement time and never revives expired evidence
ok 410 - pulse mode preserves fresh acknowledgement time and never revives expired evidence
  ---
  duration_ms: 0.107042
  ...
# Subtest: pause is irreversible within an alias and late application proof cannot reactivate it
ok 411 - pause is irreversible within an alias and late application proof cannot reactivate it
  ---
  duration_ms: 0.086666
  ...
# Subtest: effects do not replay on repeated snapshots or across authority/match reset
ok 412 - effects do not replay on repeated snapshots or across authority/match reset
  ---
  duration_ms: 0.766209
  ...
# Subtest: bomb flight sprite follows segmented path while damage radius stays at landing point
ok 413 - bomb flight sprite follows segmented path while damage radius stays at landing point
  ---
  duration_ms: 0.449708
  ...
# Subtest: death transitions occur once and backward presentation resets cosmetic history
ok 414 - death transitions occur once and backward presentation resets cosmetic history
  ---
  duration_ms: 0.101541
  ...
# Subtest: flight fallback clamps before launch and shells never use bomb arcs
ok 415 - flight fallback clamps before launch and shells never use bomb arcs
  ---
  duration_ms: 0.070583
  ...
# Subtest: a continuous bend is one stroke with the exact supplied vertices
ok 416 - a continuous bend is one stroke with the exact supplied vertices
  ---
  duration_ms: 0.82825
  ...
# Subtest: portal jumps, deleted ticks and clipped segments remain separate strokes
ok 417 - portal jumps, deleted ticks and clipped segments remain separate strokes
  ---
  duration_ms: 0.164042
  ...
# Subtest: history survives fractional motion, a changing predicted tip and equivalent deserialized snapshots
ok 418 - history survives fractional motion, a changing predicted tip and equivalent deserialized snapshots
  ---
  duration_ms: 0.512958
  ...
# Subtest: history refreshes for trail holes, clipping, expiry, death, identity, scope and reset
ok 419 - history refreshes for trail holes, clipping, expiry, death, identity, scope and reset
  ---
  duration_ms: 0.134084
  ...
# Subtest: a fresh trail follows the interpolated head by at most one simulation step
ok 420 - a fresh trail follows the interpolated head by at most one simulation step
  ---
  duration_ms: 0.142375
  ...
# Subtest: head interpolation never extends a stale, destroyed, teleported or dead trail
ok 421 - head interpolation never extends a stale, destroyed, teleported or dead trail
  ---
  duration_ms: 0.103333
  ...
# Subtest: arena backing follows displayed size and screen density without changing world aspect
ok 422 - arena backing follows displayed size and screen density without changing world aspect
  ---
  duration_ms: 0.772042
  ...
# Subtest: arena backing bounds oversized displays and survives hidden or unavailable density
ok 423 - arena backing bounds oversized displays and survives hidden or unavailable density
  ---
  duration_ms: 0.077417
  ...
# Subtest: weighted table gives Five one third Triple probability with deterministic intervals
ok 424 - weighted table gives Five one third Triple probability with deterministic intervals
  ---
  duration_ms: 16.439333
  ...
# Subtest: Star is removed while remaining relative weights are preserved
ok 425 - Star is removed while remaining relative weights are preserved
  ---
  duration_ms: 0.141167
  ...
# Subtest: powerup pacing ramps every twenty seconds and stays bounded in overtime
ok 426 - powerup pacing ramps every twenty seconds and stays bounded in overtime
  ---
  duration_ms: 0.421417
  ...
# Subtest: portal transits survivors, breaks trail, preserves heading/charge, counts actual movement
ok 427 - portal transits survivors, breaks trail, preserves heading/charge, counts actual movement
  ---
  duration_ms: 12.7415
  ...
# Subtest: entry collision is resolved before transit, and shield remains independent
ok 428 - entry collision is resolved before transit, and shield remains independent
  ---
  duration_ms: 1.365709
  ...
# Subtest: unsafe exit defers teleport for rider, pending trail, trail, bomb and blast hazards
ok 429 - unsafe exit defers teleport for rider, pending trail, trail, bomb and blast hazards
  ---
  duration_ms: 4.817125
  ...
# Subtest: portal grace is defensive for both riders, protects trails/walls and does not consume shield
ok 430 - portal grace is defensive for both riders, protects trails/walls and does not consume shield
  ---
  duration_ms: 0.611667
  ...
# Subtest: portal expiry, snapshot copying, compact geometry omission and round reset
ok 431 - portal expiry, snapshot copying, compact geometry omission and round reset
  ---
  duration_ms: 0.601042
  ...
# Subtest: portal pickup creates deterministic pair, records stats, replaces pair without clearing cooldown
ok 432 - portal pickup creates deterministic pair, records stats, replaces pair without clearing cooldown
  ---
  duration_ms: 4.669291
  ...
# Subtest: impossible placement leaves pickup and old pair unconsumed
ok 433 - impossible placement leaves pickup and old pair unconsumed
  ---
  duration_ms: 1.70725
  ...
# Subtest: reverse transit respects cooldown at its exact deadline after replacement
ok 434 - reverse transit respects cooldown at its exact deadline after replacement
  ---
  duration_ms: 1.687667
  ...
# Subtest: portal defensive grace expires exactly at the authoritative tick
ok 435 - portal defensive grace expires exactly at the authoritative tick
  ---
  duration_ms: 1.557125
  ...
# Subtest: concurrent riders preserve separate entry heights at the linked wall
ok 436 - concurrent riders preserve separate entry heights at the linked wall
  ---
  duration_ms: 0.563833
  ...
# Subtest: wall placement remains useful on an occupied five-rider field across seeds
ok 437 - wall placement remains useful on an occupied five-rider field across seeds
  ---
  duration_ms: 86.472792
  ...
# Subtest: authoritative overtime shrinks portal wall length and removes reclaimed walls from snapshots
ok 438 - authoritative overtime shrinks portal wall length and removes reclaimed walls from snapshots
  ---
  duration_ms: 0.49475
  ...
# Subtest: compressed linked wall reserves an exit for the first rider rather than overlapping arrivals
ok 439 - compressed linked wall reserves an exit for the first rider rather than overlapping arrivals
  ---
  duration_ms: 0.505292
  ...
# Subtest: placement sizes walls to one third of field, caps at 300 and reserves full corridor
ok 440 - placement sizes walls to one third of field, caps at 300 and reserves full corridor
  ---
  duration_ms: 0.663542
  ...
# Subtest: placement remains bounded for unsafe or insufficiently separated sites
ok 441 - placement remains bounded for unsafe or insufficiently separated sites
  ---
  duration_ms: 0.224834
  ...
# Subtest: full wall safety catches a hazard between sampled center and endpoints
ok 442 - full wall safety catches a hazard between sampled center and endpoints
  ---
  duration_ms: 0.102792
  ...
# Subtest: swept wall entry preserves heading and relative linked height
ok 443 - swept wall entry preserves heading and relative linked height
  ---
  duration_ms: 0.600625
  ...
# Subtest: both directions and earliest intersected wall work
ok 444 - both directions and earliest intersected wall work
  ---
  duration_ms: 0.085917
  ...
# Subtest: rounded endpoints detect vertical and tangent contact without phantom end extensions
ok 445 - rounded endpoints detect vertical and tangent contact without phantom end extensions
  ---
  duration_ms: 0.0855
  ...
# Subtest: cooldown, expiry, inside, stationary, moving away and short movement do not retrigger
ok 446 - cooldown, expiry, inside, stationary, moving away and short movement do not retrigger
  ---
  duration_ms: 0.096333
  ...
# Subtest: unsafe and out-of-field exits defer transit and safety receives actual offset exit
ok 447 - unsafe and out-of-field exits defer transit and safety receives actual offset exit
  ---
  duration_ms: 0.133
  ...
# Subtest: shrinking trims walls and removes pairs whose centerline or usable ends are reclaimed
ok 448 - shrinking trims walls and removes pairs whose centerline or usable ends are reclaimed
  ---
  duration_ms: 0.193166
  ...
# Subtest: motion ledger boundary rejects malformed, unbounded and contradictory tick data
ok 449 - motion ledger boundary rejects malformed, unbounded and contradictory tick data
  ---
  duration_ms: 0.505958
  ...
# Subtest: local steering responds next frame using a partial step which never changes fixed replay
ok 450 - local steering responds next frame using a partial step which never changes fixed replay
  ---
  duration_ms: 11.917167
  ...
# Subtest: acknowledged held turn replays exactly with no pending events, including drunk offset
ok 451 - acknowledged held turn replays exactly with no pending events, including drunk offset
  ---
  duration_ms: 0.992625
  ...
# Subtest: fresh-input age neutralizes held controls at tick ten
ok 452 - fresh-input age neutralizes held controls at tick ten
  ---
  duration_ms: 1.75375
  ...
# Subtest: press and release scheduled for same tick uses latest sample, received ack cannot retire either
ok 453 - press and release scheduled for same tick uses latest sample, received ack cannot retire either
  ---
  duration_ms: 0.623042
  ...
# Subtest: mismatched snapshot and application tick rejected atomically
ok 454 - mismatched snapshot and application tick rejected atomically
  ---
  duration_ms: 0.751375
  ...
# Subtest: applied result retires pending but continues authoritative held input
ok 455 - applied result retires pending but continues authoritative held input
  ---
  duration_ms: 0.552917
  ...
# Subtest: death and portal reset local motion and epoch invalidates timing
ok 456 - death and portal reset local motion and epoch invalidates timing
  ---
  duration_ms: 0.533833
  ...
# Subtest: clock retains conservative send sampled bounds and rejects pause stale and invalid RTT
ok 457 - clock retains conservative send sampled bounds and rejects pause stale and invalid RTT
  ---
  duration_ms: 0.07925
  ...
# Subtest: remote buffer uses coherent past state and fractional ticks without portal chords
ok 458 - remote buffer uses coherent past state and fractional ticks without portal chords
  ---
  duration_ms: 0.76025
  ...
# Subtest: spectator clock advances fractional render ticks without a player seat and resets scope
ok 459 - spectator clock advances fractional render ticks without a player seat and resets scope
  ---
  duration_ms: 1.113833
  ...
# Subtest: presentation connector is bounded and never mutates confirmed trails
ok 460 - presentation connector is bounded and never mutates confirmed trails
  ---
  duration_ms: 0.54675
  ...
# Subtest: inactive snapshots do not invent movement correction or smoothing offsets
ok 461 - inactive snapshots do not invent movement correction or smoothing offsets
  ---
  duration_ms: 1.650625
  ...
# Subtest: slow round trip or lagging snapshot never rejects input locally; host admission and the four-tick lead cap bound it (\#15)
ok 462 - slow round trip or lagging snapshot never rejects input locally; host admission and the four-tick lead cap bound it (\#15)
  ---
  duration_ms: 0.540709
  ...
# Subtest: transport-refused and stale inputs never count toward the bound; overflow drops the backlog instead of blocking (\#20)
ok 463 - transport-refused and stale inputs never count toward the bound; overflow drops the backlog instead of blocking (\#20)
  ---
  duration_ms: 1.768791
  ...
# Subtest: overflow first drops inputs behind the host window and only clears a fully fresh backlog (\#15 follow-up)
ok 464 - overflow first drops inputs behind the host window and only clears a fully fresh backlog (\#15 follow-up)
  ---
  duration_ms: 0.74525
  ...
# Subtest: a lost clock limits the preview but never the send (\#65)
ok 465 - a lost clock limits the preview but never the send (\#65)
  ---
  duration_ms: 0.552458
  ...
# Subtest: all semantic message variants validate without accepting extra fields
ok 466 - all semantic message variants validate without accepting extra fields
  ---
  duration_ms: 1.10675
  ...
# Subtest: untrusted message shapes, sizes, tokens and input sequences fail closed
ok 467 - untrusted message shapes, sizes, tokens and input sequences fail closed
  ---
  duration_ms: 0.265583
  ...
# Subtest: target aim accepts finite normalized coordinates only and rejects nested extras
ok 468 - target aim accepts finite normalized coordinates only and rejects nested extras
  ---
  duration_ms: 0.160583
  ...
# Subtest: serialized recipient acknowledgement preserves own zero and negative sequences without other seats
ok 469 - serialized recipient acknowledgement preserves own zero and negative sequences without other seats
  ---
  duration_ms: 0.720041
  ...
# Subtest: recipient ack envelopes preserve complete keyframe retry and unchanged world decoding
ok 470 - recipient ack envelopes preserve complete keyframe retry and unchanged world decoding
  ---
  duration_ms: 1.623833
  ...
# Subtest: candidates before the remote description are buffered, bounded at 64 and flushed in order
ok 471 - candidates before the remote description are buffered, bounded at 64 and flushed in order
  ---
  duration_ms: 1.881917
  ...
# Subtest: candidates arriving while a description is being applied wait, then apply; later ones apply directly
ok 472 - candidates arriving while a description is being applied wait, then apply; later ones apply directly
  ---
  duration_ms: 0.114458
  ...
# Subtest: answer-side candidates that arrive after the local answer are applied against the remote description
ok 473 - answer-side candidates that arrive after the local answer are applied against the remote description
  ---
  duration_ms: 0.106042
  ...
# Subtest: a restart offer changes the ufrag: old-generation candidates never poison it and new ones wait for it
ok 474 - a restart offer changes the ufrag: old-generation candidates never poison it and new ones wait for it
  ---
  duration_ms: 0.113125
  ...
# Subtest: browser rejection of a candidate is counted, not thrown into the signalling loop
ok 475 - browser rejection of a candidate is counted, not thrown into the signalling loop
  ---
  duration_ms: 0.105833
  ...
# Subtest: only actual changed heading counts, unchanged animation frames do not
ok 476 - only actual changed heading counts, unchanged animation frames do not
  ---
  duration_ms: 0.645125
  ...
# Subtest: clock-aligned render frames detect wrapped positive heading and reject the wrong direction
ok 477 - clock-aligned render frames detect wrapped positive heading and reject the wrong direction
  ---
  duration_ms: 0.106625
  ...
# Subtest: death, round transition, intoxication and live powerups invalidate the measurement
ok 478 - death, round transition, intoxication and live powerups invalidate the measurement
  ---
  duration_ms: 0.106542
  ...
# Subtest: turning, short, stale and missing baselines are rejected without cherry-picking
ok 479 - turning, short, stale and missing baselines are rejected without cherry-picking
  ---
  duration_ms: 0.071417
  ...
# Subtest: unchanged heading times out and incomplete capture is separately rejected
ok 480 - unchanged heading times out and incomplete capture is separately rejected
  ---
  duration_ms: 0.06725
  ...
# Subtest: one degree metric remains later than the first tiny numerical departure
ok 481 - one degree metric remains later than the first tiny numerical departure
  ---
  duration_ms: 0.062125
  ...
# Subtest: render continuity separates repeated authoritative ticks from animation cadence and attempt gaps
ok 482 - render continuity separates repeated authoritative ticks from animation cadence and attempt gaps
  ---
  duration_ms: 2.8775
  ...
# Subtest: return to lobby from lobby clears match state without inventing session points
ok 483 - return to lobby from lobby clears match state without inventing session points
  ---
  duration_ms: 9.839
  ...
# Subtest: return to lobby from countdown clears match state without inventing session points
ok 484 - return to lobby from countdown clears match state without inventing session points
  ---
  duration_ms: 1.98275
  ...
# Subtest: return to lobby from playing clears match state without inventing session points
ok 485 - return to lobby from playing clears match state without inventing session points
  ---
  duration_ms: 1.381625
  ...
# Subtest: return to lobby from roundOver clears match state without inventing session points
ok 486 - return to lobby from roundOver clears match state without inventing session points
  ---
  duration_ms: 1.059334
  ...
# Subtest: return to lobby from matchOver clears match state without inventing session points
ok 487 - return to lobby from matchOver clears match state without inventing session points
  ---
  duration_ms: 0.688041
  ...
# Subtest: empty party can return to lobby and invalid scope is rejected before mutation
ok 488 - empty party can return to lobby and invalid scope is rejected before mutation
  ---
  duration_ms: 0.169583
  ...
# Subtest: pure rider kernel exactly matches authoritative turns including drunk offsets
ok 489 - pure rider kernel exactly matches authoritative turns including drunk offsets
  ---
  duration_ms: 35.663458
  ...
# Subtest: opposite controls cancel steering and pure motion leaves input pose unchanged
ok 490 - opposite controls cancel steering and pure motion leaves input pose unchanged
  ---
  duration_ms: 0.081375
  ...
# Subtest: short codes map the full67600 space and reject biased random tail
ok 491 - short codes map the full67600 space and reject biased random tail
  ---
  duration_ms: 0.628584
  ...
# Subtest: new and temporary legacy room identities validate without making codes secrets
ok 492 - new and temporary legacy room identities validate without making codes secrets
  ---
  duration_ms: 0.117625
  ...
# Subtest: collision reservation is bounded and never masks noncollision failure
ok 493 - collision reservation is bounded and never masks noncollision failure
  ---
  duration_ms: 0.566375
  ...
# Subtest: ordinary initial show is inert and permanent departure disposes the room
ok 494 - ordinary initial show is inert and permanent departure disposes the room
  ---
  duration_ms: 0.748875
  ...
# Subtest: BFCache restoration reloads stopped room exactly once instead of reviving its transport
ok 495 - BFCache restoration reloads stopped room exactly once instead of reviving its transport
  ---
  duration_ms: 0.075041
  ...
# Subtest: expired room stops before clearing runtime and never retries a reused public code
ok 496 - expired room stops before clearing runtime and never retries a reused public code
  ---
  duration_ms: 0.74425
  ...
# Subtest: temporary network failure retries while replaced host is terminal separately
ok 497 - temporary network failure retries while replaced host is terminal separately
  ---
  duration_ms: 0.095834
  ...
# Subtest: safeStorage falls back to an in-memory store when the underlying storage throws on access
ok 498 - safeStorage falls back to an in-memory store when the underlying storage throws on access
  ---
  duration_ms: 0.473041
  ...
# Subtest: safeStorage does not evaluate the storage accessor until a get/set/remove call is made
ok 499 - safeStorage does not evaluate the storage accessor until a get/set/remove call is made
  ---
  duration_ms: 0.072666
  ...
# Subtest: safeStorage passes through to real storage when it works
ok 500 - safeStorage passes through to real storage when it works
  ---
  duration_ms: 0.088458
  ...
# Subtest: createMemoryStorage never throws and reports missing keys as null
ok 501 - createMemoryStorage never throws and reports missing keys as null
  ---
  duration_ms: 0.049708
  ...
# Subtest: LAN AI management is authorized, shares seats, follows normal rounds and can be removed
ok 502 - LAN AI management is authorized, shares seats, follows normal rounds and can be removed
  ---
  duration_ms: 35.698167
  ...
# Subtest: LAN bot protocol rejects missing IDs, human IDs and unexpected action data
ok 503 - LAN bot protocol rejects missing IDs, human IDs and unexpected action data
  ---
  duration_ms: 0.592833
  ...
# Subtest: a reconnect cancels prior charge and accepts a fresh explicit press-release pair
ok 504 - a reconnect cancels prior charge and accepts a fresh explicit press-release pair
  ---
  duration_ms: 98.559791
  ...
# Subtest: match rematch resets scope and wins, then round-over automatically starts the next round
ok 505 - match rematch resets scope and wins, then round-over automatically starts the next round
  ---
  duration_ms: 52.602625
  ...
# Subtest: controller snapshots strip the full match statistics table
ok 506 - controller snapshots strip the full match statistics table
  ---
  duration_ms: 1.187917
  ...
# Subtest: five seats, sixth denial, full public snapshots and private host control
ok 507 - five seats, sixth denial, full public snapshots and private host control
  ---
  duration_ms: 58.7705
  ...
# Subtest: reconnect replaces the same seat, sequences continue, stale input becomes neutral, rapid bomb taps survive
ok 508 - reconnect replaces the same seat, sequences continue, stale input becomes neutral, rapid bomb taps survive
  ---
  duration_ms: 17.186334
  ...
# Subtest: admission rejects late/invalid joins, leave frees lobby seats and eliminates during play
ok 509 - admission rejects late/invalid joins, leave frees lobby seats and eliminates during play
  ---
  duration_ms: 16.172708
  ...
# Subtest: charge holds use authoritative ticks and launch only on explicit release
ok 510 - charge holds use authoritative ticks and launch only on explicit release
  ---
  duration_ms: 16.024708
  ...
# Subtest: cancel, stale input, and socket replacement discard charges and queued releases
ok 511 - cancel, stale input, and socket replacement discard charges and queued releases
  ---
  duration_ms: 9.281167
  ...
# Subtest: typed injected clock drives heartbeat timeout and rate window without sleeping
ok 512 - typed injected clock drives heartbeat timeout and rate window without sleeping
  ---
  duration_ms: 8.327208
  ...
# Subtest: a flood of malformed frames is counted against the rate limit and closes the socket with 1008
ok 513 - a flood of malformed frames is counted against the rate limit and closes the socket with 1008
  ---
  duration_ms: 4.343666
  ...
# Subtest: invalid frames do not refresh lastSeen so the idle watchdog still prunes a garbage-only client
ok 514 - invalid frames do not refresh lastSeen so the idle watchdog still prunes a garbage-only client
  ---
  duration_ms: 1.237542
  ...
# Subtest: bounded catch-up discards sleep-sized backlogs
ok 515 - bounded catch-up discards sleep-sized backlogs
  ---
  duration_ms: 0.077292
  ...
# Subtest: a finished match can accept fresh phones after every original player leaves
ok 516 - a finished match can accept fresh phones after every original player leaves
  ---
  duration_ms: 9.922417
  ...
# Subtest: injected scheduler advances fixed ticks, caps catch-up, discards excess and cancels on close
ok 517 - injected scheduler advances fixed ticks, caps catch-up, discards excess and cancels on close
  ---
  duration_ms: 0.630167
  ...
# Subtest: display receives 20Hz world state while phones receive compact 10Hz updates and measured input acknowledgments
ok 518 - display receives 20Hz world state while phones receive compact 10Hz updates and measured input acknowledgments
  ---
  duration_ms: 12.994042
  ...
# Subtest: late countdown joins wait safely, reconnect and enter next round automatically
ok 519 - late countdown joins wait safely, reconnect and enter next round automatically
  ---
  duration_ms: 15.98675
  ...
# Subtest: late playing joins wait safely, reconnect and enter next round automatically
ok 520 - late playing joins wait safely, reconnect and enter next round automatically
  ---
  duration_ms: 11.90725
  ...
# Subtest: target release aim survives newer input packets through real socket transport
ok 521 - target release aim survives newer input packets through real socket transport
  ---
  duration_ms: 6.281084
  ...
# Subtest: host can abort to lobby without losing phone seats or replaying buffered bomb releases
ok 522 - host can abort to lobby without losing phone seats or replaying buffered bomb releases
  ---
  duration_ms: 9.538042
  ...
# Subtest: serialized avatar joins assign an allowed head and reconnect preserves server identity
ok 523 - serialized avatar joins assign an allowed head and reconnect preserves server identity
  ---
  duration_ms: 2.681625
  ...
# Subtest: a joined controller can change only its own avatar during play without altering gameplay
ok 524 - a joined controller can change only its own avatar during play without altering gameplay
  ---
  duration_ms: 7.132416
  ...
# Subtest: phones that vanish in the lobby release their seats for newcomers and for the next start
ok 525 - phones that vanish in the lobby release their seats for newcomers and for the next start
  ---
  duration_ms: 5.092083
  ...
# Subtest: a full lobby reclaims a vanished seat for a newcomer without any host action
ok 526 - a full lobby reclaims a vanished seat for a newcomer without any host action
  ---
  duration_ms: 5.467709
  ...
# Subtest: a phone that vanishes mid-round keeps its seat for reconnection and never yields it to a newcomer
ok 527 - a phone that vanishes mid-round keeps its seat for reconnection and never yields it to a newcomer
  ---
  duration_ms: 11.494334
  ...
# Subtest: actual service exposes Cloud Run safe health aliases without requiring provider operations
ok 528 - actual service exposes Cloud Run safe health aliases without requiring provider operations
  ---
  duration_ms: 785.106125
  ...
# Subtest: service transaction retries keep one logical connection/grant and fenced replacement
ok 529 - service transaction retries keep one logical connection/grant and fenced replacement
  ---
  duration_ms: 1.593959
  ...
# Subtest: service reserves creator slot and atomically bounds concurrent admission
ok 530 - service reserves creator slot and atomically bounds concurrent admission
  ---
  duration_ms: 0.447375
  ...
# Subtest: two gateways advertise actual remote members and route only signalling
ok 531 - two gateways advertise actual remote members and route only signalling
  ---
  duration_ms: 1.166083
  ...
# Subtest: mesh signalling permits guest pairs while rejecting foreign room and replaced target scopes
ok 532 - mesh signalling permits guest pairs while rejecting foreign room and replaced target scopes
  ---
  duration_ms: 0.46
  ...
# Subtest: guest mesh signals retain source replacement and cross-room membership fences
ok 533 - guest mesh signals retain source replacement and cross-room membership fences
  ---
  duration_ms: 0.63575
  ...
# Subtest: fast bus after delayed metadata emits new source membership before SDP
ok 534 - fast bus after delayed metadata emits new source membership before SDP
  ---
  duration_ms: 2.801541
  ...
# Subtest: expired and duplicate bus packets never repeat SDP; old replacement source is rejected
ok 535 - expired and duplicate bus packets never repeat SDP; old replacement source is rejected
  ---
  duration_ms: 0.367833
  ...
# Subtest: time renewals preserve exact authority and stale close cannot revoke replacement
ok 536 - time renewals preserve exact authority and stale close cannot revoke replacement
  ---
  duration_ms: 0.479166
  ...
# Subtest: idle teardown and immediate rejoin serialize a new subscription before admission
ok 537 - idle teardown and immediate rejoin serialize a new subscription before admission
  ---
  duration_ms: 0.2705
  ...
# Subtest: bus failure and slow receiver fail explicitly without keeping hidden relay queues
ok 538 - bus failure and slow receiver fail explicitly without keeping hidden relay queues
  ---
  duration_ms: 0.337666
  ...
# Subtest: runtime metadata and bus schemas reject corrupt scope and gameplay frames
ok 539 - runtime metadata and bus schemas reject corrupt scope and gameplay frames
  ---
  duration_ms: 0.319625
  ...
# Subtest: v2 renewal accepts GrantIdentity without timestamps at the actual JSON boundary
ok 540 - v2 renewal accepts GrantIdentity without timestamps at the actual JSON boundary
  ---
  duration_ms: 0.304792
  ...
# Subtest: failed bus is drained before a queued new connection can mark it ready
ok 541 - failed bus is drained before a queued new connection can mark it ready
  ---
  duration_ms: 0.39025
  ...
# Subtest: short-code transactional collisions preserve the live room and retry only bounded conflicts
ok 542 - short-code transactional collisions preserve the live room and retry only bounded conflicts
  ---
  duration_ms: 0.783792
  ...
# Subtest: guest keepalives never extend host-session lifetime and exact expiry rejects admission
ok 543 - guest keepalives never extend host-session lifetime and exact expiry rejects admission
  ---
  duration_ms: 0.286833
  ...
# Subtest: only the current host extends reconnect grace and replacement close cannot shorten it
ok 544 - only the current host extends reconnect grace and replacement close cannot shorten it
  ---
  duration_ms: 0.186375
  ...
# Subtest: host end is authorized, immediate and cannot end a reused code with an old capability
ok 545 - host end is authorized, immediate and cannot end a reused code with an old capability
  ---
  duration_ms: 0.554792
  ...
# Subtest: cached signalling refuses expired rooms before asynchronous TTL deletion
ok 546 - cached signalling refuses expired rooms before asynchronous TTL deletion
  ---
  duration_ms: 0.537792
  ...
# Subtest: gateway expiry timer closes silent sockets without depending on TTL deletion or traffic
ok 547 - gateway expiry timer closes silent sockets without depending on TTL deletion or traffic
  ---
  duration_ms: 5.764708
  ...
# Subtest: delayed old-incarnation heartbeat or read cannot roll back a reused room view
ok 548 - delayed old-incarnation heartbeat or read cannot roll back a reused room view
  ---
  duration_ms: 14.446667
  ...
# Subtest: delayed old admission cannot replace a newly observed room incarnation
ok 549 - delayed old admission cannot replace a newly observed room incarnation
  ---
  duration_ms: 6.298375
  ...
# Subtest: cancelled metadata watch callbacks cannot mutate a recreated room view
ok 550 - cancelled metadata watch callbacks cannot mutate a recreated room view
  ---
  duration_ms: 0.485875
  ...
# Subtest: direct new admission rotates an active old watch before its delayed callbacks arrive
ok 551 - direct new admission rotates an active old watch before its delayed callbacks arrive
  ---
  duration_ms: 3.160625
  ...
# Subtest: shell reflects remaining travel and exposes the true collision path
ok 552 - shell reflects remaining travel and exposes the true collision path
  ---
  duration_ms: 0.886291
  ...
# Subtest: corners reflect both axes and shrinking bounds clamp safely
ok 553 - corners reflect both axes and shrinking bounds clamp safely
  ---
  duration_ms: 0.097166
  ...
# Subtest: shell ricochets off a tail without crossing it and keeps its speed
ok 554 - shell ricochets off a tail without crossing it and keeps its speed
  ---
  duration_ms: 1.711542
  ...
# Subtest: diagonal tails and exposed endpoints reflect instead of tunnelling
ok 555 - diagonal tails and exposed endpoints reflect instead of tunnelling
  ---
  duration_ms: 0.279417
  ...
# Subtest: failure notice classifies only press/release gestures, never neutral or held heartbeats
ok 556 - failure notice classifies only press/release gestures, never neutral or held heartbeats
  ---
  duration_ms: 0.412792
  ...
# Subtest: shot notice persists three seconds independently and another failure restarts the deadline
ok 557 - shot notice persists three seconds independently and another failure restarts the deadline
  ---
  duration_ms: 0.091
  ...
# Subtest: every candidate shape Chrome and Safari emit passes the signalling boundary
ok 558 - every candidate shape Chrome and Safari emit passes the signalling boundary
  ---
  duration_ms: 0.478375
  ...
# Subtest: descriptions from localDescription.toJSON() pass; anything else is rejected
ok 559 - descriptions from localDescription.toJSON() pass; anything else is rejected
  ---
  duration_ms: 0.21275
  ...
# Subtest: connect() while the previous socket is still CONNECTING closes it instead of orphaning it
ok 560 - connect() while the previous socket is still CONNECTING closes it instead of orphaning it
  ---
  duration_ms: 1.142292
  ...
# Subtest: connect() with no prior socket does not attempt to close anything
ok 561 - connect() with no prior socket does not attempt to close anything
  ---
  duration_ms: 0.1205
  ...
# Subtest: a real disconnect on the current socket reports status and reconnects
ok 562 - a real disconnect on the current socket reports status and reconnects
  ---
  duration_ms: 0.105125
  ...
# Subtest: send() only transmits once the current socket reports OPEN, and close() is idempotent-safe
ok 563 - send() only transmits once the current socket reports OPEN, and close() is idempotent-safe
  ---
  duration_ms: 0.100209
  ...
# Subtest: an inbound pong reports round-trip time instead of reaching onMessage
ok 564 - an inbound pong reports round-trip time instead of reaching onMessage
  ---
  duration_ms: 0.616375
  ...
# Subtest: a host error reply survives 200 ms of ticks and world frames, then the connection status returns
ok 565 - a host error reply survives 200 ms of ticks and world frames, then the connection status returns
  ---
  duration_ms: 0.926375
  ...
# Subtest: unchanged recurring status is emitted once however many ticks and frames restate it
ok 566 - unchanged recurring status is emitted once however many ticks and frames restate it
  ---
  duration_ms: 0.237792
  ...
# Subtest: the recurring status that returns after a notice is the latest one, not the one it replaced
ok 567 - the recurring status that returns after a notice is the latest one, not the one it replaced
  ---
  duration_ms: 0.118792
  ...
# Subtest: a join error survives the 500 ms join retry cadence without restating itself
ok 568 - a join error survives the 500 ms join retry cadence without restating itself
  ---
  duration_ms: 0.160125
  ...
# Subtest: a later notice replaces a live notice and extends the hold
ok 569 - a later notice replaces a live notice and extends the hold
  ---
  duration_ms: 0.097375
  ...
# Subtest: a notice raised before any connection status is never replaced by a silent refresh
ok 570 - a notice raised before any connection status is never replaced by a silent refresh
  ---
  duration_ms: 0.117708
  ...
# Subtest: a rejected input frame flashes without holding the line or hiding a real error
ok 571 - a rejected input frame flashes without holding the line or hiding a real error
  ---
  duration_ms: 0.133167
  ...
# Subtest: a terminal notice is never overwritten by recurring status or by later notices
ok 572 - a terminal notice is never overwritten by recurring status or by later notices
  ---
  duration_ms: 0.135375
  ...
# Subtest: target collection arms one normal-strength bomb and preserves volley upgrades
ok 573 - target collection arms one normal-strength bomb and preserves volley upgrades
  ---
  duration_ms: 9.666
  ...
# Subtest: targeting requires pickup and clamps to the current safe field
ok 574 - targeting requires pickup and clamps to the current safe field
  ---
  duration_ms: 1.726792
  ...
# Subtest: cancel, rejected release and death clear preview without consuming; next round resets
ok 575 - cancel, rejected release and death clear preview without consuming; next round resets
  ---
  duration_ms: 0.989625
  ...
# Subtest: queued release uses its own aim rather than a later packet in the same server tick
ok 576 - queued release uses its own aim rather than a later packet in the same server tick
  ---
  duration_ms: 0.536
  ...
# Subtest: Target detonates on the release tick, with damage and protection resolved immediately
ok 577 - Target detonates on the release tick, with damage and protection resolved immediately
  ---
  duration_ms: 1.422125
  ...
# Subtest: instant Target blast chains nearby bombs in the same tick
ok 578 - instant Target blast chains nearby bombs in the same tick
  ---
  duration_ms: 0.545542
  ...
# Subtest: host clock replies are bound, single-use, bounded and invalidated at recovery
ok 579 - host clock replies are bound, single-use, bounded and invalidated at recovery
  ---
  duration_ms: 0.476625
  ...
# Subtest: trail clipping preserves contained geometry identity and timestamps
ok 580 - trail clipping preserves contained geometry identity and timestamps
  ---
  duration_ms: 0.503708
  ...
# Subtest: trail clipping trims crossings on every edge in both directions
ok 581 - trail clipping trims crossings on every edge in both directions
  ---
  duration_ms: 0.454125
  ...
# Subtest: trail clipping keeps closed tangent edges and corner contacts
ok 582 - trail clipping keeps closed tangent edges and corner contacts
  ---
  duration_ms: 0.069083
  ...
# Subtest: trail clipping removes exterior points, parallel lines and disjoint diagonal segments
ok 583 - trail clipping removes exterior points, parallel lines and disjoint diagonal segments
  ---
  duration_ms: 0.063417
  ...
# Subtest: overtime trims dead and living trails before collision and snapshot, retaining disconnected pieces
ok 584 - overtime trims dead and living trails before collision and snapshot, retaining disconnected pieces
  ---
  duration_ms: 9.561
  ...
# Subtest: star, shield and portal grace bounce trails cannot start outside the newly closed field
ok 585 - star, shield and portal grace bounce trails cannot start outside the newly closed field
  ---
  duration_ms: 1.84325
  ...
# Subtest: overtime clipping preserves portal entry and exit discontinuity
ok 586 - overtime clipping preserves portal entry and exit discontinuity
  ---
  duration_ms: 0.96175
  ...
# Subtest: Worker persists an incarnation and allocates authority to the current host connection only
ok 587 - Worker persists an incarnation and allocates authority to the current host connection only
  ---
  duration_ms: 15.183083
  ...
# Subtest: Worker fences host replacement and delayed close without overlapping lease validity
ok 588 - Worker fences host replacement and delayed close without overlapping lease validity
  ---
  duration_ms: 1.437125
  ...
# Subtest: Worker renews only an active exact grant from its current host, with authenticated clock echo
ok 589 - Worker renews only an active exact grant from its current host, with authenticated clock echo
  ---
  duration_ms: 1.397125
  ...
# Subtest: Worker routes only current authenticated endpoints and includes source connection scope
ok 590 - Worker routes only current authenticated endpoints and includes source connection scope
  ---
  duration_ms: 1.837959
  ...
# Subtest: Worker serializes simultaneous host reservations and retains fencing through hibernation state
ok 591 - Worker serializes simultaneous host reservations and retains fencing through hibernation state
  ---
  duration_ms: 0.91225
  ...
# Subtest: Worker rejects malformed clock requests and bounds six active memberships while permitting replacement
ok 592 - Worker rejects malformed clock requests and bounds six active memberships while permitting replacement
  ---
  duration_ms: 2.898084
  ...
# Subtest: Worker reserves creator capacity when invitees arrive before the host
ok 593 - Worker reserves creator capacity when invitees arrive before the host
  ---
  duration_ms: 1.586292
  ...
# Subtest: Worker rejects gameplay relay even between valid host and guest sockets
ok 594 - Worker rejects gameplay relay even between valid host and guest sockets
  ---
  duration_ms: 0.902125
  ...
# Subtest: Worker expires at90seconds without host heartbeat even while guests keep sending
ok 595 - Worker expires at90seconds without host heartbeat even while guests keep sending
  ---
  duration_ms: 1.11975
  ...
# Subtest: Worker end requires host capability and code reuse clears prior authority
ok 596 - Worker end requires host capability and code reuse clears prior authority
  ---
  duration_ms: 1.499791
  ...
# Subtest: Worker current host heartbeats extend deadline while stale closes do not
ok 597 - Worker current host heartbeats extend deadline while stale closes do not
  ---
  duration_ms: 1.165916
  ...
1..597
# tests 597
# suites 0
# pass 597
# fail 0
# cancelled 0
# skipped 0
# todo 0
# duration_ms 6824.964583
--------------------------|---------|----------|---------|---------|--------------------------------
File                      | % Stmts | % Branch | % Funcs | % Lines | Uncovered Line #s              
--------------------------|---------|----------|---------|---------|--------------------------------
All files                 |   99.19 |    94.07 |   98.88 |   99.19 |                                
 client                   |     100 |    97.94 |    98.3 |     100 |                                
  audio-director.ts       |     100 |    98.38 |     100 |     100 | 77                             
  controller-keyboard.ts  |     100 |      100 |     100 |     100 |                                
  controller-pointers.ts  |     100 |    98.48 |   91.66 |     100 | 56                             
  controller-state.ts     |     100 |    98.95 |     100 |     100 | 81                             
  render-snapshot.ts      |     100 |       90 |     100 |     100 | 37-45                          
  snapshot-stream.ts      |     100 |      100 |     100 |     100 |                                
 online                   |   98.84 |    92.49 |   98.48 |   98.84 |                                
  action-replication.ts   |     100 |    89.94 |     100 |     100 | ...135,142,153,159,162,164-166 
  authority-grace.ts      |     100 |      100 |     100 |     100 |                                
  authority-status.ts     |     100 |      100 |     100 |     100 |                                
  authority.ts            |     100 |      100 |     100 |     100 |                                
  checkpoint.ts           |     100 |     91.7 |     100 |     100 | ...112,114,117-119,121,137,141 
  direct-clock.ts         |     100 |    98.98 |     100 |     100 | 75                             
  direct-control.ts       |     100 |      100 |     100 |     100 |                                
  direct-heartbeat.ts     |     100 |    95.52 |     100 |     100 | 19,86,95,100,105,107           
  direct-ingress.ts       |     100 |      100 |     100 |     100 |                                
  direct-origin.ts        |     100 |    95.58 |     100 |     100 | 53,57,69                       
  direct-room-state.ts    |     100 |    95.08 |     100 |     100 | 38,48,63,71,84,98              
  direct-segment.ts       |     100 |    90.78 |   96.42 |     100 | ...222,231,261,263,272,283,295 
  direct-stream.ts        |     100 |    98.74 |     100 |     100 | 42,159                         
  host-session.ts         |   99.49 |    89.79 |     100 |   99.49 | 41                             
  ice-config.ts           |     100 |    97.36 |     100 |     100 | 13                             
  ice-signal.ts           |     100 |       92 |     100 |     100 | 9,18                           
  keyframe-delivery.ts    |     100 |      100 |     100 |     100 |                                
  link-callback.ts        |     100 |      100 |     100 |     100 |                                
  link-diagnostics.ts     |     100 |       84 |     100 |     100 | 16,20,33,39-42                 
  link-health.ts          |     100 |      100 |     100 |     100 |                                
  link-restart.ts         |     100 |      100 |     100 |     100 |                                
  link-send-gate.ts       |     100 |      100 |     100 |     100 |                                
  local-runtime.ts        |     100 |    89.58 |     100 |     100 | 33,54,61,71-73                 
  mobile-play-policy.ts   |     100 |      100 |     100 |     100 |                                
  prediction-clock.ts     |     100 |    98.03 |     100 |     100 | 37                             
  prediction.ts           |    97.6 |    87.61 |     100 |    97.6 | 105-107                        
  recipient-ack.ts        |     100 |      100 |     100 |     100 |                                
  remote-signal.ts        |   95.34 |    94.73 |     100 |   95.34 | 36-37                          
  response-measurement.ts |     100 |    98.52 |     100 |     100 | 25                             
  rollback-world.ts       |     100 |    91.82 |     100 |     100 | ...174,187,216,224-226,233,247 
  room-lifecycle.ts       |     100 |      100 |     100 |     100 |                                
  room-socket-close.ts    |     100 |      100 |     100 |     100 |                                
  runtime.ts              |   93.24 |    87.52 |   87.87 |   93.24 | ...406,410-414,428-430,446-457 
  status-notices.ts       |     100 |      100 |     100 |     100 |                                
  world-codec.ts          |     100 |     86.4 |      90 |     100 | ...64,66,68,71-75,86,88-95,100 
 server                   |    98.2 |     92.2 |     100 |    98.2 |                                
  bomb-input.ts           |     100 |      100 |     100 |     100 |                                
  index.ts                |    97.9 |    90.95 |     100 |    97.9 | 60,74,283-286                  
 service                  |     100 |      100 |     100 |     100 |                                
  signal.ts               |     100 |      100 |     100 |     100 |                                
 shared                   |   99.59 |    96.83 |     100 |   99.59 |                                
  action-log.ts           |     100 |    96.03 |     100 |     100 | 40,44,75-76,113                
  avatars.ts              |     100 |      100 |     100 |     100 |                                
  blast-geometry.ts       |     100 |      100 |     100 |     100 |                                
  bomb-launch.ts          |     100 |      100 |     100 |     100 |                                
  bot-controller.ts       |     100 |      100 |     100 |     100 |                                
  deterministic-math.ts   |     100 |      100 |     100 |     100 |                                
  direct-input.ts         |     100 |      100 |     100 |     100 |                                
  drunk.ts                |     100 |      100 |     100 |     100 |                                
  duration-text.ts        |     100 |      100 |     100 |     100 |                                
  game.ts                 |   99.44 |    95.82 |     100 |   99.44 | 342-343,730-731,1154-1156      
  gun.ts                  |     100 |    88.23 |     100 |     100 | 26,31                          
  launch-modifiers.ts     |     100 |      100 |     100 |     100 |                                
  leaderboard.ts          |   96.63 |    94.33 |     100 |   96.63 | 46-47,89-90                    
  match-recap.ts          |     100 |    95.71 |     100 |     100 | 23,83,86                       
  match-stats.ts          |     100 |    98.36 |     100 |     100 | 181                            
  pickup-weights.ts       |     100 |       90 |     100 |     100 | 16                             
  portal.ts               |     100 |      100 |     100 |     100 |                                
  protocol.ts             |     100 |      100 |     100 |     100 |                                
  rider-motion.ts         |     100 |      100 |     100 |     100 |                                
  room-code.ts            |     100 |      100 |     100 |     100 |                                
  room-settings.ts        |     100 |    92.85 |     100 |     100 | 27                             
  shell.ts                |     100 |    93.47 |     100 |     100 | 15,47-50                       
  trail-clipping.ts       |     100 |      100 |     100 |     100 |                                
--------------------------|---------|----------|---------|---------|--------------------------------
