TAP version 13
# Subtest: accepted host actions replay complete lifecycle, bots, timeout cancellation and resets
ok 1 - accepted host actions replay complete lifecycle, bots, timeout cancellation and resets
  ---
  duration_ms: 4270.119
  ...
# Subtest: replica game checkpoint preserves connected and charging state without host recovery sanitization
ok 2 - replica game checkpoint preserves connected and charging state without host recovery sanitization
  ---
  duration_ms: 3.197458
  ...
# Subtest: steady held input records only changes; bomb edges never persist into later ticks
ok 3 - steady held input records only changes; bomb edges never persist into later ticks
  ---
  duration_ms: 2.411708
  ...
# Subtest: MessagePack tuples and malformed operations are bounded
ok 4 - MessagePack tuples and malformed operations are bounded
  ---
  duration_ms: 3.001875
  ...
# Subtest: real encoded sender/receiver: duplicate, dropped and reordered batches repair without divergent commit
ok 5 - real encoded sender/receiver: duplicate, dropped and reordered batches repair without divergent commit
  ---
  duration_ms: 4.711292
  ...
# Subtest: invalid transaction and repeated hash mismatch never replace healthy state; fresh baseline repairs
ok 6 - invalid transaction and repeated hash mismatch never replace healthy state; fresh baseline repairs
  ---
  duration_ms: 1.615458
  ...
# Subtest: checkpoint chunk loss, reordering, corruption and timeout are bounded
ok 7 - checkpoint chunk loss, reordering, corruption and timeout are bounded
  ---
  duration_ms: 3.392083
  ...
# Subtest: decoder rejects nested allocation bombs before decoding and accepts ordinary envelopes
ok 8 - decoder rejects nested allocation bombs before decoding and accepts ordinary envelopes
  ---
  duration_ms: 6.561834
  ...
# Subtest: checkpoint and action identity validation agree, including history bounds and legal slot reuse
ok 9 - checkpoint and action identity validation agree, including history bounds and legal slot reuse
  ---
  duration_ms: 68.222375
  ...
# Subtest: newer checkpoint generations cannot erase same-tick accepted lifecycle operations
ok 10 - newer checkpoint generations cannot erase same-tick accepted lifecycle operations
  ---
  duration_ms: 1.131042
  ...
# Subtest: hash comparison survives backpressure precisely on twentieth ticks
ok 11 - hash comparison survives backpressure precisely on twentieth ticks
  ---
  duration_ms: 7.082208
  ...
# Subtest: missing middle checkpoint chunk times out, throttled pump recovers with a fresh generation
ok 12 - missing middle checkpoint chunk times out, throttled pump recovers with a fresh generation
  ---
  duration_ms: 75.360417
  ...
# Subtest: signed-zero headings and arena-coordinate bomb targets survive checkpoint suffix replay
ok 13 - signed-zero headings and arena-coordinate bomb targets survive checkpoint suffix replay
  ---
  duration_ms: 2.142
  ...
# Subtest: host refuses a new historical identity before replay/checkpoint capacity is exceeded
ok 14 - host refuses a new historical identity before replay/checkpoint capacity is exceeded
  ---
  duration_ms: 2.324959
  ...
# Subtest: signed-zero local aim is normalized before MessagePack checkpoint and action capture
ok 15 - signed-zero local aim is normalized before MessagePack checkpoint and action capture
  ---
  duration_ms: 3.0805
  ...
# Subtest: MessagePack action changes carry full applied ticks across sparse input and bomb transitions
ok 16 - MessagePack action changes carry full applied ticks across sparse input and bomb transitions
  ---
  duration_ms: 1.969791
  ...
# Subtest: absolute action ticks above uint16 replay independently of previous held timestamps
ok 17 - absolute action ticks above uint16 replay independently of previous held timestamps
  ---
  duration_ms: 0.479125
  ...
# Subtest: action tick mismatch and legacy replay checkpoints preserve healthy receiver state
ok 18 - action tick mismatch and legacy replay checkpoints preserve healthy receiver state
  ---
  duration_ms: 1.478708
  ...
# Subtest: assets resolve once under a Pages base and preserve external URLs
ok 19 - assets resolve once under a Pages base and preserve external URLs
  ---
  duration_ms: 0.459208
  ...
# Subtest: audio requires gesture unlock, routes independent mute and volume, and tolerates refusal
ok 20 - audio requires gesture unlock, routes independent mute and volume, and tolerates refusal
  ---
  duration_ms: 0.964625
  ...
# Subtest: original score loops with bounded scheduling and no background catch-up
ok 21 - original score loops with bounded scheduling and no background catch-up
  ---
  duration_ms: 2.39175
  ...
# Subtest: authoritative effects coalesce volleys, reject stale events and baseline reconnects silently
ok 22 - authoritative effects coalesce volleys, reject stale events and baseline reconnects silently
  ---
  duration_ms: 0.361208
  ...
# Subtest: pickup cues use authoritative collection events and reconnect baseline stays silent
ok 23 - pickup cues use authoritative collection events and reconnect baseline stays silent
  ---
  duration_ms: 0.105375
  ...
# Subtest: engine emits collection once only after a real pickup is consumed
ok 24 - engine emits collection once only after a real pickup is consumed
  ---
  duration_ms: 11.6865
  ...
# Subtest: older round snapshots cannot reset scope or stop music
ok 25 - older round snapshots cannot reset scope or stop music
  ---
  duration_ms: 0.176833
  ...
# Subtest: eight original scores have long arrangements, distinct melodies and bounded valid voices
ok 26 - eight original scores have long arrangements, distinct melodies and bounded valid voices
  ---
  duration_ms: 10.876916
  ...
# Subtest: playlist completes an arrangement, rotates all eight tunes and retains mute and volume
ok 27 - playlist completes an arrangement, rotates all eight tunes and retains mute and volume
  ---
  duration_ms: 0.733667
  ...
# Subtest: new rounds advance playlist once; repeated snapshots and reconnects do not rewind it
ok 28 - new rounds advance playlist once; repeated snapshots and reconnects do not rewind it
  ---
  duration_ms: 0.115
  ...
# Subtest: enabled audio plays in the lobby and intermissions and explicit enable confirms output
ok 29 - enabled audio plays in the lobby and intermissions and explicit enable confirms output
  ---
  duration_ms: 0.099417
  ...
# Subtest: two jazz tunes swing in tempo and use soft walking bass and seventh chords
ok 30 - two jazz tunes swing in tempo and use soft walking bass and seventh chords
  ---
  duration_ms: 0.152709
  ...
# Subtest: director schedules swung offbeats without catch-up bursts
ok 31 - director schedules swung offbeats without catch-up bursts
  ---
  duration_ms: 0.103291
  ...
# Subtest: gun launch plays a layered cannon cue
ok 32 - gun launch plays a layered cannon cue
  ---
  duration_ms: 0.10775
  ...
# Subtest: a host stall over the clock threshold pauses advancing but keeps seat scopes; queued and old-scope inputs still apply
ok 33 - a host stall over the clock threshold pauses advancing but keeps seat scopes; queued and old-scope inputs still apply
  ---
  duration_ms: 18.254792
  ...
# Subtest: a single time sample above the lease guard pauses for one sample period without rotating seat scopes
ok 34 - a single time sample above the lease guard pauses for one sample period without rotating seat scopes
  ---
  duration_ms: 2.002166
  ...
# Subtest: continuous non-permission beyond the grace clears seats exactly once; a fresh certification re-arms it
ok 35 - continuous non-permission beyond the grace clears seats exactly once; a fresh certification re-arms it
  ---
  duration_ms: 17.298209
  ...
# Subtest: a lease that actually lapses under a healthy clock stops advancing at once and clears seats after the grace
ok 36 - a lease that actually lapses under a healthy clock stops advancing at once and clears seats after the grace
  ---
  duration_ms: 6.561833
  ...
# Subtest: AuthorityGrace fires once per outage, only after prior permission, and reset() scopes it to one authority
ok 37 - AuthorityGrace fires once per outage, only after prior permission, and reset() scopes it to one authority
  ---
  duration_ms: 0.288583
  ...
# Subtest: authority recovery clears a stale pause once without overwriting subsequent command errors
ok 38 - authority recovery clears a stale pause once without overwriting subsequent command errors
  ---
  duration_ms: 0.46475
  ...
# Subtest: a sustained pause announces itself once; further ticks preserve the notice on screen
ok 39 - a sustained pause announces itself once; further ticks preserve the notice on screen
  ---
  duration_ms: 0.082708
  ...
# Subtest: initial permission produces confirmed status and sustained permission stays silent
ok 40 - initial permission produces confirmed status and sustained permission stays silent
  ---
  duration_ms: 0.047959
  ...
# Subtest: ten distinct avatar ids address exactly ten atlas cells
ok 41 - ten distinct avatar ids address exactly ten atlas cells
  ---
  duration_ms: 1.622
  ...
# Subtest: default and selected heads appear in authoritative snapshots without changing slot color
ok 42 - default and selected heads appear in authoritative snapshots without changing slot color
  ---
  duration_ms: 7.722542
  ...
# Subtest: live avatar messages only accept a known head and no player override
ok 43 - live avatar messages only accept a known head and no player override
  ---
  duration_ms: 0.157875
  ...
# Subtest: disk uses radial distance rather than bounding square or cross
ok 44 - disk uses radial distance rather than bounding square or cross
  ---
  duration_ms: 0.4075
  ...
# Subtest: swept disk detects crossing, tangent, radius padding and endpoint misses
ok 45 - swept disk detects crossing, tangent, radius padding and endpoint misses
  ---
  duration_ms: 0.080208
  ...
# Subtest: ordered bomb edges survive a between-tick tap, while held resends do not repeat presses
ok 46 - ordered bomb edges survive a between-tick tap, while held resends do not repeat presses
  ---
  duration_ms: 0.771667
  ...
# Subtest: interruption discards even a queued release and requires a neutral handshake
ok 47 - interruption discards even a queued release and requires a neutral handshake
  ---
  duration_ms: 0.091667
  ...
# Subtest: overflow cancels the bounded queue and a later fresh press can recover
ok 48 - overflow cancels the bounded queue and a later fresh press can recover
  ---
  duration_ms: 0.060583
  ...
# Subtest: target input preserves per-release aim despite later packets and caller mutation
ok 49 - target input preserves per-release aim despite later packets and caller mutation
  ---
  duration_ms: 0.104292
  ...
# Subtest: maps charge ticks linearly between accepted minimum and maximum
ok 50 - maps charge ticks linearly between accepted minimum and maximum
  ---
  duration_ms: 0.395916
  ...
# Subtest: projects along the release angle and clamps each coordinate to safe bounds
ok 51 - projects along the release angle and clamps each coordinate to safe bounds
  ---
  duration_ms: 0.580625
  ...
# Subtest: AI is deterministic, uses its injected random stream and never mutates the observed world
ok 52 - AI is deterministic, uses its injected random stream and never mutates the observed world
  ---
  duration_ms: 15.695417
  ...
# Subtest: AI is neutral when absent, dead, disconnected or waiting for next round
ok 53 - AI is neutral when absent, dead, disconnected or waiting for next round
  ---
  duration_ms: 0.550958
  ...
# Subtest: AI turns away from imminent walls, trails and rider paths
ok 54 - AI turns away from imminent walls, trails and rider paths
  ---
  duration_ms: 5.145042
  ...
# Subtest: AI considers expired and recent own trails, pickups, blasts, shells and drunk heading without changing physics
ok 55 - AI considers expired and recent own trails, pickups, blasts, shells and drunk heading without changing physics
  ---
  duration_ms: 1.013542
  ...
# Subtest: AI presses, holds and releases ordinary bombs through the same charge/cooldown rules
ok 56 - AI presses, holds and releases ordinary bombs through the same charge/cooldown rules
  ---
  duration_ms: 11.048667
  ...
# Subtest: AI target/gun/shell shots use normal input actions and target aim is bounded
ok 57 - AI target/gun/shell shots use normal input actions and target aim is bounded
  ---
  duration_ms: 3.11575
  ...
# Subtest: Host alone can manage AI, five shared slots are enforced, and a solo host can start
ok 58 - Host alone can manage AI, five shared slots are enforced, and a solo host can start
  ---
  duration_ms: 0.911542
  ...
# Subtest: AI arriving during a match waits and appears in the next round without a timed click
ok 59 - AI arriving during a match waits and appears in the next round without a timed click
  ---
  duration_ms: 61.523667
  ...
# Subtest: AI removal/reset frees its slot without converting humans or reusing old bot identity
ok 60 - AI removal/reset frees its slot without converting humans or reusing old bot identity
  ---
  duration_ms: 0.292209
  ...
# Subtest: Checkpoint v3 restores only validated bot ownership and rejects malformed registries atomically
ok 61 - Checkpoint v3 restores only validated bot ownership and rejects malformed registries atomically
  ---
  duration_ms: 4.042208
  ...
# Subtest: visual projection uses authoritative tick spacing during packet bursts
ok 62 - visual projection uses authoritative tick spacing during packet bursts
  ---
  duration_ms: 0.621333
  ...
# Subtest: visual projection freezes after 50 ms and never projects death or non-playing phases
ok 63 - visual projection freezes after 50 ms and never projects death or non-playing phases
  ---
  duration_ms: 0.086667
  ...
# Subtest: visual projection does not cross round, match, membership or timestamp boundaries
ok 64 - visual projection does not cross round, match, membership or timestamp boundaries
  ---
  duration_ms: 0.0945
  ...
# Subtest: visual projection snaps a portal transit and resumes on the next ordinary movement pair
ok 65 - visual projection snaps a portal transit and resumes on the next ordinary movement pair
  ---
  duration_ms: 0.080042
  ...
# Subtest: multitouch retains a control until its final pointer releases
ok 66 - multitouch retains a control until its final pointer releases
  ---
  duration_ms: 0.552875
  ...
# Subtest: fast bomb tap and cancellation always send the falling edge
ok 67 - fast bomb tap and cancellation always send the falling edge
  ---
  duration_ms: 0.107042
  ...
# Subtest: pointer cancellation never launches and lost capture after release is a no-op
ok 68 - pointer cancellation never launches and lost capture after release is a no-op
  ---
  duration_ms: 0.085375
  ...
# Subtest: reconnect can force a neutral sample to rearm bomb edges
ok 69 - reconnect can force a neutral sample to rearm bomb edges
  ---
  duration_ms: 0.06625
  ...
# Subtest: held-state resend advances sequence while idle resend stays silent
ok 70 - held-state resend advances sequence while idle resend stays silent
  ---
  duration_ms: 0.143125
  ...
# Subtest: snapshot acceptance handles opaque match ids without lexicographic ordering
ok 71 - snapshot acceptance handles opaque match ids without lexicographic ordering
  ---
  duration_ms: 0.140042
  ...
# Subtest: snapshot acceptance rejects an older round in the active match
ok 72 - snapshot acceptance rejects an older round in the active match
  ---
  duration_ms: 0.049917
  ...
# Subtest: target preview projects for at most one tick and stays inside the arena
ok 73 - target preview projects for at most one tick and stays inside the arena
  ---
  duration_ms: 0.102875
  ...
# Subtest: shell visuals advance between server ticks and reflect off walls without changing authority
ok 74 - shell visuals advance between server ticks and reflect off walls without changing authority
  ---
  duration_ms: 0.22725
  ...
# Subtest: public smoke exercises real gateway socket boundaries and emits no credentials
ok 75 - public smoke exercises real gateway socket boundaries and emits no credentials
  ---
  duration_ms: 53.394791
  ...
# Subtest: public smoke stops on broken CORS and reports only a safe check label
ok 76 - public smoke stops on broken CORS and reports only a safe check label
  ---
  duration_ms: 42.289709
  ...
# Subtest: public smoke rejects plaintext and credential-bearing production origins before requests
ok 77 - public smoke rejects plaintext and credential-bearing production origins before requests
  ---
  duration_ms: 3342.358916
  ...
# Subtest: arrows share held state and Space emits exactly one press and release despite repeats
ok 78 - arrows share held state and Space emits exactly one press and release despite repeats
  ---
  duration_ms: 1.015875
  ...
# Subtest: pointer ownership survives keyboard release and cancellation
ok 79 - pointer ownership survives keyboard release and cancellation
  ---
  duration_ms: 0.108583
  ...
# Subtest: menu/focus/visibility cancellation never fires and repeat after reset cannot restart charge
ok 80 - menu/focus/visibility cancellation never fires and repeat after reset cannot restart charge
  ---
  duration_ms: 0.095
  ...
# Subtest: blocked and unrelated keys retain normal browser handling
ok 81 - blocked and unrelated keys retain normal browser handling
  ---
  duration_ms: 0.061791
  ...
# Subtest: blocked new key clears previously held keys without releasing a bomb
ok 82 - blocked new key clears previously held keys without releasing a bomb
  ---
  duration_ms: 0.057208
  ...
# Subtest: browser modifier shortcuts remain untouched while keyup releases an earlier plain hold
ok 83 - browser modifier shortcuts remain untouched while keyup releases an earlier plain hold
  ---
  duration_ms: 0.117416
  ...
# Subtest: A and D aliases retain independent held ownership from arrow keys
ok 84 - A and D aliases retain independent held ownership from arrow keys
  ---
  duration_ms: 0.07775
  ...
# Subtest: keyboard ArrowLeft/ArrowRight and Space share serialized steering and charge/release semantics
ok 85 - keyboard ArrowLeft/ArrowRight and Space share serialized steering and charge/release semantics
  ---
  duration_ms: 1.296833
  ...
# Subtest: keyboard KeyA/KeyD and Space share serialized steering and charge/release semantics
ok 86 - keyboard KeyA/KeyD and Space share serialized steering and charge/release semantics
  ---
  duration_ms: 0.145791
  ...
# Subtest: arrow and letter aliases keep steering until both keys are released
ok 87 - arrow and letter aliases keep steering until both keys are released
  ---
  duration_ms: 0.281334
  ...
# Subtest: keyboard and pointer holds do not release each other
ok 88 - keyboard and pointer holds do not release each other
  ---
  duration_ms: 0.271125
  ...
# Subtest: focus/lifecycle cancellation never fires or reactivates a held key on repeat
ok 89 - focus/lifecycle cancellation never fires or reactivates a held key on repeat
  ---
  duration_ms: 0.182958
  ...
# Subtest: typing, disabled contexts and browser shortcuts are left alone, but keyup still releases
ok 90 - typing, disabled contexts and browser shortcuts are left alone, but keyup still releases
  ---
  duration_ms: 0.142042
  ...
# Subtest: recycled pointer ownership cancels old steering and makes both buttons reusable
ok 91 - recycled pointer ownership cancels old steering and makes both buttons reusable
  ---
  duration_ms: 0.134917
  ...
# Subtest: global release works if capture throws and leaves simultaneous touches intact
ok 92 - global release works if capture throws and leaves simultaneous touches intact
  ---
  duration_ms: 0.110416
  ...
# Subtest: lost capture and clear cancel charge without accidental release, then recover immediately
ok 93 - lost capture and clear cancel charge without accidental release, then recover immediately
  ---
  duration_ms: 0.123
  ...
# Subtest: disabled buttons, unrelated capture loss, right clicks and duplicate terminal events do nothing
ok 94 - disabled buttons, unrelated capture loss, right clicks and duplicate terminal events do nothing
  ---
  duration_ms: 0.096458
  ...
# Subtest: input model independently repairs pointer reassignment and preserves duplicate down
ok 95 - input model independently repairs pointer reassignment and preserves duplicate down
  ---
  duration_ms: 0.074958
  ...
# Subtest: held drag enters, switches and exits buttons without tapping; hovering does not press
ok 96 - held drag enters, switches and exits buttons without tapping; hovering does not press
  ---
  duration_ms: 0.175875
  ...
# Subtest: Target aim keeps its thumb while sliding across other controls
ok 97 - Target aim keeps its thumb while sliding across other controls
  ---
  duration_ms: 0.554708
  ...
# Subtest: cancelled or cleared contacts cannot slide-reactivate before lifting
ok 98 - cancelled or cleared contacts cannot slide-reactivate before lifting
  ---
  duration_ms: 0.188709
  ...
# Subtest: target trackpad uses relative motion, throttles packets and sends final release coordinates
ok 99 - target trackpad uses relative motion, throttles packets and sends final release coordinates
  ---
  duration_ms: 1.010584
  ...
# Subtest: aim clamps the board and other fingers cannot move it; cancellation clears it
ok 100 - aim clamps the board and other fingers cannot move it; cancellation clears it
  ---
  duration_ms: 0.135666
  ...
# Subtest: second Fire contact inherits aim without a jump, refresh does not reset active aim
ok 101 - second Fire contact inherits aim without a jump, refresh does not reset active aim
  ---
  duration_ms: 0.082
  ...
# Subtest: ordinary controls send no aim and invalid positions do not corrupt it
ok 102 - ordinary controls send no aim and invalid positions do not corrupt it
  ---
  duration_ms: 0.077709
  ...
# Subtest: host intention waits for permission, latest wins, expires and cannot cross authority reset
ok 103 - host intention waits for permission, latest wins, expires and cannot cross authority reset
  ---
  duration_ms: 0.825166
  ...
# Subtest: wire actions use full uint32 ticks and strict bounded MessagePack tuples
ok 104 - wire actions use full uint32 ticks and strict bounded MessagePack tuples
  ---
  duration_ms: 1.743583
  ...
# Subtest: independent stream fills holes, permits older repairs after watermark, ignores reordered watermarks
ok 105 - independent stream fills holes, permits older repairs after watermark, ignores reordered watermarks
  ---
  duration_ms: 0.373916
  ...
# Subtest: conflicting IDs, incomparable promises, chronological inversion and reused gesture are atomic faults
ok 106 - conflicting IDs, incomparable promises, chronological inversion and reused gesture are atomic faults
  ---
  duration_ms: 0.341667
  ...
# Subtest: whole world advances with no action packets, then bounded rollback exactly reconstructs late actions
ok 107 - whole world advances with no action packets, then bounded rollback exactly reconstructs late actions
  ---
  duration_ms: 84.548292
  ...
# Subtest: all same-tick press/release packet permutations yield exactly one identical shot
ok 108 - all same-tick press/release packet permutations yield exactly one identical shot
  ---
  duration_ms: 74.238833
  ...
# Subtest: replacement press restarts charge; old release cannot fire the newer gesture
ok 109 - replacement press restarts charge; old release cannot fire the newer gesture
  ---
  duration_ms: 3.577542
  ...
# Subtest: missing press never invents charge; cancel and aiming preserve per-action target order
ok 110 - missing press never invents charge; cancel and aiming preserve per-action target order
  ---
  duration_ms: 5.913458
  ...
# Subtest: idle repair delivers a lost final release; receipt loss never duplicates shots
ok 111 - idle repair delivers a lost final release; receipt loss never duplicates shots
  ---
  duration_ms: 4.6355
  ...
# Subtest: origin immediately sends newest plus old gap records; backpressure repair is paced and bounded
ok 112 - origin immediately sends newest plus old gap records; backpressure repair is paced and bounded
  ---
  duration_ms: 14.146
  ...
# Subtest: finality waits for cross-channel input gaps, then emits derived effects exactly once
ok 113 - finality waits for cross-channel input gaps, then emits derived effects exactly once
  ---
  duration_ms: 12.698541
  ...
# Subtest: finalized bootstrap uses applied prefixes, leaving already received future actions for suffix replay
ok 114 - finalized bootstrap uses applied prefixes, leaving already received future actions for suffix replay
  ---
  duration_ms: 66.579125
  ...
# Subtest: speculation pauses at its fixed bound and resumes after verified finality
ok 115 - speculation pauses at its fixed bound and resumes after verified finality
  ---
  duration_ms: 36.347291
  ...
# Subtest: malformed/future/wrong-owner/stale-segment messages do not alter healthy world
ok 116 - malformed/future/wrong-owner/stale-segment messages do not alter healthy world
  ---
  duration_ms: 6.2565
  ...
# Subtest: invalid bootstrap, changed rules, corrupt state and wrong scope never instantiate a replica
ok 117 - invalid bootstrap, changed rules, corrupt state and wrong scope never instantiate a replica
  ---
  duration_ms: 5.436708
  ...
# Subtest: encoded history budget rejects growth atomically rather than discarding rollback dependencies
ok 118 - encoded history budget rejects growth atomically rather than discarding rollback dependencies
  ---
  duration_ms: 4.57225
  ...
# Subtest: six independently advancing replicas converge through delayed/reordered delivery for five streams
ok 119 - six independently advancing replicas converge through delayed/reordered delivery for five streams
  ---
  duration_ms: 6189.836875
  ...
# Subtest: new completeness cuts preserve older promises and already certified progress
ok 120 - new completeness cuts preserve older promises and already certified progress
  ---
  duration_ms: 0.20275
  ...
# Subtest: watermark cuts, including empty periods, have a hard retention bound
ok 121 - watermark cuts, including empty periods, have a hard retention bound
  ---
  duration_ms: 0.705958
  ...
# Subtest: bootstrap rejects a rehashed impossible gesture state, not only corrupt hashes
ok 122 - bootstrap rejects a rehashed impossible gesture state, not only corrupt hashes
  ---
  duration_ms: 1.32925
  ...
# Subtest: older complete finality advances while newer certificates still await input repair
ok 123 - older complete finality advances while newer certificates still await input repair
  ---
  duration_ms: 24.500833
  ...
# Subtest: pending certificates normalize prefix order and reject conflicts without bypassing a bad older hash
ok 124 - pending certificates normalize prefix order and reject conflicts without bypassing a bad older hash
  ---
  duration_ms: 9.68975
  ...
# Subtest: pending finality has a forty-tick bound and encoded-byte admission is atomic
ok 125 - pending finality has a forty-tick bound and encoded-byte admission is atomic
  ---
  duration_ms: 9.989208
  ...
# Subtest: lost receipts retain the oldest gap without starving rotation through the unacknowledged tail
ok 126 - lost receipts retain the oldest gap without starving rotation through the unacknowledged tail
  ---
  duration_ms: 0.512833
  ...
# Subtest: delivery exact cuts exclude future groups and cannot contradict retained actions
ok 127 - delivery exact cuts exclude future groups and cannot contradict retained actions
  ---
  duration_ms: 0.110791
  ...
# Subtest: remote future staging derives from both clock uncertainties without extending the execution horizon
ok 128 - remote future staging derives from both clock uncertainties without extending the execution horizon
  ---
  duration_ms: 14.584667
  ...
# Subtest: recovery distinguishes invalid action admission from verified finality disagreement
ok 129 - recovery distinguishes invalid action admission from verified finality disagreement
  ---
  duration_ms: 4.236959
  ...
# Subtest: compact control admits only complete bounded clock and finality schemas
ok 130 - compact control admits only complete bounded clock and finality schemas
  ---
  duration_ms: 1.575417
  ...
# Subtest: each pair elects one initiator, with the follower initiating clock exchanges
ok 131 - each pair elects one initiator, with the follower initiating clock exchanges
  ---
  duration_ms: 0.447291
  ...
# Subtest: quiet healthy pairs exchange one request/reply per second and confirm both directions
ok 132 - quiet healthy pairs exchange one request/reply per second and confirm both directions
  ---
  duration_ms: 4.040875
  ...
# Subtest: lost replies and rejected enqueues retry with fresh IDs then return to the quiet cadence
ok 133 - lost replies and rejected enqueues retry with fresh IDs then return to the quiet cadence
  ---
  duration_ms: 0.980959
  ...
# Subtest: one-sided loss cannot keep the responder healthy with fresh requests alone
ok 134 - one-sided loss cannot keep the responder healthy with fresh requests alone
  ---
  duration_ms: 4.414125
  ...
# Subtest: replayed or reordered heartbeat IDs cannot reinstall data or refresh acknowledgement time
ok 135 - replayed or reordered heartbeat IDs cannot reinstall data or refresh acknowledgement time
  ---
  duration_ms: 0.449625
  ...
# Subtest: late or unsolicited replies cannot qualify a clock or link
ok 136 - late or unsolicited replies cannot qualify a clock or link
  ---
  duration_ms: 2.728792
  ...
# Subtest: shape, nested alias/nonce, role and byte checks precede application acceptance
ok 137 - shape, nested alias/nonce, role and byte checks precede application acceptance
  ---
  duration_ms: 0.495416
  ...
# Subtest: a rejected application candidate consumes no incoming identity or health evidence
ok 138 - a rejected application candidate consumes no incoming identity or health evidence
  ---
  duration_ms: 0.138708
  ...
# Subtest: fast qualification is bounded, stop clears attempts, and sequence exhaustion never wraps
ok 139 - fast qualification is bounded, stop clears attempts, and sequence exhaustion never wraps
  ---
  duration_ms: 1.173041
  ...
# Subtest: maximum integer cuts, receipts and certificate fit the complete fast packet budget
ok 140 - maximum integer cuts, receipts and certificate fit the complete fast packet budget
  ---
  duration_ms: 0.350791
  ...
# Subtest: non-clock pairs accept delayed liveness evidence only within its 2.5 second window
ok 141 - non-clock pairs accept delayed liveness evidence only within its 2.5 second window
  ---
  duration_ms: 0.213
  ...
# Subtest: stopping a scope inside application callbacks prevents sends and acknowledgement installation
ok 142 - stopping a scope inside application callbacks prevents sends and acknowledgement installation
  ---
  duration_ms: 0.138625
  ...
# Subtest: synchronous request and reply delivery preserves pending correlation and quiet cadence
ok 143 - synchronous request and reply delivery preserves pending correlation and quiet cadence
  ---
  duration_ms: 0.165125
  ...
# Subtest: a responder stopped while constructing or sending its reply cannot establish remote proof
ok 144 - a responder stopped while constructing or sending its reply cannot establish remote proof
  ---
  duration_ms: 0.189625
  ...
# Subtest: immutable roster permissions authorize disjoint action and receipt slot flows
ok 145 - immutable roster permissions authorize disjoint action and receipt slot flows
  ---
  duration_ms: 0.584791
  ...
# Subtest: flow burst and refill are exact, and repeated binding never refills them
ok 146 - flow burst and refill are exact, and repeated binding never refills them
  ---
  duration_ms: 0.399708
  ...
# Subtest: five legitimate100Hz stream flows preserve their separate liveness allowance
ok 147 - five legitimate100Hz stream flows preserve their separate liveness allowance
  ---
  duration_ms: 2.743708
  ...
# Subtest: liveness has a reserved burst even when all five flow bursts are used
ok 148 - liveness has a reserved burst even when all five flow bursts are used
  ---
  duration_ms: 0.407208
  ...
# Subtest: packet limits apply before parsing and the association budget survives alias changes
ok 149 - packet limits apply before parsing and the association budget survives alias changes
  ---
  duration_ms: 0.412
  ...
# Subtest: held controls emit only edges, with independent wire and UI sequence numbering
ok 150 - held controls emit only edges, with independent wire and UI sequence numbering
  ---
  duration_ms: 1.230041
  ...
# Subtest: a local change group is atomic until the caller installs the candidate
ok 151 - a local change group is atomic until the caller installs the candidate
  ---
  duration_ms: 1.136416
  ...
# Subtest: all subscriber candidates admit a full group before bytes, and failed enqueue retains it for repair
ok 152 - all subscriber candidates admit a full group before bytes, and failed enqueue retains it for repair
  ---
  duration_ms: 0.524625
  ...
# Subtest: press replacement, missing press, release and neutral cancellation preserve gesture semantics
ok 153 - press replacement, missing press, release and neutral cancellation preserve gesture semantics
  ---
  duration_ms: 0.110417
  ...
# Subtest: origin exact cuts cannot cover future actions or permit a later action before the cut
ok 154 - origin exact cuts cannot cover future actions or permit a later action before the cut
  ---
  duration_ms: 0.225792
  ...
# Subtest: invalid local frames and exhausted ticks consume neither revisions nor actions
ok 155 - invalid local frames and exhausted ticks consume neither revisions nor actions
  ---
  duration_ms: 0.197459
  ...
# Subtest: future start requires coordinator confirmation, and both clocks advance without gameplay packets
ok 156 - future start requires coordinator confirmation, and both clocks advance without gameplay packets
  ---
  duration_ms: 0.565333
  ...
# Subtest: lowest RTT filtering tolerates valid asymmetric delay without a false four-tick fault
ok 157 - lowest RTT filtering tolerates valid asymmetric delay without a false four-tick fault
  ---
  duration_ms: 0.107291
  ...
# Subtest: running clock slews in either direction at one tick per second and never moves backward
ok 158 - running clock slews in either direction at one tick per second and never moves backward
  ---
  duration_ms: 0.140166
  ...
# Subtest: scope fences, expired and reordered replies cannot move time or refresh readiness
ok 159 - scope fences, expired and reordered replies cannot move time or refresh readiness
  ---
  duration_ms: 0.153708
  ...
# Subtest: discrepancy and monotonic-clock faults stay latched, including on the coordinator
ok 160 - discrepancy and monotonic-clock faults stay latched, including on the coordinator
  ---
  duration_ms: 0.137625
  ...
# Subtest: stale baseline recovery remains conservative, and a failed release cannot revive after a fresh sample
ok 161 - stale baseline recovery remains conservative, and a failed release cannot revive after a fresh sample
  ---
  duration_ms: 0.13725
  ...
# Subtest: origin bounds unpublished tick frontiers and publishing a cut restores capacity atomically
ok 162 - origin bounds unpublished tick frontiers and publishing a cut restores capacity atomically
  ---
  duration_ms: 0.504875
  ...
# Subtest: expiry cannot turn an uncertain idle clock into a qualified projection
ok 163 - expiry cannot turn an uncertain idle clock into a qualified projection
  ---
  duration_ms: 0.087416
  ...
# Subtest: uncertainty admission persists even when no read occurs before samples expire
ok 164 - uncertainty admission persists even when no read occurs before samples expire
  ---
  duration_ms: 0.0745
  ...
# Subtest: heartbeat nonces are unique, bounded and correlated with pending clock samples
ok 165 - heartbeat nonces are unique, bounded and correlated with pending clock samples
  ---
  duration_ms: 0.108667
  ...
# Subtest: quiet clock projection grows drift uncertainty and retains it after sample expiry
ok 166 - quiet clock projection grows drift uncertainty and retains it after sample expiry
  ---
  duration_ms: 0.086333
  ...
# Subtest: drift during an asymmetric clock exchange remains inside the reported interval
ok 167 - drift during an asymmetric clock exchange remains inside the reported interval
  ---
  duration_ms: 0.077083
  ...
# Subtest: initial room preparation accepts tick-stamped snapshots and rejects unknown snapshot fields
ok 168 - initial room preparation accepts tick-stamped snapshots and rejects unknown snapshot fields
  ---
  duration_ms: 35.327042
  ...
# Subtest: lifecycle changes reproduce validated management operations with neutral input state
ok 169 - lifecycle changes reproduce validated management operations with neutral input state
  ---
  duration_ms: 17.889083
  ...
# Subtest: lifecycle checkpoint validation fences the actual old state and leaves healthy state untouched
ok 170 - lifecycle checkpoint validation fences the actual old state and leaves healthy state untouched
  ---
  duration_ms: 9.665708
  ...
# Subtest: controller status contains no world geometry and cannot change stream ownership
ok 171 - controller status contains no world geometry and cannot change stream ownership
  ---
  duration_ms: 3.328708
  ...
# Subtest: room catalogs and delegation validate identities and mode-specific simulator ownership
ok 172 - room catalogs and delegation validate identities and mode-specific simulator ownership
  ---
  duration_ms: 8.391375
  ...
# Subtest: played lobby catalog reconstructs the exact nonzero-tick checkpoint and ordered historical scores
ok 173 - played lobby catalog reconstructs the exact nonzero-tick checkpoint and ordered historical scores
  ---
  duration_ms: 2.474167
  ...
# Subtest: full-view preparation rejects a valid checkpoint paired with a different phase, round or status
ok 174 - full-view preparation rejects a valid checkpoint paired with a different phase, round or status
  ---
  duration_ms: 18.373834
  ...
# Subtest: runtime activates direct simulators, starts a match and sends actions directly between guests
ok 175 - runtime activates direct simulators, starts a match and sends actions directly between guests
  ---
  duration_ms: 393.282334
  ...
# Subtest: a failed first recovery enqueue is retried and replaces the paused segment
ok 176 - a failed first recovery enqueue is retried and replaces the paused segment
  ---
  duration_ms: 132.805667
  ...
# Subtest: an unavailable recovery coordinator produces a bounded visible fresh-lobby state
ok 177 - an unavailable recovery coordinator produces a bounded visible fresh-lobby state
  ---
  duration_ms: 222.139583
  ...
# Subtest: a release without a usable tick freezes its gesture before a fresh clock can resume input
ok 178 - a release without a usable tick freezes its gesture before a fresh clock can resume input
  ---
  duration_ms: 799.559666
  ...
# Subtest: a refreshed delegated TV without a simulation base pauses instead of creating a new match
ok 179 - a refreshed delegated TV without a simulation base pauses instead of creating a new match
  ---
  duration_ms: 47.205833
  ...
# Subtest: creator refresh in a settled lobby preserves the checkpoint and can switch to shared TV mode
ok 180 - creator refresh in a settled lobby preserves the checkpoint and can switch to shared TV mode
  ---
  duration_ms: 277.211792
  ...
# Subtest: a refreshed guest can rejoin with a fresh command sequence on its replacement connection
ok 181 - a refreshed guest can rejoin with a fresh command sequence on its replacement connection
  ---
  duration_ms: 73.167833
  ...
# Subtest: four healthy connection rebuilds do not consume the corrupt-state recovery budget
ok 182 - four healthy connection rebuilds do not consume the corrupt-state recovery budget
  ---
  duration_ms: 262.309417
  ...
# Subtest: a running recovery episode cannot reset its deadline through clock readiness without finality
ok 183 - a running recovery episode cannot reset its deadline through clock readiness without finality
  ---
  duration_ms: 583.363583
  ...
# Subtest: a delegated coordinator stops retrying an unavailable creator after the plan-request deadline
ok 184 - a delegated coordinator stops retrying an unavailable creator after the plan-request deadline
  ---
  duration_ms: 60.955417
  ...
# Subtest: a delayed current-alias activation cannot resume a latched recovery timeout
ok 185 - a delayed current-alias activation cannot resume a latched recovery timeout
  ---
  duration_ms: 331.182167
  ...
# Subtest: a guest returns after a service-observed departure and lobby seat removal
ok 186 - a guest returns after a service-observed departure and lobby seat removal
  ---
  duration_ms: 72.472917
  ...
# Subtest: invalid future actions do not consume the checkpoint and hash recovery budget
ok 187 - invalid future actions do not consume the checkpoint and hash recovery budget
  ---
  duration_ms: 139.1175
  ...
# Subtest: conflicting metadata for an installed preparation charges one corrupt recovery attempt
ok 188 - conflicting metadata for an installed preparation charges one corrupt recovery attempt
  ---
  duration_ms: 63.805042
  ...
# Subtest: checkpoint backpressure pauses preparation and resumes the same transfer after drain
ok 189 - checkpoint backpressure pauses preparation and resumes the same transfer after drain
  ---
  duration_ms: 73.614041
  ...
# Subtest: persistent checkpoint backpressure cannot extend the recovery deadline indefinitely
ok 190 - persistent checkpoint backpressure cannot extend the recovery deadline indefinitely
  ---
  duration_ms: 307.154958
  ...
# Subtest: new creator plans cannot postpone an unfinished guest recovery episode indefinitely
ok 191 - new creator plans cannot postpone an unfinished guest recovery episode indefinitely
  ---
  duration_ms: 249.218666
  ...
# Subtest: an accepted plan without a preparation header times out visibly
ok 192 - an accepted plan without a preparation header times out visibly
  ---
  duration_ms: 249.294917
  ...
# Subtest: new plans without any headers cannot restart the guest availability deadline
ok 193 - new plans without any headers cannot restart the guest availability deadline
  ---
  duration_ms: 239.390083
  ...
# Subtest: settled room metadata stops repeating until a lifecycle change
ok 194 - settled room metadata stops repeating until a lifecycle change
  ---
  duration_ms: 80.770792
  ...
# Subtest: a rejected plan enqueue and missing acknowledgement retry without reinstalling the plan
ok 195 - a rejected plan enqueue and missing acknowledgement retry without reinstalling the plan
  ---
  duration_ms: 67.768833
  ...
# Subtest: stale and foreign acknowledgements cannot stop paced plan delivery, even with duplicate hellos
ok 196 - stale and foreign acknowledgements cannot stop paced plan delivery, even with duplicate hellos
  ---
  duration_ms: 53.231417
  ...
# Subtest: only an identical current plan duplicate receives another delivery acknowledgement
ok 197 - only an identical current plan duplicate receives another delivery acknowledgement
  ---
  duration_ms: 53.026875
  ...
# Subtest: delegated setup request retries do not resend an already acknowledged room plan
ok 198 - delegated setup request retries do not resend an already acknowledged room plan
  ---
  duration_ms: 37.783666
  ...
# Subtest: an intentionally idle shared lobby does not keep a previous simulation recovery deadline running
ok 199 - an intentionally idle shared lobby does not keep a previous simulation recovery deadline running
  ---
  duration_ms: 262.015916
  ...
# Subtest: six live segments independently advance and finalize continuous inputs under loss and reordering
ok 200 - six live segments independently advance and finalize continuous inputs under loss and reordering
  ---
  duration_ms: 1850.586167
  ...
# Subtest: shared TV is the only simulator while five controller origins send directly to it
ok 201 - shared TV is the only simulator while five controller origins send directly to it
  ---
  duration_ms: 33.840333
  ...
# Subtest: coordinator traffic is unnecessary for immediate peer actions, then clock/finality loss pauses safely
ok 202 - coordinator traffic is unnecessary for immediate peer actions, then clock/finality loss pauses safely
  ---
  duration_ms: 295.416333
  ...
# Subtest: provisional eliminations cannot publish death or placements before verified finality
ok 203 - provisional eliminations cannot publish death or placements before verified finality
  ---
  duration_ms: 2.66175
  ...
# Subtest: controller finality is coordinator-scoped and conflicting progress cannot overwrite the accepted fence
ok 204 - controller finality is coordinator-scoped and conflicting progress cannot overwrite the accepted fence
  ---
  duration_ms: 6.845709
  ...
# Subtest: asymmetric clock samples and opposite follower errors retain valid future actions without executing early
ok 205 - asymmetric clock samples and opposite follower errors retain valid future actions without executing early
  ---
  duration_ms: 548.693667
  ...
# Subtest: initial progress grace is bounded and replayed base cuts cannot postpone it
ok 206 - initial progress grace is bounded and replayed base cuts cannot postpone it
  ---
  duration_ms: 134.277458
  ...
# Subtest: after the first advancing cut, repeated old progress cannot extend the500ms silence deadline
ok 207 - after the first advancing cut, repeated old progress cannot extend the500ms silence deadline
  ---
  duration_ms: 58.428416
  ...
# Subtest: uncertain clocks stop input, cuts and world advancement, and a failed release never revives
ok 208 - uncertain clocks stop input, cuts and world advancement, and a failed release never revives
  ---
  duration_ms: 1.632542
  ...
# Subtest: integrated sway remains within 15 degrees and leaves zero heading drift for many seeded effects
ok 209 - integrated sway remains within 15 degrees and leaves zero heading drift for many seeded effects
  ---
  duration_ms: 19.143292
  ...
# Subtest: two-second cycle preserves phase during refresh and smooth onset/expiry
ok 210 - two-second cycle preserves phase during refresh and smooth onset/expiry
  ---
  duration_ms: 0.152917
  ...
# Subtest: engine adds bounded sway to ordinary steering and restores intended heading at expiry
ok 211 - engine adds bounded sway to ordinary steering and restores intended heading at expiry
  ---
  duration_ms: 15.014
  ...
# Subtest: late refresh stays bounded and leaves no residual at the extended deadline
ok 212 - late refresh stays bounded and leaves no residual at the extended deadline
  ---
  duration_ms: 0.150667
  ...
# Subtest: durationText rounds whole seconds before splitting minutes so 59.95s never renders as "60s"
ok 213 - durationText rounds whole seconds before splitting minutes so 59.95s never renders as "60s"
  ---
  duration_ms: 0.393833
  ...
# Subtest: spawns two through five players evenly on a circle with clockwise tangent headings
ok 214 - spawns two through five players evenly on a circle with clockwise tangent headings
  ---
  duration_ms: 1.36825
  ...
# Subtest: replaying the same accepted inputs produces the same snapshots and events
ok 215 - replaying the same accepted inputs produces the same snapshots and events
  ---
  duration_ms: 67.175125
  ...
# Subtest: trail segments remain active through T+159 and expire exactly at T+160
ok 216 - trail segments remain active through T+159 and expire exactly at T+160
  ---
  duration_ms: 0.519709
  ...
# Subtest: a due blast removes an intersecting segment before trail collision
ok 217 - a due blast removes an intersecting segment before trail collision
  ---
  duration_ms: 0.556083
  ...
# Subtest: swept movement collides with an old trail even when the endpoint has crossed it
ok 218 - swept movement collides with an old trail even when the endpoint has crossed it
  ---
  duration_ms: 0.426833
  ...
# Subtest: recent self trail is ignored but becomes lethal at the exact grace boundary
ok 219 - recent self trail is ignored but becomes lethal at the exact grace boundary
  ---
  duration_ms: 0.717375
  ...
# Subtest: head-on swept rider collision eliminates both and produces a draw
ok 220 - head-on swept rider collision eliminates both and produces a draw
  ---
  duration_ms: 0.457333
  ...
# Subtest: bomb input charges, launches on release, caps one live bomb, chains once, and observes cooldown
ok 221 - bomb input charges, launches on release, caps one live bomb, chains once, and observes cooldown
  ---
  duration_ms: 2.233459
  ...
# Subtest: quick bomb action bursts launch at minimum range and cancel paths never launch
ok 222 - quick bomb action bursts launch at minimum range and cancel paths never launch
  ---
  duration_ms: 0.636042
  ...
# Subtest: charged launches cap and clamp to the active safe interior
ok 223 - charged launches cap and clamp to the active safe interior
  ---
  duration_ms: 0.414792
  ...
# Subtest: a flying bomb cannot explode or chain-trigger before landing
ok 224 - a flying bomb cannot explode or chain-trigger before landing
  ---
  duration_ms: 0.403375
  ...
# Subtest: Triple Shot releases one deterministic straight three-bomb volley
ok 225 - Triple Shot releases one deterministic straight three-bomb volley
  ---
  duration_ms: 0.673917
  ...
# Subtest: invalid release and cancellation preserve launch modifiers
ok 226 - invalid release and cancellation preserve launch modifiers
  ---
  duration_ms: 0.374875
  ...
# Subtest: round wins score once, first to three ends the match, and rematch resets wins and scope
ok 227 - round wins score once, first to three ends the match, and rematch resets wins and scope
  ---
  duration_ms: 2.535208
  ...
# Subtest: overtime inset updates before collision and a 90-second unresolved round draws
ok 228 - overtime inset updates before collision and a 90-second unresolved round draws
  ---
  duration_ms: 0.845541
  ...
# Subtest: lifecycle commands enforce phase, capacity, identity, and connected-player guards
ok 229 - lifecycle commands enforce phase, capacity, identity, and connected-player guards
  ---
  duration_ms: 0.462709
  ...
# Subtest: wall and explosion causes are authoritative, clipped, and blast visuals expire exactly
ok 230 - wall and explosion causes are authoritative, clipped, and blast visuals expire exactly
  ---
  duration_ms: 0.799083
  ...
# Subtest: a finished match can replace every seat and start a clean rematch without restarting the server
ok 231 - a finished match can replace every seat and start a clean rematch without restarting the server
  ---
  duration_ms: 0.468375
  ...
# Subtest: the larger arena and seeded pickup schedule replay deterministically
ok 232 - the larger arena and seeded pickup schedule replay deterministically
  ---
  duration_ms: 0.666291
  ...
# Subtest: blast pickups cap at level two and affect bombs placed on the collection tick
ok 233 - blast pickups cap at level two and affect bombs placed on the collection tick
  ---
  duration_ms: 0.439084
  ...
# Subtest: a star collected on the swept path rescues and reflects a wall hit, then expires sharply
ok 234 - a star collected on the swept path rescues and reflects a wall hit, then expires sharply
  ---
  duration_ms: 1.72525
  ...
# Subtest: star head contact kills only a normal rider while two stars pass through
ok 235 - star head contact kills only a normal rider while two stars pass through
  ---
  duration_ms: 1.51025
  ...
# Subtest: pickup expiry, active cap, and impossible safe interior stay bounded
ok 236 - pickup expiry, active cap, and impossible safe interior stay bounded
  ---
  duration_ms: 0.475875
  ...
# Subtest: beer pickup debuffs every other living rider, refreshes, and keeps the collector unchanged
ok 237 - beer pickup debuffs every other living rider, refreshes, and keeps the collector unchanged
  ---
  duration_ms: 0.618792
  ...
# Subtest: drunk wobble expires at the strict tick boundary and resets between rounds
ok 238 - drunk wobble expires at the strict tick boundary and resets between rounds
  ---
  duration_ms: 0.417125
  ...
# Subtest: modifier pickups arm one use, refresh without stacking, and reset between rounds
ok 239 - modifier pickups arm one use, refresh without stacking, and reset between rounds
  ---
  duration_ms: 0.44175
  ...
# Subtest: orbit shields absorb a whole clustered hazard tick and grace protects until strict expiry
ok 240 - orbit shields absorb a whole clustered hazard tick and grace protects until strict expiry
  ---
  duration_ms: 0.58425
  ...
# Subtest: two shields both break on contact while Star preserves its stored shield
ok 241 - two shields both break on contact while Star preserves its stored shield
  ---
  duration_ms: 0.652583
  ...
# Subtest: shield break reflects an outward wall sweep and records the bounce
ok 242 - shield break reflects an outward wall sweep and records the bounce
  ---
  duration_ms: 1.233708
  ...
# Subtest: countdown leave is stamped, scored once, and a later join receives no prior-round award
ok 243 - countdown leave is stamped, scored once, and a later join receives no prior-round award
  ---
  duration_ms: 0.662167
  ...
# Subtest: overlapping blast owners receive no speculative elimination credit
ok 244 - overlapping blast owners receive no speculative elimination credit
  ---
  duration_ms: 1.194875
  ...
# Subtest: match-over recap is frozen and deeply detached from engine state
ok 245 - match-over recap is frozen and deeply detached from engine state
  ---
  duration_ms: 0.483458
  ...
# Subtest: Five Shot survives Triple collection and cancellation, then launches five with one cooldown
ok 246 - Five Shot survives Triple collection and cancellation, then launches five with one cooldown
  ---
  duration_ms: 0.659833
  ...
# Subtest: radial blast hits diagonal riders, clears diagonal trails and chains diagonal bombs
ok 247 - radial blast hits diagonal riders, clears diagonal trails and chains diagonal bombs
  ---
  duration_ms: 0.56875
  ...
# Subtest: bomb landing hits a rider before detonation, respecting star and shield
ok 248 - bomb landing hits a rider before detonation, respecting star and shield
  ---
  duration_ms: 8.717209
  ...
# Subtest: a bomb landing inside an active blast chains immediately
ok 249 - a bomb landing inside an active blast chains immediately
  ---
  duration_ms: 4.283333
  ...
# Subtest: blast preview is harmless before the fuse, both in flight and after landing
ok 250 - blast preview is harmless before the fuse, both in flight and after landing
  ---
  duration_ms: 1.394458
  ...
# Subtest: bomb skips riders along flight and only snipes at its landing position
ok 251 - bomb skips riders along flight and only snipes at its landing position
  ---
  duration_ms: 0.612833
  ...
# Subtest: landing step never uses blast radius for contact damage
ok 252 - landing step never uses blast radius for contact damage
  ---
  duration_ms: 2.498209
  ...
# Subtest: shell persists beyond five seconds and permits another shot after cooldown
ok 253 - shell persists beyond five seconds and permits another shot after cooldown
  ---
  duration_ms: 1.040417
  ...
# Subtest: shell body hits once, shield absorbs it, and no blast radius is produced
ok 254 - shell body hits once, shield absorbs it, and no blast radius is produced
  ---
  duration_ms: 0.903292
  ...
# Subtest: Gun pickup fires one bullet at twice rider speed and cuts a traversable trail gap
ok 255 - Gun pickup fires one bullet at twice rider speed and cuts a traversable trail gap
  ---
  duration_ms: 0.881333
  ...
# Subtest: gun head and wall impacts explode
ok 256 - gun head and wall impacts explode
  ---
  duration_ms: 2.809083
  ...
# Subtest: stopwatch caps at two levels, changes only future own bombs and resets next round
ok 257 - stopwatch caps at two levels, changes only future own bombs and resets next round
  ---
  duration_ms: 0.83275
  ...
# Subtest: first stopwatch level produces a one-and-a-half second fuse
ok 258 - first stopwatch level produces a one-and-a-half second fuse
  ---
  duration_ms: 0.521792
  ...
# Subtest: live shell bounces off a rider trail without damage or resetting its lifetime
ok 259 - live shell bounces off a rider trail without damage or resetting its lifetime
  ---
  duration_ms: 0.567209
  ...
# Subtest: gun explodes against the trail directly behind a rider and kills the rider
ok 260 - gun explodes against the trail directly behind a rider and kills the rider
  ---
  duration_ms: 0.4925
  ...
# Subtest: a blast clears trails whether it came from a landed bomb or a gun projectile hitting a rider
ok 261 - a blast clears trails whether it came from a landed bomb or a gun projectile hitting a rider
  ---
  duration_ms: 0.943625
  ...
# Subtest: a fixed-rounds match ends on the standings leader even when another rider wins the final round
ok 262 - a fixed-rounds match ends on the standings leader even when another rider wins the final round
  ---
  duration_ms: 4.350792
  ...
# Subtest: a drawn final round still awards the fixed-rounds match to the standings leader
ok 263 - a drawn final round still awards the fixed-rounds match to the standings leader
  ---
  duration_ms: 0.718083
  ...
# Subtest: a fixed-rounds leader who also wins the final round is credited exactly once
ok 264 - a fixed-rounds leader who also wins the final round is credited exactly once
  ---
  duration_ms: 1.224792
  ...
# Subtest: a fixed-rounds match tied at the final round ends without a match winner
ok 265 - a fixed-rounds match tied at the final round ends without a match winner
  ---
  duration_ms: 0.754583
  ...
# Subtest: gun speed is twice rider speed with a bounded nearby steering correction
ok 266 - gun speed is twice rider speed with a bounded nearby steering correction
  ---
  duration_ms: 1.111041
  ...
# Subtest: gun holes split trails precisely, keeping expiry metadata and distant trails
ok 267 - gun holes split trails precisely, keeping expiry metadata and distant trails
  ---
  duration_ms: 0.152292
  ...
# Subtest: defaults carry two STUN providers and no TURN
ok 268 - defaults carry two STUN providers and no TURN
  ---
  duration_ms: 3.941292
  ...
# Subtest: service ICE lists are validated at the client boundary and fall back to defaults
ok 269 - service ICE lists are validated at the client boundary and fall back to defaults
  ---
  duration_ms: 0.275959
  ...
# Subtest: peer connections wait for the ICE fetch instead of negotiating with the initial list (issue \#27)
ok 270 - peer connections wait for the ICE fetch instead of negotiating with the initial list (issue \#27)
  ---
  duration_ms: 0.291291
  ...
# Subtest: a failed ICE fetch yields the STUN defaults, never an empty list
ok 271 - a failed ICE fetch yields the STUN defaults, never an empty list
  ---
  duration_ms: 0.197
  ...
# Subtest: a hung ICE fetch falls back to the STUN defaults when the abort bound fires, even if the fetch ignores the signal
ok 272 - a hung ICE fetch falls back to the STUN defaults when the abort bound fires, even if the fetch ignores the signal
  ---
  duration_ms: 0.165375
  ...
# Subtest: candidate types are read from the candidate line without keeping addresses
ok 273 - candidate types are read from the candidate line without keeping addresses
  ---
  duration_ms: 0.4605
  ...
# Subtest: ufrag and fingerprint readers tolerate missing lines
ok 274 - ufrag and fingerprint readers tolerate missing lines
  ---
  duration_ms: 0.484584
  ...
# Subtest: restart offers keep the DTLS certificate; a recreated connection does not
ok 275 - restart offers keep the DTLS certificate; a recreated connection does not
  ---
  duration_ms: 0.066208
  ...
# Subtest: candidates are scoped to the ICE generation named by their ufrag
ok 276 - candidates are scoped to the ICE generation named by their ufrag
  ---
  duration_ms: 0.108916
  ...
# Subtest: Ink affects only other living riders, refreshes three seconds and snapshots without changing steering
ok 277 - Ink affects only other living riders, refreshes three seconds and snapshots without changing steering
  ---
  duration_ms: 30.427334
  ...
# Subtest: Ink clears at the next round
ok 278 - Ink clears at the next round
  ---
  duration_ms: 1.112083
  ...
# Subtest: join survives authority setup and failed delivery until roster confirmation
ok 279 - join survives authority setup and failed delivery until roster confirmation
  ---
  duration_ms: 0.859083
  ...
# Subtest: lost baseline retries identical full envelope on bounded clock, not dependent deltas
ok 280 - lost baseline retries identical full envelope on bounded clock, not dependent deltas
  ---
  duration_ms: 1.209459
  ...
# Subtest: lost ACK can acknowledge exact previously accepted duplicate without applying it twice
ok 281 - lost ACK can acknowledge exact previously accepted duplicate without applying it twice
  ---
  duration_ms: 0.487291
  ...
# Subtest: old generation stream sequence match and round ACKs cannot retire current baseline
ok 282 - old generation stream sequence match and round ACKs cannot retire current baseline
  ---
  duration_ms: 0.132542
  ...
# Subtest: five-second expiry bounds retained baseline and repeated poll/resync cannot flood retries
ok 283 - five-second expiry bounds retained baseline and repeated poll/resync cannot flood retries
  ---
  duration_ms: 0.960792
  ...
# Subtest: baseline is accepted before any dependent delta; ACK loss does not corrupt next decode
ok 284 - baseline is accepted before any dependent delta; ACK loss does not corrupt next decode
  ---
  duration_ms: 0.225458
  ...
# Subtest: creates a deterministic straight triple fan with seven points per bomb
ok 285 - creates a deterministic straight triple fan with seven points per bomb
  ---
  duration_ms: 1.104916
  ...
# Subtest: all fan paths clamp to safe bounds
ok 286 - all fan paths clamp to safe bounds
  ---
  duration_ms: 0.159042
  ...
# Subtest: rejects invalid geometry
ok 287 - rejects invalid geometry
  ---
  duration_ms: 0.209542
  ...
# Subtest: awards five-player placement points
ok 288 - awards five-player placement points
  ---
  duration_ms: 0.853375
  ...
# Subtest: two participants use winner five and runner-up three
ok 289 - two participants use winner five and runner-up three
  ---
  duration_ms: 0.083042
  ...
# Subtest: averages simultaneous elimination places exactly
ok 290 - averages simultaneous elimination places exactly
  ---
  duration_ms: 0.116542
  ...
# Subtest: does not mutate participants and rejects invalid groups
ok 291 - does not mutate participants and rejects invalid groups
  ---
  duration_ms: 0.17975
  ...
# Subtest: survivors share the top occupied ranks at timeout and points remain conserved
ok 292 - survivors share the top occupied ranks at timeout and points remain conserved
  ---
  duration_ms: 0.091917
  ...
# Subtest: score application validates the complete result before mutating totals
ok 293 - score application validates the complete result before mutating totals
  ---
  duration_ms: 0.1515
  ...
# Subtest: accumulates repeated matches and preserves departures
ok 294 - accumulates repeated matches and preserves departures
  ---
  duration_ms: 0.081625
  ...
# Subtest: returns copies in score order with deterministic tie break
ok 295 - returns copies in score order with deterministic tie break
  ---
  duration_ms: 6.10075
  ...
# Subtest: legendSrc routes pickup legend icons through assetUrl so they work under a Pages base path
ok 296 - legendSrc routes pickup legend icons through assetUrl so they work under a Pages base path
  ---
  duration_ms: 0.451125
  ...
# Subtest: queued retired-channel pongs cannot certify a new RTC link whose probe IDs restarted
ok 297 - queued retired-channel pongs cannot certify a new RTC link whose probe IDs restarted
  ---
  duration_ms: 0.496875
  ...
# Subtest: a replaced channel on the same live link cannot update state or expose stale errors
ok 298 - a replaced channel on the same live link cannot update state or expose stale errors
  ---
  duration_ms: 0.065709
  ...
# Subtest: retired peer callbacks cannot replace the current data channel even with identical service identity
ok 299 - retired peer callbacks cannot replace the current data channel even with identical service identity
  ---
  duration_ms: 0.063
  ...
# Subtest: the reason names the first missing step in the direct-link pipeline
ok 300 - the reason names the first missing step in the direct-link pipeline
  ---
  duration_ms: 0.644292
  ...
# Subtest: the panel text is redacted and complete
ok 301 - the panel text is redacted and complete
  ---
  duration_ms: 0.249416
  ...
# Subtest: restarts are due every interval and stop after the bounded budget
ok 302 - restarts are due every interval and stop after the bounded budget
  ---
  duration_ms: 0.441666
  ...
# Subtest: fresh health restores the budget and retires the attempt in flight
ok 303 - fresh health restores the budget and retires the attempt in flight
  ---
  duration_ms: 0.077
  ...
# Subtest: idle health checks every 200 ms do not retire anything
ok 304 - idle health checks every 200 ms do not retire anything
  ---
  duration_ms: 0.054334
  ...
# Subtest: only the newest attempt can complete
ok 305 - only the newest attempt can complete
  ---
  duration_ms: 0.049833
  ...
# Subtest: healthy open channel under the buffer limit is permitted for gameplay and probes
ok 306 - healthy open channel under the buffer limit is permitted for gameplay and probes
  ---
  duration_ms: 0.425333
  ...
# Subtest: a closing signal recorded before the DOM readyState changes blocks gameplay and probe sends
ok 307 - a closing signal recorded before the DOM readyState changes blocks gameplay and probe sends
  ---
  duration_ms: 0.068
  ...
# Subtest: bulk transfer idle permission requires an open, fully drained, undrained action channel
ok 308 - bulk transfer idle permission requires an open, fully drained, undrained action channel
  ---
  duration_ms: 0.067125
  ...
# Subtest: solo starts one human and four AI without browser services, ready only on start
ok 309 - solo starts one human and four AI without browser services, ready only on start
  ---
  duration_ms: 9.247167
  ...
# Subtest: fixed ticks publish the ordinary game and matching zero-RTT motion clock
ok 310 - fixed ticks publish the ordinary game and matching zero-RTT motion clock
  ---
  duration_ms: 25.019875
  ...
# Subtest: visibility suspension clears held controls and old scope, with no hidden catch-up
ok 311 - visibility suspension clears held controls and old scope, with no hidden catch-up
  ---
  duration_ms: 13.63775
  ...
# Subtest: lobby settings and rematch use ordinary commands, stop disposes callbacks
ok 312 - lobby settings and rematch use ordinary commands, stop disposes callbacks
  ---
  duration_ms: 0.597166
  ...
# Subtest: fire edges stamped from a stalled wall-clock estimate are admitted for the next authority tick (\#43)
ok 313 - fire edges stamped from a stalled wall-clock estimate are admitted for the next authority tick (\#43)
  ---
  duration_ms: 17.992209
  ...
# Subtest: a hold resend that estimated an earlier tick cannot skip the solo press (\#43)
ok 314 - a hold resend that estimated an earlier tick cannot skip the solo press (\#43)
  ---
  duration_ms: 16.192917
  ...
# Subtest: distances render as whole arena units and durations reuse the shared formatter
ok 315 - distances render as whole arena units and durations reuse the shared formatter
  ---
  duration_ms: 0.43375
  ...
# Subtest: empty statistics produce an empty recap with no placeholder awards or totals
ok 316 - empty statistics produce an empty recap with no placeholder awards or totals
  ---
  duration_ms: 0.531709
  ...
# Subtest: a single rider stands alone as champion, wins every non-zero award and fills the table
ok 317 - a single rider stands alone as champion, wins every non-zero award and fills the table
  ---
  duration_ms: 0.397667
  ...
# Subtest: podium centres champions, keeps side places in seat order and excludes placements beyond third
ok 318 - podium centres champions, keeps side places in seat order and excludes placements beyond third
  ---
  duration_ms: 0.104708
  ...
# Subtest: a tied first place shows every champion in the centre and no second place
ok 319 - a tied first place shows every champion in the centre and no second place
  ---
  duration_ms: 0.104125
  ...
# Subtest: a match where nobody won any round places everyone on the podium as champions
ok 320 - a match where nobody won any round places everyone on the podium as champions
  ---
  duration_ms: 0.089375
  ...
# Subtest: awards share ties by joining names in placement order and skip counters nobody raised
ok 321 - awards share ties by joining names in placement order and skip counters nobody raised
  ---
  duration_ms: 0.111792
  ...
# Subtest: all-zero statistics yield no awards while the podium and table still render
ok 322 - all-zero statistics yield no awards while the podium and table still render
  ---
  duration_ms: 0.077292
  ...
# Subtest: singular award details read naturally
ok 323 - singular award details read naturally
  ---
  duration_ms: 0.083333
  ...
# Subtest: comparison rows order by placement then seat and format every recorded counter
ok 324 - comparison rows order by placement then seat and format every recorded counter
  ---
  duration_ms: 0.09375
  ...
# Subtest: match totals sum the recorded counters across riders
ok 325 - match totals sum the recorded counters across riders
  ---
  duration_ms: 0.083541
  ...
# Subtest: the signature changes with any rendered figure and is order independent
ok 326 - the signature changes with any rendered figure and is order independent
  ---
  duration_ms: 0.093625
  ...
# Subtest: recap ignores riders with an unset placement rather than inventing a podium slot
ok 327 - recap ignores riders with an unset placement rather than inventing a podium slot
  ---
  duration_ms: 0.063875
  ...
# Subtest: records authoritative actions and returns detached snapshots
ok 328 - records authoritative actions and returns detached snapshots
  ---
  duration_ms: 1.023583
  ...
# Subtest: tracks round draws, longest survival and competition-ranked win ties
ok 329 - tracks round draws, longest survival and competition-ranked win ties
  ---
  duration_ms: 0.137666
  ...
# Subtest: validates references, distances and round membership
ok 330 - validates references, distances and round membership
  ---
  duration_ms: 0.34075
  ...
# Subtest: never credits self deaths and updates an existing participant identity
ok 331 - never credits self deaths and updates an existing participant identity
  ---
  duration_ms: 0.072625
  ...
# Subtest: a joined phone is the same landscape controller in every phase (\#13)
ok 332 - a joined phone is the same landscape controller in every phase (\#13)
  ---
  duration_ms: 0.746834
  ...
# Subtest: unjoined, display-only, desktop and mouse views keep the normal layout
ok 333 - unjoined, display-only, desktop and mouse views keep the normal layout
  ---
  duration_ms: 0.112709
  ...
# Subtest: an ended room is not joined play on any phone size or phase
ok 334 - an ended room is not joined play on any phone size or phase
  ---
  duration_ms: 0.228833
  ...
# Subtest: one validated nearby probe qualifies immediately; high RTT restores conservative delay
ok 335 - one validated nearby probe qualifies immediately; high RTT restores conservative delay
  ---
  duration_ms: 0.578291
  ...
# Subtest: stale, paused and explicit reset lose qualification; rejected samples do not extend freshness
ok 336 - stale, paused and explicit reset lose qualification; rejected samples do not extend freshness
  ---
  duration_ms: 0.129292
  ...
# Subtest: regional60ms never qualifies and a fresh scope is independently classified
ok 337 - regional60ms never qualifies and a fresh scope is independently classified
  ---
  duration_ms: 0.075
  ...
# Subtest: half-tick presentation never rewinds or extrapolates; missing clock remains newest only
ok 338 - half-tick presentation never rewinds or extrapolates; missing clock remains newest only
  ---
  duration_ms: 0.428916
  ...
# Subtest: clock discontinuity clears the old clock even when observed before rendering
ok 339 - clock discontinuity clears the old clock even when observed before rendering
  ---
  duration_ms: 0.068041
  ...
# Subtest: rejected excessive RTT cancels fast classification and exact40ms boundary qualifies
ok 340 - rejected excessive RTT cancels fast classification and exact40ms boundary qualifies
  ---
  duration_ms: 0.050541
  ...
# Subtest: clock diagnostics are read-only and cannot refresh a sample or mutate its scope
ok 341 - clock diagnostics are read-only and cannot refresh a sample or mutate its scope
  ---
  duration_ms: 0.061
  ...
# Subtest: empty and invalid clock observations cannot enable fast presentation
ok 342 - empty and invalid clock observations cannot enable fast presentation
  ---
  duration_ms: 0.049167
  ...
# Subtest: replacement reservation fences partitions and rejects delayed old renewals
ok 343 - replacement reservation fences partitions and rejects delayed old renewals
  ---
  duration_ms: 0.796041
  ...
# Subtest: clock uncertainty prevents overlapping old and new authorization
ok 344 - clock uncertainty prevents overlapping old and new authorization
  ---
  duration_ms: 0.220083
  ...
# Subtest: clock stops after suspension or stale samples, resuming only after fresh sample
ok 345 - clock stops after suspension or stale samples, resuming only after fresh sample
  ---
  duration_ms: 0.092
  ...
# Subtest: clock rejects bad samples and conservative intervals crossing lease boundaries
ok 346 - clock rejects bad samples and conservative intervals crossing lease boundaries
  ---
  duration_ms: 0.0905
  ...
# Subtest: grant boundary validation rejects malformed values and exhausted epochs
ok 347 - grant boundary validation rejects malformed values and exhausted epochs
  ---
  duration_ms: 0.285333
  ...
# Subtest: checkpoint restore is atomic on the malformed sequences regression
ok 348 - checkpoint restore is atomic on the malformed sequences regression
  ---
  duration_ms: 11.122833
  ...
# Subtest: checkpoint restores exact physics, pending preferences and neutral disconnected identities
ok 349 - checkpoint restores exact physics, pending preferences and neutral disconnected identities
  ---
  duration_ms: 7.040041
  ...
# Subtest: checkpoint rejects missing required game maps and nested fields
ok 350 - checkpoint rejects missing required game maps and nested fields
  ---
  duration_ms: 31.547458
  ...
# Subtest: checkpoint rejects schema incompatibility, foreign host and unsafe shape extensions
ok 351 - checkpoint rejects schema incompatibility, foreign host and unsafe shape extensions
  ---
  duration_ms: 16.61675
  ...
# Subtest: checkpoint rejects invalid sequences, duplicate map keys and cross references
ok 352 - checkpoint rejects invalid sequences, duplicate map keys and cross references
  ---
  duration_ms: 37.79225
  ...
# Subtest: checkpoint rejects nonfinite values, excessive bytes/depth and oversized nested trails
ok 353 - checkpoint rejects nonfinite values, excessive bytes/depth and oversized nested trails
  ---
  duration_ms: 20.030042
  ...
# Subtest: real countdown, playing and round transitions produce restorable bounded checkpoints
ok 354 - real countdown, playing and round transitions produce restorable bounded checkpoints
  ---
  duration_ms: 340.799208
  ...
# Subtest: checkpoint validates bombs, shell lifetime sentinel, pickups and portal geometry
ok 355 - checkpoint validates bombs, shell lifetime sentinel, pickups and portal geometry
  ---
  duration_ms: 2.786375
  ...
# Subtest: checkpoint rejects oversized history, malformed maps and missing participant statistics
ok 356 - checkpoint rejects oversized history, malformed maps and missing participant statistics
  ---
  duration_ms: 15.126583
  ...
# Subtest: room settings reject malformed values, restore safe defaults and allow all drops off
ok 357 - room settings reject malformed values, restore safe defaults and allow all drops off
  ---
  duration_ms: 0.999625
  ...
# Subtest: rooms isolate players and only the host can start or change rules
ok 358 - rooms isolate players and only the host can start or change rules
  ---
  duration_ms: 27.985959
  ...
# Subtest: fixed one-round rooms finish after one round
ok 359 - fixed one-round rooms finish after one round
  ---
  duration_ms: 2.612125
  ...
# Subtest: world deltas reconstruct split, removed and appended trails and recover via keyframe
ok 360 - world deltas reconstruct split, removed and appended trails and recover via keyframe
  ---
  duration_ms: 1.220792
  ...
# Subtest: fresh encoder after reconnection replaces old stream without accepting retired frames
ok 361 - fresh encoder after reconnection replaces old stream without accepting retired frames
  ---
  duration_ms: 0.179583
  ...
# Subtest: host checkpoint restores world and sequence numbers without replaying held fire
ok 362 - host checkpoint restores world and sequence numbers without replaying held fire
  ---
  duration_ms: 4.459417
  ...
# Subtest: field patches update joins and clear optional charge state without repeating identity
ok 363 - field patches update joins and clear optional charge state without repeating identity
  ---
  duration_ms: 0.563
  ...
# Subtest: delayed unseen old keyframe cannot roll a newer generation backward
ok 364 - delayed unseen old keyframe cannot roll a newer generation backward
  ---
  duration_ms: 0.110541
  ...
# Subtest: invalid higher generation and corrupt trail patches cannot mutate accepted baseline
ok 365 - invalid higher generation and corrupt trail patches cannot mutate accepted baseline
  ---
  duration_ms: 0.371833
  ...
# Subtest: online return to lobby preserves transport simulation time
ok 366 - online return to lobby preserves transport simulation time
  ---
  duration_ms: 0.133125
  ...
# Subtest: guests that vanish in the lobby free their seats and the removal replicates to guests
ok 367 - guests that vanish in the lobby free their seats and the removal replicates to guests
  ---
  duration_ms: 0.460042
  ...
# Subtest: a guest lost mid-round keeps its seat until the match ends, then a newcomer reclaims it
ok 368 - a guest lost mid-round keeps its seat until the match ends, then a newcomer reclaims it
  ---
  duration_ms: 1.341209
  ...
# Subtest: a rematch drops the riders that were lost during the finished match
ok 369 - a rematch drops the riders that were lost during the finished match
  ---
  duration_ms: 0.91625
  ...
# Subtest: a whole round of chained deltas stays exact without any periodic re-baseline
ok 370 - a whole round of chained deltas stays exact without any periodic re-baseline
  ---
  duration_ms: 300.539208
  ...
# Subtest: Pages invites preserve project path while API requests use configured backend
ok 371 - Pages invites preserve project path while API requests use configured backend
  ---
  duration_ms: 0.477458
  ...
# Subtest: local origin default and endpoint boundaries are explicit
ok 372 - local origin default and endpoint boundaries are explicit
  ---
  duration_ms: 0.262625
  ...
# Subtest: failed press plus fresh held resends cannot invent charge or fire on release
ok 373 - failed press plus fresh held resends cannot invent charge or fire on release
  ---
  duration_ms: 17.457625
  ...
# Subtest: lost final release without other held controls cancels within ten ticks and is never retried
ok 374 - lost final release without other held controls cancels within ten ticks and is never retried
  ---
  duration_ms: 2.857041
  ...
# Subtest: steering heartbeat after lost release carries bomb false and safely cancels instead of firing
ok 375 - steering heartbeat after lost release carries bomb false and safely cancels instead of firing
  ---
  duration_ms: 2.335709
  ...
# Subtest: ordered-but-delayed release expires rather than replaying after network recovery
ok 376 - ordered-but-delayed release expires rather than replaying after network recovery
  ---
  duration_ms: 2.494292
  ...
# Subtest: first fresh press after countdown and explicit lobby reset fires without a neutral packet
ok 377 - first fresh press after countdown and explicit lobby reset fires without a neutral packet
  ---
  duration_ms: 10.852583
  ...
# Subtest: idle watchdog without a held gesture does not block the first fresh shot
ok 378 - idle watchdog without a held gesture does not block the first fresh shot
  ---
  duration_ms: 14.774542
  ...
# Subtest: new scope rejects old held/release packets but accepts a fresh press
ok 379 - new scope rejects old held/release packets but accepts a fresh press
  ---
  duration_ms: 0.762042
  ...
# Subtest: watchdog still suppresses interrupted held gestures until an actual release
ok 380 - watchdog still suppresses interrupted held gestures until an actual release
  ---
  duration_ms: 1.677833
  ...
# Subtest: receipt is not application: future steering waits and reports exact application tick
ok 381 - receipt is not application: future steering waits and reports exact application tick
  ---
  duration_ms: 11.855542
  ...
# Subtest: same-tick newest movement wins while all outcomes are acknowledged
ok 382 - same-tick newest movement wins while all outcomes are acknowledged
  ---
  duration_ms: 0.793166
  ...
# Subtest: older future slot cannot undo newer applied movement and exact result acknowledgements preserve pending input
ok 383 - older future slot cannot undo newer applied movement and exact result acknowledgements preserve pending input
  ---
  duration_ms: 0.818583
  ...
# Subtest: held acknowledged steering continues then expires at ten ticks without fresh application
ok 384 - held acknowledged steering continues then expires at ten ticks without fresh application
  ---
  duration_ms: 7.400958
  ...
# Subtest: same-tick press/release survives steering supersession, duplicates cannot launch twice
ok 385 - same-tick press/release survives steering supersession, duplicates cannot launch twice
  ---
  duration_ms: 0.913333
  ...
# Subtest: a press stamped later than the following hold sample is still processed first in sequence order (\#43)
ok 386 - a press stamped later than the following hold sample is still processed first in sequence order (\#43)
  ---
  duration_ms: 0.6945
  ...
# Subtest: old-scope release cannot cancel current charge; expired current release cancels without firing
ok 387 - old-scope release cannot cancel current charge; expired current release cancels without firing
  ---
  duration_ms: 0.730708
  ...
# Subtest: disconnect, match changes and restore create fresh neutral scope while preserving received highwater
ok 388 - disconnect, match changes and restore create fresh neutral scope while preserving received highwater
  ---
  duration_ms: 2.502542
  ...
# Subtest: queue and result history are bounded and overflow forces explicit neutral resync
ok 389 - queue and result history are bounded and overflow forces explicit neutral resync
  ---
  duration_ms: 0.940542
  ...
# Subtest: malformed timing and aim cannot apply motion or keep an invalid release charging
ok 390 - malformed timing and aim cannot apply motion or keep an invalid release charging
  ---
  duration_ms: 0.544875
  ...
# Subtest: queued release is discarded on disconnect and cannot fire into a rejoined control scope
ok 391 - queued release is discarded on disconnect and cannot fire into a rejoined control scope
  ---
  duration_ms: 0.626166
  ...
# Subtest: direct-only path resumes on two fresh acknowledgements without relay quarantine
ok 392 - direct-only path resumes on two fresh acknowledgements without relay quarantine
  ---
  duration_ms: 0.481542
  ...
# Subtest: three-second blackhole after long healthy uptime retains channel and recovers on fresh probes
ok 393 - three-second blackhole after long healthy uptime retains channel and recovers on fresh probes
  ---
  duration_ms: 0.158958
  ...
# Subtest: restart requires eight continuously unhealthy seconds, reset by recovered health
ok 394 - restart requires eight continuously unhealthy seconds, reset by recovered health
  ---
  duration_ms: 0.061708
  ...
# Subtest: expired duplicate and pre-failure probes cannot keep blackholed path healthy
ok 395 - expired duplicate and pre-failure probes cannot keep blackholed path healthy
  ---
  duration_ms: 0.346792
  ...
# Subtest: effects do not replay on repeated snapshots or across authority/match reset
ok 396 - effects do not replay on repeated snapshots or across authority/match reset
  ---
  duration_ms: 0.758375
  ...
# Subtest: bomb flight sprite follows segmented path while damage radius stays at landing point
ok 397 - bomb flight sprite follows segmented path while damage radius stays at landing point
  ---
  duration_ms: 0.4515
  ...
# Subtest: death transitions occur once and backward presentation resets cosmetic history
ok 398 - death transitions occur once and backward presentation resets cosmetic history
  ---
  duration_ms: 0.104
  ...
# Subtest: flight fallback clamps before launch and shells never use bomb arcs
ok 399 - flight fallback clamps before launch and shells never use bomb arcs
  ---
  duration_ms: 0.0695
  ...
# Subtest: a continuous bend is one stroke with the exact supplied vertices
ok 400 - a continuous bend is one stroke with the exact supplied vertices
  ---
  duration_ms: 0.895959
  ...
# Subtest: portal jumps, deleted ticks and clipped segments remain separate strokes
ok 401 - portal jumps, deleted ticks and clipped segments remain separate strokes
  ---
  duration_ms: 0.105458
  ...
# Subtest: history survives fractional motion, a changing predicted tip and equivalent deserialized snapshots
ok 402 - history survives fractional motion, a changing predicted tip and equivalent deserialized snapshots
  ---
  duration_ms: 0.518583
  ...
# Subtest: history refreshes for trail holes, clipping, expiry, death, identity, scope and reset
ok 403 - history refreshes for trail holes, clipping, expiry, death, identity, scope and reset
  ---
  duration_ms: 0.137333
  ...
# Subtest: a fresh trail follows the interpolated head by at most one simulation step
ok 404 - a fresh trail follows the interpolated head by at most one simulation step
  ---
  duration_ms: 0.142792
  ...
# Subtest: head interpolation never extends a stale, destroyed, teleported or dead trail
ok 405 - head interpolation never extends a stale, destroyed, teleported or dead trail
  ---
  duration_ms: 0.102
  ...
# Subtest: arena backing follows displayed size and screen density without changing world aspect
ok 406 - arena backing follows displayed size and screen density without changing world aspect
  ---
  duration_ms: 0.774792
  ...
# Subtest: arena backing bounds oversized displays and survives hidden or unavailable density
ok 407 - arena backing bounds oversized displays and survives hidden or unavailable density
  ---
  duration_ms: 0.076708
  ...
# Subtest: weighted table gives Five one third Triple probability with deterministic intervals
ok 408 - weighted table gives Five one third Triple probability with deterministic intervals
  ---
  duration_ms: 24.223583
  ...
# Subtest: Star is removed while remaining relative weights are preserved
ok 409 - Star is removed while remaining relative weights are preserved
  ---
  duration_ms: 0.147833
  ...
# Subtest: powerup pacing ramps every twenty seconds and stays bounded in overtime
ok 410 - powerup pacing ramps every twenty seconds and stays bounded in overtime
  ---
  duration_ms: 0.432459
  ...
# Subtest: portal transits survivors, breaks trail, preserves heading/charge, counts actual movement
ok 411 - portal transits survivors, breaks trail, preserves heading/charge, counts actual movement
  ---
  duration_ms: 31.943167
  ...
# Subtest: entry collision is resolved before transit, and shield remains independent
ok 412 - entry collision is resolved before transit, and shield remains independent
  ---
  duration_ms: 1.329292
  ...
# Subtest: unsafe exit defers teleport for rider, pending trail, trail, bomb and blast hazards
ok 413 - unsafe exit defers teleport for rider, pending trail, trail, bomb and blast hazards
  ---
  duration_ms: 7.68175
  ...
# Subtest: portal grace is defensive for both riders, protects trails/walls and does not consume shield
ok 414 - portal grace is defensive for both riders, protects trails/walls and does not consume shield
  ---
  duration_ms: 0.63675
  ...
# Subtest: portal expiry, snapshot copying, compact geometry omission and round reset
ok 415 - portal expiry, snapshot copying, compact geometry omission and round reset
  ---
  duration_ms: 0.632375
  ...
# Subtest: portal pickup creates deterministic pair, records stats, replaces pair without clearing cooldown
ok 416 - portal pickup creates deterministic pair, records stats, replaces pair without clearing cooldown
  ---
  duration_ms: 1.954834
  ...
# Subtest: impossible placement leaves pickup and old pair unconsumed
ok 417 - impossible placement leaves pickup and old pair unconsumed
  ---
  duration_ms: 0.794833
  ...
# Subtest: reverse transit respects cooldown at its exact deadline after replacement
ok 418 - reverse transit respects cooldown at its exact deadline after replacement
  ---
  duration_ms: 0.606083
  ...
# Subtest: portal defensive grace expires exactly at the authoritative tick
ok 419 - portal defensive grace expires exactly at the authoritative tick
  ---
  duration_ms: 4.564375
  ...
# Subtest: concurrent riders preserve separate entry heights at the linked wall
ok 420 - concurrent riders preserve separate entry heights at the linked wall
  ---
  duration_ms: 0.584708
  ...
# Subtest: wall placement remains useful on an occupied five-rider field across seeds
ok 421 - wall placement remains useful on an occupied five-rider field across seeds
  ---
  duration_ms: 167.582458
  ...
# Subtest: authoritative overtime shrinks portal wall length and removes reclaimed walls from snapshots
ok 422 - authoritative overtime shrinks portal wall length and removes reclaimed walls from snapshots
  ---
  duration_ms: 0.502333
  ...
# Subtest: compressed linked wall reserves an exit for the first rider rather than overlapping arrivals
ok 423 - compressed linked wall reserves an exit for the first rider rather than overlapping arrivals
  ---
  duration_ms: 0.505458
  ...
# Subtest: placement sizes walls to one third of field, caps at 300 and reserves full corridor
ok 424 - placement sizes walls to one third of field, caps at 300 and reserves full corridor
  ---
  duration_ms: 0.659375
  ...
# Subtest: placement remains bounded for unsafe or insufficiently separated sites
ok 425 - placement remains bounded for unsafe or insufficiently separated sites
  ---
  duration_ms: 0.235833
  ...
# Subtest: full wall safety catches a hazard between sampled center and endpoints
ok 426 - full wall safety catches a hazard between sampled center and endpoints
  ---
  duration_ms: 0.103292
  ...
# Subtest: swept wall entry preserves heading and relative linked height
ok 427 - swept wall entry preserves heading and relative linked height
  ---
  duration_ms: 0.604125
  ...
# Subtest: both directions and earliest intersected wall work
ok 428 - both directions and earliest intersected wall work
  ---
  duration_ms: 0.08925
  ...
# Subtest: rounded endpoints detect vertical and tangent contact without phantom end extensions
ok 429 - rounded endpoints detect vertical and tangent contact without phantom end extensions
  ---
  duration_ms: 0.085625
  ...
# Subtest: cooldown, expiry, inside, stationary, moving away and short movement do not retrigger
ok 430 - cooldown, expiry, inside, stationary, moving away and short movement do not retrigger
  ---
  duration_ms: 0.096125
  ...
# Subtest: unsafe and out-of-field exits defer transit and safety receives actual offset exit
ok 431 - unsafe and out-of-field exits defer transit and safety receives actual offset exit
  ---
  duration_ms: 0.13375
  ...
# Subtest: shrinking trims walls and removes pairs whose centerline or usable ends are reclaimed
ok 432 - shrinking trims walls and removes pairs whose centerline or usable ends are reclaimed
  ---
  duration_ms: 0.192708
  ...
# Subtest: motion ledger boundary rejects malformed, unbounded and contradictory tick data
ok 433 - motion ledger boundary rejects malformed, unbounded and contradictory tick data
  ---
  duration_ms: 0.51125
  ...
# Subtest: local steering responds next frame using a partial step which never changes fixed replay
ok 434 - local steering responds next frame using a partial step which never changes fixed replay
  ---
  duration_ms: 10.79675
  ...
# Subtest: acknowledged held turn replays exactly with no pending events, including drunk offset
ok 435 - acknowledged held turn replays exactly with no pending events, including drunk offset
  ---
  duration_ms: 6.458375
  ...
# Subtest: fresh-input age neutralizes held controls at tick ten
ok 436 - fresh-input age neutralizes held controls at tick ten
  ---
  duration_ms: 0.81075
  ...
# Subtest: press and release scheduled for same tick uses latest sample, received ack cannot retire either
ok 437 - press and release scheduled for same tick uses latest sample, received ack cannot retire either
  ---
  duration_ms: 2.996125
  ...
# Subtest: mismatched snapshot and application tick rejected atomically
ok 438 - mismatched snapshot and application tick rejected atomically
  ---
  duration_ms: 1.051417
  ...
# Subtest: applied result retires pending but continues authoritative held input
ok 439 - applied result retires pending but continues authoritative held input
  ---
  duration_ms: 0.623208
  ...
# Subtest: death and portal reset local motion and epoch invalidates timing
ok 440 - death and portal reset local motion and epoch invalidates timing
  ---
  duration_ms: 0.624084
  ...
# Subtest: clock retains conservative send sampled bounds and rejects pause stale and invalid RTT
ok 441 - clock retains conservative send sampled bounds and rejects pause stale and invalid RTT
  ---
  duration_ms: 0.086833
  ...
# Subtest: remote buffer uses coherent past state and fractional ticks without portal chords
ok 442 - remote buffer uses coherent past state and fractional ticks without portal chords
  ---
  duration_ms: 0.838417
  ...
# Subtest: spectator clock advances fractional render ticks without a player seat and resets scope
ok 443 - spectator clock advances fractional render ticks without a player seat and resets scope
  ---
  duration_ms: 0.602375
  ...
# Subtest: presentation connector is bounded and never mutates confirmed trails
ok 444 - presentation connector is bounded and never mutates confirmed trails
  ---
  duration_ms: 0.604042
  ...
# Subtest: inactive snapshots do not invent movement correction or smoothing offsets
ok 445 - inactive snapshots do not invent movement correction or smoothing offsets
  ---
  duration_ms: 5.46025
  ...
# Subtest: slow round trip or lagging snapshot never rejects input locally; host admission and the four-tick lead cap bound it (\#15)
ok 446 - slow round trip or lagging snapshot never rejects input locally; host admission and the four-tick lead cap bound it (\#15)
  ---
  duration_ms: 0.699458
  ...
# Subtest: transport-refused and stale inputs never count toward the bound; overflow drops the backlog instead of blocking (\#20)
ok 447 - transport-refused and stale inputs never count toward the bound; overflow drops the backlog instead of blocking (\#20)
  ---
  duration_ms: 0.898209
  ...
# Subtest: overflow first drops inputs behind the host window and only clears a fully fresh backlog (\#15 follow-up)
ok 448 - overflow first drops inputs behind the host window and only clears a fully fresh backlog (\#15 follow-up)
  ---
  duration_ms: 2.359166
  ...
# Subtest: a lost clock limits the preview but never the send (\#65)
ok 449 - a lost clock limits the preview but never the send (\#65)
  ---
  duration_ms: 0.784875
  ...
# Subtest: all semantic message variants validate without accepting extra fields
ok 450 - all semantic message variants validate without accepting extra fields
  ---
  duration_ms: 1.0995
  ...
# Subtest: untrusted message shapes, sizes, tokens and input sequences fail closed
ok 451 - untrusted message shapes, sizes, tokens and input sequences fail closed
  ---
  duration_ms: 0.21825
  ...
# Subtest: target aim accepts finite normalized coordinates only and rejects nested extras
ok 452 - target aim accepts finite normalized coordinates only and rejects nested extras
  ---
  duration_ms: 0.159042
  ...
# Subtest: serialized recipient acknowledgement preserves own zero and negative sequences without other seats
ok 453 - serialized recipient acknowledgement preserves own zero and negative sequences without other seats
  ---
  duration_ms: 0.749125
  ...
# Subtest: recipient ack envelopes preserve complete keyframe retry and unchanged world decoding
ok 454 - recipient ack envelopes preserve complete keyframe retry and unchanged world decoding
  ---
  duration_ms: 0.99525
  ...
# Subtest: candidates before the remote description are buffered, bounded at 64 and flushed in order
ok 455 - candidates before the remote description are buffered, bounded at 64 and flushed in order
  ---
  duration_ms: 1.61225
  ...
# Subtest: candidates arriving while a description is being applied wait, then apply; later ones apply directly
ok 456 - candidates arriving while a description is being applied wait, then apply; later ones apply directly
  ---
  duration_ms: 0.161291
  ...
# Subtest: answer-side candidates that arrive after the local answer are applied against the remote description
ok 457 - answer-side candidates that arrive after the local answer are applied against the remote description
  ---
  duration_ms: 0.097875
  ...
# Subtest: a restart offer changes the ufrag: old-generation candidates never poison it and new ones wait for it
ok 458 - a restart offer changes the ufrag: old-generation candidates never poison it and new ones wait for it
  ---
  duration_ms: 0.105958
  ...
# Subtest: browser rejection of a candidate is counted, not thrown into the signalling loop
ok 459 - browser rejection of a candidate is counted, not thrown into the signalling loop
  ---
  duration_ms: 0.098542
  ...
# Subtest: only actual changed heading counts, unchanged animation frames do not
ok 460 - only actual changed heading counts, unchanged animation frames do not
  ---
  duration_ms: 0.726666
  ...
# Subtest: clock-aligned render frames detect wrapped positive heading and reject the wrong direction
ok 461 - clock-aligned render frames detect wrapped positive heading and reject the wrong direction
  ---
  duration_ms: 0.112959
  ...
# Subtest: death, round transition, intoxication and live powerups invalidate the measurement
ok 462 - death, round transition, intoxication and live powerups invalidate the measurement
  ---
  duration_ms: 0.11175
  ...
# Subtest: turning, short, stale and missing baselines are rejected without cherry-picking
ok 463 - turning, short, stale and missing baselines are rejected without cherry-picking
  ---
  duration_ms: 0.071917
  ...
# Subtest: unchanged heading times out and incomplete capture is separately rejected
ok 464 - unchanged heading times out and incomplete capture is separately rejected
  ---
  duration_ms: 0.069541
  ...
# Subtest: one degree metric remains later than the first tiny numerical departure
ok 465 - one degree metric remains later than the first tiny numerical departure
  ---
  duration_ms: 0.069542
  ...
# Subtest: render continuity separates repeated authoritative ticks from animation cadence and attempt gaps
ok 466 - render continuity separates repeated authoritative ticks from animation cadence and attempt gaps
  ---
  duration_ms: 2.582709
  ...
# Subtest: return to lobby from lobby clears match state without inventing session points
ok 467 - return to lobby from lobby clears match state without inventing session points
  ---
  duration_ms: 11.184708
  ...
# Subtest: return to lobby from countdown clears match state without inventing session points
ok 468 - return to lobby from countdown clears match state without inventing session points
  ---
  duration_ms: 1.716875
  ...
# Subtest: return to lobby from playing clears match state without inventing session points
ok 469 - return to lobby from playing clears match state without inventing session points
  ---
  duration_ms: 1.048125
  ...
# Subtest: return to lobby from roundOver clears match state without inventing session points
ok 470 - return to lobby from roundOver clears match state without inventing session points
  ---
  duration_ms: 0.68025
  ...
# Subtest: return to lobby from matchOver clears match state without inventing session points
ok 471 - return to lobby from matchOver clears match state without inventing session points
  ---
  duration_ms: 1.400375
  ...
# Subtest: empty party can return to lobby and invalid scope is rejected before mutation
ok 472 - empty party can return to lobby and invalid scope is rejected before mutation
  ---
  duration_ms: 0.178959
  ...
# Subtest: pure rider kernel exactly matches authoritative turns including drunk offsets
ok 473 - pure rider kernel exactly matches authoritative turns including drunk offsets
  ---
  duration_ms: 40.688209
  ...
# Subtest: opposite controls cancel steering and pure motion leaves input pose unchanged
ok 474 - opposite controls cancel steering and pure motion leaves input pose unchanged
  ---
  duration_ms: 0.558291
  ...
# Subtest: short codes map the full67600 space and reject biased random tail
ok 475 - short codes map the full67600 space and reject biased random tail
  ---
  duration_ms: 0.603333
  ...
# Subtest: new and temporary legacy room identities validate without making codes secrets
ok 476 - new and temporary legacy room identities validate without making codes secrets
  ---
  duration_ms: 0.112583
  ...
# Subtest: collision reservation is bounded and never masks noncollision failure
ok 477 - collision reservation is bounded and never masks noncollision failure
  ---
  duration_ms: 0.521084
  ...
# Subtest: ordinary initial show is inert and permanent departure disposes the room
ok 478 - ordinary initial show is inert and permanent departure disposes the room
  ---
  duration_ms: 0.80025
  ...
# Subtest: BFCache restoration reloads stopped room exactly once instead of reviving its transport
ok 479 - BFCache restoration reloads stopped room exactly once instead of reviving its transport
  ---
  duration_ms: 0.07725
  ...
# Subtest: expired room stops before clearing runtime and never retries a reused public code
ok 480 - expired room stops before clearing runtime and never retries a reused public code
  ---
  duration_ms: 0.80575
  ...
# Subtest: temporary network failure retries while replaced host is terminal separately
ok 481 - temporary network failure retries while replaced host is terminal separately
  ---
  duration_ms: 0.084083
  ...
# Subtest: safeStorage falls back to an in-memory store when the underlying storage throws on access
ok 482 - safeStorage falls back to an in-memory store when the underlying storage throws on access
  ---
  duration_ms: 0.486834
  ...
# Subtest: safeStorage does not evaluate the storage accessor until a get/set/remove call is made
ok 483 - safeStorage does not evaluate the storage accessor until a get/set/remove call is made
  ---
  duration_ms: 0.070834
  ...
# Subtest: safeStorage passes through to real storage when it works
ok 484 - safeStorage passes through to real storage when it works
  ---
  duration_ms: 0.089958
  ...
# Subtest: createMemoryStorage never throws and reports missing keys as null
ok 485 - createMemoryStorage never throws and reports missing keys as null
  ---
  duration_ms: 0.048208
  ...
# Subtest: LAN AI management is authorized, shares seats, follows normal rounds and can be removed
ok 486 - LAN AI management is authorized, shares seats, follows normal rounds and can be removed
  ---
  duration_ms: 73.428875
  ...
# Subtest: LAN bot protocol rejects missing IDs, human IDs and unexpected action data
ok 487 - LAN bot protocol rejects missing IDs, human IDs and unexpected action data
  ---
  duration_ms: 0.477417
  ...
# Subtest: a reconnect cancels prior charge and accepts a fresh explicit press-release pair
ok 488 - a reconnect cancels prior charge and accepts a fresh explicit press-release pair
  ---
  duration_ms: 87.471375
  ...
# Subtest: match rematch resets scope and wins, then round-over automatically starts the next round
ok 489 - match rematch resets scope and wins, then round-over automatically starts the next round
  ---
  duration_ms: 62.18725
  ...
# Subtest: controller snapshots strip the full match statistics table
ok 490 - controller snapshots strip the full match statistics table
  ---
  duration_ms: 0.800708
  ...
# Subtest: five seats, sixth denial, full public snapshots and private host control
ok 491 - five seats, sixth denial, full public snapshots and private host control
  ---
  duration_ms: 90.7425
  ...
# Subtest: reconnect replaces the same seat, sequences continue, stale input becomes neutral, rapid bomb taps survive
ok 492 - reconnect replaces the same seat, sequences continue, stale input becomes neutral, rapid bomb taps survive
  ---
  duration_ms: 22.085833
  ...
# Subtest: admission rejects late/invalid joins, leave frees lobby seats and eliminates during play
ok 493 - admission rejects late/invalid joins, leave frees lobby seats and eliminates during play
  ---
  duration_ms: 27.620708
  ...
# Subtest: charge holds use authoritative ticks and launch only on explicit release
ok 494 - charge holds use authoritative ticks and launch only on explicit release
  ---
  duration_ms: 19.286708
  ...
# Subtest: cancel, stale input, and socket replacement discard charges and queued releases
ok 495 - cancel, stale input, and socket replacement discard charges and queued releases
  ---
  duration_ms: 14.49325
  ...
# Subtest: typed injected clock drives heartbeat timeout and rate window without sleeping
ok 496 - typed injected clock drives heartbeat timeout and rate window without sleeping
  ---
  duration_ms: 3.543833
  ...
# Subtest: a flood of malformed frames is counted against the rate limit and closes the socket with 1008
ok 497 - a flood of malformed frames is counted against the rate limit and closes the socket with 1008
  ---
  duration_ms: 5.989584
  ...
# Subtest: invalid frames do not refresh lastSeen so the idle watchdog still prunes a garbage-only client
ok 498 - invalid frames do not refresh lastSeen so the idle watchdog still prunes a garbage-only client
  ---
  duration_ms: 1.133791
  ...
# Subtest: bounded catch-up discards sleep-sized backlogs
ok 499 - bounded catch-up discards sleep-sized backlogs
  ---
  duration_ms: 0.078084
  ...
# Subtest: a finished match can accept fresh phones after every original player leaves
ok 500 - a finished match can accept fresh phones after every original player leaves
  ---
  duration_ms: 9.978958
  ...
# Subtest: injected scheduler advances fixed ticks, caps catch-up, discards excess and cancels on close
ok 501 - injected scheduler advances fixed ticks, caps catch-up, discards excess and cancels on close
  ---
  duration_ms: 0.456209
  ...
# Subtest: display receives 20Hz world state while phones receive compact 10Hz updates and measured input acknowledgments
ok 502 - display receives 20Hz world state while phones receive compact 10Hz updates and measured input acknowledgments
  ---
  duration_ms: 9.318167
  ...
# Subtest: late countdown joins wait safely, reconnect and enter next round automatically
ok 503 - late countdown joins wait safely, reconnect and enter next round automatically
  ---
  duration_ms: 16.299708
  ...
# Subtest: late playing joins wait safely, reconnect and enter next round automatically
ok 504 - late playing joins wait safely, reconnect and enter next round automatically
  ---
  duration_ms: 12.069959
  ...
# Subtest: target release aim survives newer input packets through real socket transport
ok 505 - target release aim survives newer input packets through real socket transport
  ---
  duration_ms: 7.245875
  ...
# Subtest: host can abort to lobby without losing phone seats or replaying buffered bomb releases
ok 506 - host can abort to lobby without losing phone seats or replaying buffered bomb releases
  ---
  duration_ms: 9.112125
  ...
# Subtest: serialized avatar joins assign an allowed head and reconnect preserves server identity
ok 507 - serialized avatar joins assign an allowed head and reconnect preserves server identity
  ---
  duration_ms: 2.819166
  ...
# Subtest: a joined controller can change only its own avatar during play without altering gameplay
ok 508 - a joined controller can change only its own avatar during play without altering gameplay
  ---
  duration_ms: 7.983375
  ...
# Subtest: phones that vanish in the lobby release their seats for newcomers and for the next start
ok 509 - phones that vanish in the lobby release their seats for newcomers and for the next start
  ---
  duration_ms: 5.032625
  ...
# Subtest: a full lobby reclaims a vanished seat for a newcomer without any host action
ok 510 - a full lobby reclaims a vanished seat for a newcomer without any host action
  ---
  duration_ms: 5.688417
  ...
# Subtest: a phone that vanishes mid-round keeps its seat for reconnection and never yields it to a newcomer
ok 511 - a phone that vanishes mid-round keeps its seat for reconnection and never yields it to a newcomer
  ---
  duration_ms: 11.353292
  ...
# Subtest: actual service exposes Cloud Run safe health aliases without requiring provider operations
ok 512 - actual service exposes Cloud Run safe health aliases without requiring provider operations
  ---
  duration_ms: 771.754083
  ...
# Subtest: service transaction retries keep one logical connection/grant and fenced replacement
ok 513 - service transaction retries keep one logical connection/grant and fenced replacement
  ---
  duration_ms: 2.951458
  ...
# Subtest: service reserves creator slot and atomically bounds concurrent admission
ok 514 - service reserves creator slot and atomically bounds concurrent admission
  ---
  duration_ms: 0.498375
  ...
# Subtest: two gateways advertise actual remote members and route only signalling
ok 515 - two gateways advertise actual remote members and route only signalling
  ---
  duration_ms: 2.149542
  ...
# Subtest: mesh signalling permits guest pairs while rejecting foreign room and replaced target scopes
ok 516 - mesh signalling permits guest pairs while rejecting foreign room and replaced target scopes
  ---
  duration_ms: 0.5375
  ...
# Subtest: guest mesh signals retain source replacement and cross-room membership fences
ok 517 - guest mesh signals retain source replacement and cross-room membership fences
  ---
  duration_ms: 0.683458
  ...
# Subtest: fast bus after delayed metadata emits new source membership before SDP
ok 518 - fast bus after delayed metadata emits new source membership before SDP
  ---
  duration_ms: 0.446125
  ...
# Subtest: expired and duplicate bus packets never repeat SDP; old replacement source is rejected
ok 519 - expired and duplicate bus packets never repeat SDP; old replacement source is rejected
  ---
  duration_ms: 0.373875
  ...
# Subtest: time renewals preserve exact authority and stale close cannot revoke replacement
ok 520 - time renewals preserve exact authority and stale close cannot revoke replacement
  ---
  duration_ms: 0.526542
  ...
# Subtest: idle teardown and immediate rejoin serialize a new subscription before admission
ok 521 - idle teardown and immediate rejoin serialize a new subscription before admission
  ---
  duration_ms: 0.308833
  ...
# Subtest: bus failure and slow receiver fail explicitly without keeping hidden relay queues
ok 522 - bus failure and slow receiver fail explicitly without keeping hidden relay queues
  ---
  duration_ms: 2.181083
  ...
# Subtest: runtime metadata and bus schemas reject corrupt scope and gameplay frames
ok 523 - runtime metadata and bus schemas reject corrupt scope and gameplay frames
  ---
  duration_ms: 0.392167
  ...
# Subtest: v2 renewal accepts GrantIdentity without timestamps at the actual JSON boundary
ok 524 - v2 renewal accepts GrantIdentity without timestamps at the actual JSON boundary
  ---
  duration_ms: 0.307459
  ...
# Subtest: failed bus is drained before a queued new connection can mark it ready
ok 525 - failed bus is drained before a queued new connection can mark it ready
  ---
  duration_ms: 0.385167
  ...
# Subtest: short-code transactional collisions preserve the live room and retry only bounded conflicts
ok 526 - short-code transactional collisions preserve the live room and retry only bounded conflicts
  ---
  duration_ms: 0.773083
  ...
# Subtest: guest keepalives never extend host-session lifetime and exact expiry rejects admission
ok 527 - guest keepalives never extend host-session lifetime and exact expiry rejects admission
  ---
  duration_ms: 0.258417
  ...
# Subtest: only the current host extends reconnect grace and replacement close cannot shorten it
ok 528 - only the current host extends reconnect grace and replacement close cannot shorten it
  ---
  duration_ms: 0.179959
  ...
# Subtest: host end is authorized, immediate and cannot end a reused code with an old capability
ok 529 - host end is authorized, immediate and cannot end a reused code with an old capability
  ---
  duration_ms: 0.521667
  ...
# Subtest: cached signalling refuses expired rooms before asynchronous TTL deletion
ok 530 - cached signalling refuses expired rooms before asynchronous TTL deletion
  ---
  duration_ms: 0.486833
  ...
# Subtest: gateway expiry timer closes silent sockets without depending on TTL deletion or traffic
ok 531 - gateway expiry timer closes silent sockets without depending on TTL deletion or traffic
  ---
  duration_ms: 8.485584
  ...
# Subtest: delayed old-incarnation heartbeat or read cannot roll back a reused room view
ok 532 - delayed old-incarnation heartbeat or read cannot roll back a reused room view
  ---
  duration_ms: 8.888625
  ...
# Subtest: delayed old admission cannot replace a newly observed room incarnation
ok 533 - delayed old admission cannot replace a newly observed room incarnation
  ---
  duration_ms: 1.566125
  ...
# Subtest: cancelled metadata watch callbacks cannot mutate a recreated room view
ok 534 - cancelled metadata watch callbacks cannot mutate a recreated room view
  ---
  duration_ms: 0.388459
  ...
# Subtest: direct new admission rotates an active old watch before its delayed callbacks arrive
ok 535 - direct new admission rotates an active old watch before its delayed callbacks arrive
  ---
  duration_ms: 0.341209
  ...
# Subtest: shell reflects remaining travel and exposes the true collision path
ok 536 - shell reflects remaining travel and exposes the true collision path
  ---
  duration_ms: 1.721375
  ...
# Subtest: corners reflect both axes and shrinking bounds clamp safely
ok 537 - corners reflect both axes and shrinking bounds clamp safely
  ---
  duration_ms: 0.188834
  ...
# Subtest: shell ricochets off a tail without crossing it and keeps its speed
ok 538 - shell ricochets off a tail without crossing it and keeps its speed
  ---
  duration_ms: 0.39975
  ...
# Subtest: diagonal tails and exposed endpoints reflect instead of tunnelling
ok 539 - diagonal tails and exposed endpoints reflect instead of tunnelling
  ---
  duration_ms: 0.112791
  ...
# Subtest: failure notice classifies only press/release gestures, never neutral or held heartbeats
ok 540 - failure notice classifies only press/release gestures, never neutral or held heartbeats
  ---
  duration_ms: 0.411333
  ...
# Subtest: shot notice persists three seconds independently and another failure restarts the deadline
ok 541 - shot notice persists three seconds independently and another failure restarts the deadline
  ---
  duration_ms: 0.091292
  ...
# Subtest: every candidate shape Chrome and Safari emit passes the signalling boundary
ok 542 - every candidate shape Chrome and Safari emit passes the signalling boundary
  ---
  duration_ms: 0.496375
  ...
# Subtest: descriptions from localDescription.toJSON() pass; anything else is rejected
ok 543 - descriptions from localDescription.toJSON() pass; anything else is rejected
  ---
  duration_ms: 0.212709
  ...
# Subtest: connect() while the previous socket is still CONNECTING closes it instead of orphaning it
ok 544 - connect() while the previous socket is still CONNECTING closes it instead of orphaning it
  ---
  duration_ms: 1.08525
  ...
# Subtest: connect() with no prior socket does not attempt to close anything
ok 545 - connect() with no prior socket does not attempt to close anything
  ---
  duration_ms: 0.119
  ...
# Subtest: a real disconnect on the current socket reports status and reconnects
ok 546 - a real disconnect on the current socket reports status and reconnects
  ---
  duration_ms: 0.104334
  ...
# Subtest: send() only transmits once the current socket reports OPEN, and close() is idempotent-safe
ok 547 - send() only transmits once the current socket reports OPEN, and close() is idempotent-safe
  ---
  duration_ms: 0.10025
  ...
# Subtest: an inbound pong reports round-trip time instead of reaching onMessage
ok 548 - an inbound pong reports round-trip time instead of reaching onMessage
  ---
  duration_ms: 0.559875
  ...
# Subtest: a host error reply survives 200 ms of ticks and world frames, then the connection status returns
ok 549 - a host error reply survives 200 ms of ticks and world frames, then the connection status returns
  ---
  duration_ms: 0.904958
  ...
# Subtest: unchanged recurring status is emitted once however many ticks and frames restate it
ok 550 - unchanged recurring status is emitted once however many ticks and frames restate it
  ---
  duration_ms: 0.193625
  ...
# Subtest: the recurring status that returns after a notice is the latest one, not the one it replaced
ok 551 - the recurring status that returns after a notice is the latest one, not the one it replaced
  ---
  duration_ms: 0.141833
  ...
# Subtest: a join error survives the 500 ms join retry cadence without restating itself
ok 552 - a join error survives the 500 ms join retry cadence without restating itself
  ---
  duration_ms: 0.191375
  ...
# Subtest: a later notice replaces a live notice and extends the hold
ok 553 - a later notice replaces a live notice and extends the hold
  ---
  duration_ms: 0.195708
  ...
# Subtest: a notice raised before any connection status is never replaced by a silent refresh
ok 554 - a notice raised before any connection status is never replaced by a silent refresh
  ---
  duration_ms: 0.116458
  ...
# Subtest: a rejected input frame flashes without holding the line or hiding a real error
ok 555 - a rejected input frame flashes without holding the line or hiding a real error
  ---
  duration_ms: 0.115542
  ...
# Subtest: a terminal notice is never overwritten by recurring status or by later notices
ok 556 - a terminal notice is never overwritten by recurring status or by later notices
  ---
  duration_ms: 0.133958
  ...
# Subtest: target collection arms one normal-strength bomb and preserves volley upgrades
ok 557 - target collection arms one normal-strength bomb and preserves volley upgrades
  ---
  duration_ms: 9.70375
  ...
# Subtest: targeting requires pickup and clamps to the current safe field
ok 558 - targeting requires pickup and clamps to the current safe field
  ---
  duration_ms: 2.261959
  ...
# Subtest: cancel, rejected release and death clear preview without consuming; next round resets
ok 559 - cancel, rejected release and death clear preview without consuming; next round resets
  ---
  duration_ms: 1.060167
  ...
# Subtest: queued release uses its own aim rather than a later packet in the same server tick
ok 560 - queued release uses its own aim rather than a later packet in the same server tick
  ---
  duration_ms: 0.53
  ...
# Subtest: Target detonates on the release tick, with damage and protection resolved immediately
ok 561 - Target detonates on the release tick, with damage and protection resolved immediately
  ---
  duration_ms: 1.4705
  ...
# Subtest: instant Target blast chains nearby bombs in the same tick
ok 562 - instant Target blast chains nearby bombs in the same tick
  ---
  duration_ms: 0.495458
  ...
# Subtest: host clock replies are bound, single-use, bounded and invalidated at recovery
ok 563 - host clock replies are bound, single-use, bounded and invalidated at recovery
  ---
  duration_ms: 0.494417
  ...
# Subtest: trail clipping preserves contained geometry identity and timestamps
ok 564 - trail clipping preserves contained geometry identity and timestamps
  ---
  duration_ms: 0.510958
  ...
# Subtest: trail clipping trims crossings on every edge in both directions
ok 565 - trail clipping trims crossings on every edge in both directions
  ---
  duration_ms: 0.487791
  ...
# Subtest: trail clipping keeps closed tangent edges and corner contacts
ok 566 - trail clipping keeps closed tangent edges and corner contacts
  ---
  duration_ms: 0.07375
  ...
# Subtest: trail clipping removes exterior points, parallel lines and disjoint diagonal segments
ok 567 - trail clipping removes exterior points, parallel lines and disjoint diagonal segments
  ---
  duration_ms: 0.062834
  ...
# Subtest: overtime trims dead and living trails before collision and snapshot, retaining disconnected pieces
ok 568 - overtime trims dead and living trails before collision and snapshot, retaining disconnected pieces
  ---
  duration_ms: 11.576792
  ...
# Subtest: star, shield and portal grace bounce trails cannot start outside the newly closed field
ok 569 - star, shield and portal grace bounce trails cannot start outside the newly closed field
  ---
  duration_ms: 3.056541
  ...
# Subtest: overtime clipping preserves portal entry and exit discontinuity
ok 570 - overtime clipping preserves portal entry and exit discontinuity
  ---
  duration_ms: 1.053042
  ...
# Subtest: Worker persists an incarnation and allocates authority to the current host connection only
ok 571 - Worker persists an incarnation and allocates authority to the current host connection only
  ---
  duration_ms: 15.501333
  ...
# Subtest: Worker fences host replacement and delayed close without overlapping lease validity
ok 572 - Worker fences host replacement and delayed close without overlapping lease validity
  ---
  duration_ms: 1.939375
  ...
# Subtest: Worker renews only an active exact grant from its current host, with authenticated clock echo
ok 573 - Worker renews only an active exact grant from its current host, with authenticated clock echo
  ---
  duration_ms: 1.239083
  ...
# Subtest: Worker routes only current authenticated endpoints and includes source connection scope
ok 574 - Worker routes only current authenticated endpoints and includes source connection scope
  ---
  duration_ms: 1.794167
  ...
# Subtest: Worker serializes simultaneous host reservations and retains fencing through hibernation state
ok 575 - Worker serializes simultaneous host reservations and retains fencing through hibernation state
  ---
  duration_ms: 0.876334
  ...
# Subtest: Worker rejects malformed clock requests and bounds six active memberships while permitting replacement
ok 576 - Worker rejects malformed clock requests and bounds six active memberships while permitting replacement
  ---
  duration_ms: 2.420167
  ...
# Subtest: Worker reserves creator capacity when invitees arrive before the host
ok 577 - Worker reserves creator capacity when invitees arrive before the host
  ---
  duration_ms: 5.078333
  ...
# Subtest: Worker rejects gameplay relay even between valid host and guest sockets
ok 578 - Worker rejects gameplay relay even between valid host and guest sockets
  ---
  duration_ms: 1.846166
  ...
# Subtest: Worker expires at90seconds without host heartbeat even while guests keep sending
ok 579 - Worker expires at90seconds without host heartbeat even while guests keep sending
  ---
  duration_ms: 1.654666
  ...
# Subtest: Worker end requires host capability and code reuse clears prior authority
ok 580 - Worker end requires host capability and code reuse clears prior authority
  ---
  duration_ms: 2.235583
  ...
# Subtest: Worker current host heartbeats extend deadline while stale closes do not
ok 581 - Worker current host heartbeats extend deadline while stale closes do not
  ---
  duration_ms: 1.919375
  ...
1..581
# tests 581
# suites 0
# pass 581
# fail 0
# cancelled 0
# skipped 0
# todo 0
# duration_ms 7030.615333
--------------------------|---------|----------|---------|---------|--------------------------------
File                      | % Stmts | % Branch | % Funcs | % Lines | Uncovered Line #s              
--------------------------|---------|----------|---------|---------|--------------------------------
All files                 |   99.16 |       94 |   98.82 |   99.16 |                                
 client                   |     100 |    97.94 |    98.3 |     100 |                                
  audio-director.ts       |     100 |    98.38 |     100 |     100 | 77                             
  controller-keyboard.ts  |     100 |      100 |     100 |     100 |                                
  controller-pointers.ts  |     100 |    98.48 |   91.66 |     100 | 56                             
  controller-state.ts     |     100 |    98.95 |     100 |     100 | 81                             
  render-snapshot.ts      |     100 |       90 |     100 |     100 | 37-45                          
  snapshot-stream.ts      |     100 |      100 |     100 |     100 |                                
 online                   |   98.75 |     92.2 |   98.35 |   98.75 |                                
  action-replication.ts   |     100 |    89.94 |     100 |     100 | ...135,142,153,159,162,164-166 
  authority-grace.ts      |     100 |      100 |     100 |     100 |                                
  authority-status.ts     |     100 |      100 |     100 |     100 |                                
  authority.ts            |     100 |      100 |     100 |     100 |                                
  checkpoint.ts           |     100 |     91.7 |     100 |     100 | ...112,114,117-119,121,137,141 
  direct-clock.ts         |     100 |    98.94 |     100 |     100 | 69                             
  direct-control.ts       |     100 |      100 |     100 |     100 |                                
  direct-heartbeat.ts     |     100 |    94.65 |     100 |     100 | 19,86,95,97,100,105,107        
  direct-ingress.ts       |     100 |      100 |     100 |     100 |                                
  direct-origin.ts        |     100 |    95.58 |     100 |     100 | 53,57,69                       
  direct-room-state.ts    |     100 |    95.12 |     100 |     100 | 38,48,63,71,84,98              
  direct-segment.ts       |     100 |    87.97 |   94.11 |     100 | ...131,143,154-155,158,167,178 
  direct-stream.ts        |     100 |    99.35 |     100 |     100 | 42                             
  host-session.ts         |   99.49 |    89.79 |     100 |   99.49 | 41                             
  ice-config.ts           |     100 |    97.36 |     100 |     100 | 13                             
  ice-signal.ts           |     100 |       92 |     100 |     100 | 9,18                           
  keyframe-delivery.ts    |     100 |      100 |     100 |     100 |                                
  link-callback.ts        |     100 |      100 |     100 |     100 |                                
  link-diagnostics.ts     |     100 |       84 |     100 |     100 | 16,20,33,39-42                 
  link-health.ts          |     100 |      100 |     100 |     100 |                                
  link-restart.ts         |     100 |      100 |     100 |     100 |                                
  link-send-gate.ts       |     100 |      100 |     100 |     100 |                                
  local-runtime.ts        |     100 |    89.58 |     100 |     100 | 33,54,61,71-73                 
  mobile-play-policy.ts   |     100 |      100 |     100 |     100 |                                
  prediction-clock.ts     |     100 |    98.03 |     100 |     100 | 37                             
  prediction.ts           |    97.6 |    87.61 |     100 |    97.6 | 105-107                        
  recipient-ack.ts        |     100 |      100 |     100 |     100 |                                
  remote-signal.ts        |   95.34 |    94.73 |     100 |   95.34 | 36-37                          
  response-measurement.ts |     100 |    98.52 |     100 |     100 | 25                             
  rollback-world.ts       |     100 |    90.65 |     100 |     100 | ...152,157,186,194-196,203,215 
  room-lifecycle.ts       |     100 |      100 |     100 |     100 |                                
  room-socket-close.ts    |     100 |      100 |     100 |     100 |                                
  runtime.ts              |   93.23 |    87.57 |   87.87 |   93.23 | ...405,409-413,427-429,445-456 
  status-notices.ts       |     100 |      100 |     100 |     100 |                                
  world-codec.ts          |     100 |     86.4 |      90 |     100 | ...64,66,68,71-75,86,88-95,100 
 server                   |    98.2 |     92.2 |     100 |    98.2 |                                
  bomb-input.ts           |     100 |      100 |     100 |     100 |                                
  index.ts                |    97.9 |    90.95 |     100 |    97.9 | 60,74,283-286                  
 service                  |     100 |      100 |     100 |     100 |                                
  signal.ts               |     100 |      100 |     100 |     100 |                                
 shared                   |   99.59 |    96.84 |     100 |   99.59 |                                
  action-log.ts           |     100 |    96.03 |     100 |     100 | 40,44,75-76,113                
  avatars.ts              |     100 |      100 |     100 |     100 |                                
  blast-geometry.ts       |     100 |      100 |     100 |     100 |                                
  bomb-launch.ts          |     100 |      100 |     100 |     100 |                                
  bot-controller.ts       |     100 |      100 |     100 |     100 |                                
  deterministic-math.ts   |     100 |      100 |     100 |     100 |                                
  direct-input.ts         |     100 |      100 |     100 |     100 |                                
  drunk.ts                |     100 |      100 |     100 |     100 |                                
  duration-text.ts        |     100 |      100 |     100 |     100 |                                
  game.ts                 |   99.44 |    95.83 |     100 |   99.44 | 342-343,730-731,1154-1156      
  gun.ts                  |     100 |    88.23 |     100 |     100 | 26,31                          
  launch-modifiers.ts     |     100 |      100 |     100 |     100 |                                
  leaderboard.ts          |   96.63 |    94.33 |     100 |   96.63 | 46-47,89-90                    
  match-recap.ts          |     100 |    95.71 |     100 |     100 | 23,83,86                       
  match-stats.ts          |     100 |    98.36 |     100 |     100 | 181                            
  pickup-weights.ts       |     100 |       90 |     100 |     100 | 16                             
  portal.ts               |     100 |      100 |     100 |     100 |                                
  protocol.ts             |     100 |      100 |     100 |     100 |                                
  rider-motion.ts         |     100 |      100 |     100 |     100 |                                
  room-code.ts            |     100 |      100 |     100 |     100 |                                
  room-settings.ts        |     100 |    92.85 |     100 |     100 | 27                             
  shell.ts                |     100 |    93.47 |     100 |     100 | 15,47-50                       
  trail-clipping.ts       |     100 |      100 |     100 |     100 |                                
--------------------------|---------|----------|---------|---------|--------------------------------
