TAP version 13
# Subtest: accepted host actions replay complete lifecycle, bots, timeout cancellation and resets
ok 1 - accepted host actions replay complete lifecycle, bots, timeout cancellation and resets
  ---
  duration_ms: 3938.551417
  ...
# Subtest: replica game checkpoint preserves connected and charging state without host recovery sanitization
ok 2 - replica game checkpoint preserves connected and charging state without host recovery sanitization
  ---
  duration_ms: 2.727792
  ...
# Subtest: steady held input records only changes; bomb edges never persist into later ticks
ok 3 - steady held input records only changes; bomb edges never persist into later ticks
  ---
  duration_ms: 1.922334
  ...
# Subtest: MessagePack tuples and malformed operations are bounded
ok 4 - MessagePack tuples and malformed operations are bounded
  ---
  duration_ms: 2.18425
  ...
# Subtest: real encoded sender/receiver: duplicate, dropped and reordered batches repair without divergent commit
ok 5 - real encoded sender/receiver: duplicate, dropped and reordered batches repair without divergent commit
  ---
  duration_ms: 4.87575
  ...
# Subtest: invalid transaction and repeated hash mismatch never replace healthy state; fresh baseline repairs
ok 6 - invalid transaction and repeated hash mismatch never replace healthy state; fresh baseline repairs
  ---
  duration_ms: 1.5555
  ...
# Subtest: checkpoint chunk loss, reordering, corruption and timeout are bounded
ok 7 - checkpoint chunk loss, reordering, corruption and timeout are bounded
  ---
  duration_ms: 3.158458
  ...
# Subtest: decoder rejects nested allocation bombs before decoding and accepts ordinary envelopes
ok 8 - decoder rejects nested allocation bombs before decoding and accepts ordinary envelopes
  ---
  duration_ms: 6.455459
  ...
# Subtest: checkpoint and action identity validation agree, including history bounds and legal slot reuse
ok 9 - checkpoint and action identity validation agree, including history bounds and legal slot reuse
  ---
  duration_ms: 67.592167
  ...
# Subtest: newer checkpoint generations cannot erase same-tick accepted lifecycle operations
ok 10 - newer checkpoint generations cannot erase same-tick accepted lifecycle operations
  ---
  duration_ms: 1.129708
  ...
# Subtest: hash comparison survives backpressure precisely on twentieth ticks
ok 11 - hash comparison survives backpressure precisely on twentieth ticks
  ---
  duration_ms: 7.826958
  ...
# Subtest: missing middle checkpoint chunk times out, throttled pump recovers with a fresh generation
ok 12 - missing middle checkpoint chunk times out, throttled pump recovers with a fresh generation
  ---
  duration_ms: 77.498792
  ...
# Subtest: signed-zero headings and arena-coordinate bomb targets survive checkpoint suffix replay
ok 13 - signed-zero headings and arena-coordinate bomb targets survive checkpoint suffix replay
  ---
  duration_ms: 2.214292
  ...
# Subtest: host refuses a new historical identity before replay/checkpoint capacity is exceeded
ok 14 - host refuses a new historical identity before replay/checkpoint capacity is exceeded
  ---
  duration_ms: 2.424541
  ...
# Subtest: signed-zero local aim is normalized before MessagePack checkpoint and action capture
ok 15 - signed-zero local aim is normalized before MessagePack checkpoint and action capture
  ---
  duration_ms: 2.843292
  ...
# Subtest: MessagePack action changes carry full applied ticks across sparse input and bomb transitions
ok 16 - MessagePack action changes carry full applied ticks across sparse input and bomb transitions
  ---
  duration_ms: 1.995875
  ...
# Subtest: absolute action ticks above uint16 replay independently of previous held timestamps
ok 17 - absolute action ticks above uint16 replay independently of previous held timestamps
  ---
  duration_ms: 0.402917
  ...
# Subtest: action tick mismatch and legacy replay checkpoints preserve healthy receiver state
ok 18 - action tick mismatch and legacy replay checkpoints preserve healthy receiver state
  ---
  duration_ms: 1.988625
  ...
# Subtest: assets resolve once under a Pages base and preserve external URLs
ok 19 - assets resolve once under a Pages base and preserve external URLs
  ---
  duration_ms: 0.455459
  ...
# Subtest: audio requires gesture unlock, routes independent mute and volume, and tolerates refusal
ok 20 - audio requires gesture unlock, routes independent mute and volume, and tolerates refusal
  ---
  duration_ms: 1.139708
  ...
# Subtest: original score loops with bounded scheduling and no background catch-up
ok 21 - original score loops with bounded scheduling and no background catch-up
  ---
  duration_ms: 1.407792
  ...
# Subtest: authoritative effects coalesce volleys, reject stale events and baseline reconnects silently
ok 22 - authoritative effects coalesce volleys, reject stale events and baseline reconnects silently
  ---
  duration_ms: 0.334208
  ...
# Subtest: pickup cues use authoritative collection events and reconnect baseline stays silent
ok 23 - pickup cues use authoritative collection events and reconnect baseline stays silent
  ---
  duration_ms: 0.103
  ...
# Subtest: engine emits collection once only after a real pickup is consumed
ok 24 - engine emits collection once only after a real pickup is consumed
  ---
  duration_ms: 11.070583
  ...
# Subtest: older round snapshots cannot reset scope or stop music
ok 25 - older round snapshots cannot reset scope or stop music
  ---
  duration_ms: 0.1825
  ...
# Subtest: eight original scores have long arrangements, distinct melodies and bounded valid voices
ok 26 - eight original scores have long arrangements, distinct melodies and bounded valid voices
  ---
  duration_ms: 24.138291
  ...
# Subtest: playlist completes an arrangement, rotates all eight tunes and retains mute and volume
ok 27 - playlist completes an arrangement, rotates all eight tunes and retains mute and volume
  ---
  duration_ms: 6.163958
  ...
# Subtest: new rounds advance playlist once; repeated snapshots and reconnects do not rewind it
ok 28 - new rounds advance playlist once; repeated snapshots and reconnects do not rewind it
  ---
  duration_ms: 0.151917
  ...
# Subtest: enabled audio plays in the lobby and intermissions and explicit enable confirms output
ok 29 - enabled audio plays in the lobby and intermissions and explicit enable confirms output
  ---
  duration_ms: 0.1045
  ...
# Subtest: two jazz tunes swing in tempo and use soft walking bass and seventh chords
ok 30 - two jazz tunes swing in tempo and use soft walking bass and seventh chords
  ---
  duration_ms: 0.151375
  ...
# Subtest: director schedules swung offbeats without catch-up bursts
ok 31 - director schedules swung offbeats without catch-up bursts
  ---
  duration_ms: 0.103
  ...
# Subtest: gun launch plays a layered cannon cue
ok 32 - gun launch plays a layered cannon cue
  ---
  duration_ms: 0.104625
  ...
# Subtest: a host stall over the clock threshold pauses advancing but keeps seat scopes; queued and old-scope inputs still apply
ok 33 - a host stall over the clock threshold pauses advancing but keeps seat scopes; queued and old-scope inputs still apply
  ---
  duration_ms: 15.562958
  ...
# Subtest: a single time sample above the lease guard pauses for one sample period without rotating seat scopes
ok 34 - a single time sample above the lease guard pauses for one sample period without rotating seat scopes
  ---
  duration_ms: 2.769542
  ...
# Subtest: continuous non-permission beyond the grace clears seats exactly once; a fresh certification re-arms it
ok 35 - continuous non-permission beyond the grace clears seats exactly once; a fresh certification re-arms it
  ---
  duration_ms: 18.252125
  ...
# Subtest: a lease that actually lapses under a healthy clock stops advancing at once and clears seats after the grace
ok 36 - a lease that actually lapses under a healthy clock stops advancing at once and clears seats after the grace
  ---
  duration_ms: 10.374583
  ...
# Subtest: AuthorityGrace fires once per outage, only after prior permission, and reset() scopes it to one authority
ok 37 - AuthorityGrace fires once per outage, only after prior permission, and reset() scopes it to one authority
  ---
  duration_ms: 0.279166
  ...
# Subtest: authority recovery clears a stale pause once without overwriting subsequent command errors
ok 38 - authority recovery clears a stale pause once without overwriting subsequent command errors
  ---
  duration_ms: 0.446792
  ...
# Subtest: a sustained pause announces itself once; further ticks preserve the notice on screen
ok 39 - a sustained pause announces itself once; further ticks preserve the notice on screen
  ---
  duration_ms: 0.081791
  ...
# Subtest: initial permission produces confirmed status and sustained permission stays silent
ok 40 - initial permission produces confirmed status and sustained permission stays silent
  ---
  duration_ms: 0.049041
  ...
# Subtest: ten distinct avatar ids address exactly ten atlas cells
ok 41 - ten distinct avatar ids address exactly ten atlas cells
  ---
  duration_ms: 1.208333
  ...
# Subtest: default and selected heads appear in authoritative snapshots without changing slot color
ok 42 - default and selected heads appear in authoritative snapshots without changing slot color
  ---
  duration_ms: 6.465416
  ...
# Subtest: live avatar messages only accept a known head and no player override
ok 43 - live avatar messages only accept a known head and no player override
  ---
  duration_ms: 0.128792
  ...
# Subtest: disk uses radial distance rather than bounding square or cross
ok 44 - disk uses radial distance rather than bounding square or cross
  ---
  duration_ms: 0.403375
  ...
# Subtest: swept disk detects crossing, tangent, radius padding and endpoint misses
ok 45 - swept disk detects crossing, tangent, radius padding and endpoint misses
  ---
  duration_ms: 0.067708
  ...
# Subtest: ordered bomb edges survive a between-tick tap, while held resends do not repeat presses
ok 46 - ordered bomb edges survive a between-tick tap, while held resends do not repeat presses
  ---
  duration_ms: 1.183584
  ...
# Subtest: interruption discards even a queued release and requires a neutral handshake
ok 47 - interruption discards even a queued release and requires a neutral handshake
  ---
  duration_ms: 0.118042
  ...
# Subtest: overflow cancels the bounded queue and a later fresh press can recover
ok 48 - overflow cancels the bounded queue and a later fresh press can recover
  ---
  duration_ms: 0.067292
  ...
# Subtest: target input preserves per-release aim despite later packets and caller mutation
ok 49 - target input preserves per-release aim despite later packets and caller mutation
  ---
  duration_ms: 0.114167
  ...
# Subtest: maps charge ticks linearly between accepted minimum and maximum
ok 50 - maps charge ticks linearly between accepted minimum and maximum
  ---
  duration_ms: 0.418542
  ...
# Subtest: projects along the release angle and clamps each coordinate to safe bounds
ok 51 - projects along the release angle and clamps each coordinate to safe bounds
  ---
  duration_ms: 0.601916
  ...
# Subtest: AI is deterministic, uses its injected random stream and never mutates the observed world
ok 52 - AI is deterministic, uses its injected random stream and never mutates the observed world
  ---
  duration_ms: 9.906375
  ...
# Subtest: AI is neutral when absent, dead, disconnected or waiting for next round
ok 53 - AI is neutral when absent, dead, disconnected or waiting for next round
  ---
  duration_ms: 0.515166
  ...
# Subtest: AI turns away from imminent walls, trails and rider paths
ok 54 - AI turns away from imminent walls, trails and rider paths
  ---
  duration_ms: 7.252709
  ...
# Subtest: AI considers expired and recent own trails, pickups, blasts, shells and drunk heading without changing physics
ok 55 - AI considers expired and recent own trails, pickups, blasts, shells and drunk heading without changing physics
  ---
  duration_ms: 1.143792
  ...
# Subtest: AI presses, holds and releases ordinary bombs through the same charge/cooldown rules
ok 56 - AI presses, holds and releases ordinary bombs through the same charge/cooldown rules
  ---
  duration_ms: 4.321542
  ...
# Subtest: AI target/gun/shell shots use normal input actions and target aim is bounded
ok 57 - AI target/gun/shell shots use normal input actions and target aim is bounded
  ---
  duration_ms: 2.964167
  ...
# Subtest: Host alone can manage AI, five shared slots are enforced, and a solo host can start
ok 58 - Host alone can manage AI, five shared slots are enforced, and a solo host can start
  ---
  duration_ms: 3.635459
  ...
# Subtest: AI arriving during a match waits and appears in the next round without a timed click
ok 59 - AI arriving during a match waits and appears in the next round without a timed click
  ---
  duration_ms: 79.498167
  ...
# Subtest: AI removal/reset frees its slot without converting humans or reusing old bot identity
ok 60 - AI removal/reset frees its slot without converting humans or reusing old bot identity
  ---
  duration_ms: 0.274333
  ...
# Subtest: Checkpoint v3 restores only validated bot ownership and rejects malformed registries atomically
ok 61 - Checkpoint v3 restores only validated bot ownership and rejects malformed registries atomically
  ---
  duration_ms: 5.564833
  ...
# Subtest: visual projection uses authoritative tick spacing during packet bursts
ok 62 - visual projection uses authoritative tick spacing during packet bursts
  ---
  duration_ms: 0.95675
  ...
# Subtest: visual projection freezes after 50 ms and never projects death or non-playing phases
ok 63 - visual projection freezes after 50 ms and never projects death or non-playing phases
  ---
  duration_ms: 0.118083
  ...
# Subtest: visual projection does not cross round, match, membership or timestamp boundaries
ok 64 - visual projection does not cross round, match, membership or timestamp boundaries
  ---
  duration_ms: 0.102
  ...
# Subtest: visual projection snaps a portal transit and resumes on the next ordinary movement pair
ok 65 - visual projection snaps a portal transit and resumes on the next ordinary movement pair
  ---
  duration_ms: 0.084166
  ...
# Subtest: multitouch retains a control until its final pointer releases
ok 66 - multitouch retains a control until its final pointer releases
  ---
  duration_ms: 0.586
  ...
# Subtest: fast bomb tap and cancellation always send the falling edge
ok 67 - fast bomb tap and cancellation always send the falling edge
  ---
  duration_ms: 0.1105
  ...
# Subtest: pointer cancellation never launches and lost capture after release is a no-op
ok 68 - pointer cancellation never launches and lost capture after release is a no-op
  ---
  duration_ms: 0.085042
  ...
# Subtest: reconnect can force a neutral sample to rearm bomb edges
ok 69 - reconnect can force a neutral sample to rearm bomb edges
  ---
  duration_ms: 0.061875
  ...
# Subtest: held-state resend advances sequence while idle resend stays silent
ok 70 - held-state resend advances sequence while idle resend stays silent
  ---
  duration_ms: 0.138416
  ...
# Subtest: snapshot acceptance handles opaque match ids without lexicographic ordering
ok 71 - snapshot acceptance handles opaque match ids without lexicographic ordering
  ---
  duration_ms: 0.143083
  ...
# Subtest: snapshot acceptance rejects an older round in the active match
ok 72 - snapshot acceptance rejects an older round in the active match
  ---
  duration_ms: 0.048208
  ...
# Subtest: target preview projects for at most one tick and stays inside the arena
ok 73 - target preview projects for at most one tick and stays inside the arena
  ---
  duration_ms: 0.103958
  ...
# Subtest: shell visuals advance between server ticks and reflect off walls without changing authority
ok 74 - shell visuals advance between server ticks and reflect off walls without changing authority
  ---
  duration_ms: 0.227375
  ...
# Subtest: public smoke exercises real gateway socket boundaries and emits no credentials
not ok 75 - public smoke exercises real gateway socket boundaries and emits no credentials
  ---
  duration_ms: 7.056
  location: '/private/tmp/fuse-riders-action-log/tests/cloud-public-smoke.test.ts:1:3279'
  failureType: 'uncaughtException'
  error: 'listen EPERM: operation not permitted 127.0.0.1'
  code: 'EPERM'
  stack: |-
    Server.setupListenHandle [as _listen2] (node:net:1915:21)
    listenInCluster (node:net:1994:12)
    node:net:2203:7
    process.processTicksAndRejections (node:internal/process/task_queues:90:21)
  ...
# Subtest: public smoke stops on broken CORS and reports only a safe check label
not ok 76 - public smoke stops on broken CORS and reports only a safe check label
  ---
  duration_ms: 1.601375
  location: '/private/tmp/fuse-riders-action-log/tests/cloud-public-smoke.test.ts:1:3728'
  failureType: 'uncaughtException'
  error: 'listen EPERM: operation not permitted 127.0.0.1'
  code: 'EPERM'
  stack: |-
    Server.setupListenHandle [as _listen2] (node:net:1915:21)
    listenInCluster (node:net:1994:12)
    node:net:2203:7
    process.processTicksAndRejections (node:internal/process/task_queues:90:21)
  ...
# Subtest: public smoke rejects plaintext and credential-bearing production origins before requests
ok 77 - public smoke rejects plaintext and credential-bearing production origins before requests
  ---
  duration_ms: 3155.415334
  ...
# Subtest: arrows share held state and Space emits exactly one press and release despite repeats
ok 78 - arrows share held state and Space emits exactly one press and release despite repeats
  ---
  duration_ms: 0.988958
  ...
# Subtest: pointer ownership survives keyboard release and cancellation
ok 79 - pointer ownership survives keyboard release and cancellation
  ---
  duration_ms: 0.105792
  ...
# Subtest: menu/focus/visibility cancellation never fires and repeat after reset cannot restart charge
ok 80 - menu/focus/visibility cancellation never fires and repeat after reset cannot restart charge
  ---
  duration_ms: 0.093417
  ...
# Subtest: blocked and unrelated keys retain normal browser handling
ok 81 - blocked and unrelated keys retain normal browser handling
  ---
  duration_ms: 0.060542
  ...
# Subtest: blocked new key clears previously held keys without releasing a bomb
ok 82 - blocked new key clears previously held keys without releasing a bomb
  ---
  duration_ms: 0.056083
  ...
# Subtest: browser modifier shortcuts remain untouched while keyup releases an earlier plain hold
ok 83 - browser modifier shortcuts remain untouched while keyup releases an earlier plain hold
  ---
  duration_ms: 0.116375
  ...
# Subtest: A and D aliases retain independent held ownership from arrow keys
ok 84 - A and D aliases retain independent held ownership from arrow keys
  ---
  duration_ms: 0.079125
  ...
# Subtest: keyboard ArrowLeft/ArrowRight and Space share serialized steering and charge/release semantics
ok 85 - keyboard ArrowLeft/ArrowRight and Space share serialized steering and charge/release semantics
  ---
  duration_ms: 1.235583
  ...
# Subtest: keyboard KeyA/KeyD and Space share serialized steering and charge/release semantics
ok 86 - keyboard KeyA/KeyD and Space share serialized steering and charge/release semantics
  ---
  duration_ms: 0.1205
  ...
# Subtest: arrow and letter aliases keep steering until both keys are released
ok 87 - arrow and letter aliases keep steering until both keys are released
  ---
  duration_ms: 0.268708
  ...
# Subtest: keyboard and pointer holds do not release each other
ok 88 - keyboard and pointer holds do not release each other
  ---
  duration_ms: 0.252917
  ...
# Subtest: focus/lifecycle cancellation never fires or reactivates a held key on repeat
ok 89 - focus/lifecycle cancellation never fires or reactivates a held key on repeat
  ---
  duration_ms: 0.173334
  ...
# Subtest: typing, disabled contexts and browser shortcuts are left alone, but keyup still releases
ok 90 - typing, disabled contexts and browser shortcuts are left alone, but keyup still releases
  ---
  duration_ms: 0.137458
  ...
# Subtest: recycled pointer ownership cancels old steering and makes both buttons reusable
ok 91 - recycled pointer ownership cancels old steering and makes both buttons reusable
  ---
  duration_ms: 0.132417
  ...
# Subtest: global release works if capture throws and leaves simultaneous touches intact
ok 92 - global release works if capture throws and leaves simultaneous touches intact
  ---
  duration_ms: 0.107458
  ...
# Subtest: lost capture and clear cancel charge without accidental release, then recover immediately
ok 93 - lost capture and clear cancel charge without accidental release, then recover immediately
  ---
  duration_ms: 0.127542
  ...
# Subtest: disabled buttons, unrelated capture loss, right clicks and duplicate terminal events do nothing
ok 94 - disabled buttons, unrelated capture loss, right clicks and duplicate terminal events do nothing
  ---
  duration_ms: 0.098042
  ...
# Subtest: input model independently repairs pointer reassignment and preserves duplicate down
ok 95 - input model independently repairs pointer reassignment and preserves duplicate down
  ---
  duration_ms: 0.075375
  ...
# Subtest: held drag enters, switches and exits buttons without tapping; hovering does not press
ok 96 - held drag enters, switches and exits buttons without tapping; hovering does not press
  ---
  duration_ms: 0.175083
  ...
# Subtest: Target aim keeps its thumb while sliding across other controls
ok 97 - Target aim keeps its thumb while sliding across other controls
  ---
  duration_ms: 0.531
  ...
# Subtest: cancelled or cleared contacts cannot slide-reactivate before lifting
ok 98 - cancelled or cleared contacts cannot slide-reactivate before lifting
  ---
  duration_ms: 0.190041
  ...
# Subtest: target trackpad uses relative motion, throttles packets and sends final release coordinates
ok 99 - target trackpad uses relative motion, throttles packets and sends final release coordinates
  ---
  duration_ms: 1.027167
  ...
# Subtest: aim clamps the board and other fingers cannot move it; cancellation clears it
ok 100 - aim clamps the board and other fingers cannot move it; cancellation clears it
  ---
  duration_ms: 0.133625
  ...
# Subtest: second Fire contact inherits aim without a jump, refresh does not reset active aim
ok 101 - second Fire contact inherits aim without a jump, refresh does not reset active aim
  ---
  duration_ms: 0.081833
  ...
# Subtest: ordinary controls send no aim and invalid positions do not corrupt it
ok 102 - ordinary controls send no aim and invalid positions do not corrupt it
  ---
  duration_ms: 0.079875
  ...
# Subtest: host intention waits for permission, latest wins, expires and cannot cross authority reset
ok 103 - host intention waits for permission, latest wins, expires and cannot cross authority reset
  ---
  duration_ms: 0.728791
  ...
# Subtest: wire actions use full uint32 ticks and strict bounded MessagePack tuples
ok 104 - wire actions use full uint32 ticks and strict bounded MessagePack tuples
  ---
  duration_ms: 4.109375
  ...
# Subtest: independent stream fills holes, permits older repairs after watermark, ignores reordered watermarks
ok 105 - independent stream fills holes, permits older repairs after watermark, ignores reordered watermarks
  ---
  duration_ms: 0.432041
  ...
# Subtest: conflicting IDs, incomparable promises, chronological inversion and reused gesture are atomic faults
ok 106 - conflicting IDs, incomparable promises, chronological inversion and reused gesture are atomic faults
  ---
  duration_ms: 0.35475
  ...
# Subtest: whole world advances with no action packets, then bounded rollback exactly reconstructs late actions
ok 107 - whole world advances with no action packets, then bounded rollback exactly reconstructs late actions
  ---
  duration_ms: 48.952083
  ...
# Subtest: all same-tick press/release packet permutations yield exactly one identical shot
ok 108 - all same-tick press/release packet permutations yield exactly one identical shot
  ---
  duration_ms: 41.468333
  ...
# Subtest: replacement press restarts charge; old release cannot fire the newer gesture
ok 109 - replacement press restarts charge; old release cannot fire the newer gesture
  ---
  duration_ms: 4.227875
  ...
# Subtest: missing press never invents charge; cancel and aiming preserve per-action target order
ok 110 - missing press never invents charge; cancel and aiming preserve per-action target order
  ---
  duration_ms: 16.150625
  ...
# Subtest: idle repair delivers a lost final release; receipt loss never duplicates shots
ok 111 - idle repair delivers a lost final release; receipt loss never duplicates shots
  ---
  duration_ms: 5.098667
  ...
# Subtest: origin immediately sends newest plus old gap records; backpressure repair is paced and bounded
ok 112 - origin immediately sends newest plus old gap records; backpressure repair is paced and bounded
  ---
  duration_ms: 23.604917
  ...
# Subtest: finality waits for cross-channel input gaps, then emits derived effects exactly once
ok 113 - finality waits for cross-channel input gaps, then emits derived effects exactly once
  ---
  duration_ms: 14.019584
  ...
# Subtest: finalized bootstrap uses applied prefixes, leaving already received future actions for suffix replay
ok 114 - finalized bootstrap uses applied prefixes, leaving already received future actions for suffix replay
  ---
  duration_ms: 11.165542
  ...
# Subtest: speculation pauses at its fixed bound and resumes after verified finality
ok 115 - speculation pauses at its fixed bound and resumes after verified finality
  ---
  duration_ms: 46.484125
  ...
# Subtest: malformed/future/wrong-owner/stale-segment messages do not alter healthy world
ok 116 - malformed/future/wrong-owner/stale-segment messages do not alter healthy world
  ---
  duration_ms: 5.944917
  ...
# Subtest: invalid bootstrap, changed rules, corrupt state and wrong scope never instantiate a replica
ok 117 - invalid bootstrap, changed rules, corrupt state and wrong scope never instantiate a replica
  ---
  duration_ms: 12.747375
  ...
# Subtest: encoded history budget rejects growth atomically rather than discarding rollback dependencies
ok 118 - encoded history budget rejects growth atomically rather than discarding rollback dependencies
  ---
  duration_ms: 4.56025
  ...
# Subtest: six independently advancing replicas converge through delayed/reordered delivery for five streams
ok 119 - six independently advancing replicas converge through delayed/reordered delivery for five streams
  ---
  duration_ms: 5858.247708
  ...
# Subtest: new completeness cuts preserve older promises and already certified progress
ok 120 - new completeness cuts preserve older promises and already certified progress
  ---
  duration_ms: 0.200333
  ...
# Subtest: watermark cuts, including empty periods, have a hard retention bound
ok 121 - watermark cuts, including empty periods, have a hard retention bound
  ---
  duration_ms: 0.634625
  ...
# Subtest: bootstrap rejects a rehashed impossible gesture state, not only corrupt hashes
ok 122 - bootstrap rejects a rehashed impossible gesture state, not only corrupt hashes
  ---
  duration_ms: 1.351458
  ...
# Subtest: older complete finality advances while newer certificates still await input repair
ok 123 - older complete finality advances while newer certificates still await input repair
  ---
  duration_ms: 23.2285
  ...
# Subtest: pending certificates normalize prefix order and reject conflicts without bypassing a bad older hash
ok 124 - pending certificates normalize prefix order and reject conflicts without bypassing a bad older hash
  ---
  duration_ms: 9.42875
  ...
# Subtest: pending finality has a forty-tick bound and encoded-byte admission is atomic
ok 125 - pending finality has a forty-tick bound and encoded-byte admission is atomic
  ---
  duration_ms: 9.900833
  ...
# Subtest: lost receipts retain the oldest gap without starving rotation through the unacknowledged tail
ok 126 - lost receipts retain the oldest gap without starving rotation through the unacknowledged tail
  ---
  duration_ms: 0.561041
  ...
# Subtest: delivery exact cuts exclude future groups and cannot contradict retained actions
ok 127 - delivery exact cuts exclude future groups and cannot contradict retained actions
  ---
  duration_ms: 0.1005
  ...
# Subtest: remote future staging derives from both clock uncertainties without extending the execution horizon
ok 128 - remote future staging derives from both clock uncertainties without extending the execution horizon
  ---
  duration_ms: 13.308959
  ...
# Subtest: recovery distinguishes invalid action admission from verified finality disagreement
ok 129 - recovery distinguishes invalid action admission from verified finality disagreement
  ---
  duration_ms: 3.45175
  ...
# Subtest: compact control admits only complete bounded clock and finality schemas
ok 130 - compact control admits only complete bounded clock and finality schemas
  ---
  duration_ms: 1.578458
  ...
# Subtest: each pair elects one initiator, with the follower initiating clock exchanges
ok 131 - each pair elects one initiator, with the follower initiating clock exchanges
  ---
  duration_ms: 0.438
  ...
# Subtest: quiet healthy pairs exchange one request/reply per second and confirm both directions
ok 132 - quiet healthy pairs exchange one request/reply per second and confirm both directions
  ---
  duration_ms: 4.121667
  ...
# Subtest: lost replies and rejected enqueues retry with fresh IDs then return to the quiet cadence
ok 133 - lost replies and rejected enqueues retry with fresh IDs then return to the quiet cadence
  ---
  duration_ms: 2.635
  ...
# Subtest: one-sided loss cannot keep the responder healthy with fresh requests alone
ok 134 - one-sided loss cannot keep the responder healthy with fresh requests alone
  ---
  duration_ms: 3.8075
  ...
# Subtest: replayed or reordered heartbeat IDs cannot reinstall data or refresh acknowledgement time
ok 135 - replayed or reordered heartbeat IDs cannot reinstall data or refresh acknowledgement time
  ---
  duration_ms: 4.270083
  ...
# Subtest: late or unsolicited replies cannot qualify a clock or link
ok 136 - late or unsolicited replies cannot qualify a clock or link
  ---
  duration_ms: 0.208458
  ...
# Subtest: shape, nested alias/nonce, role and byte checks precede application acceptance
ok 137 - shape, nested alias/nonce, role and byte checks precede application acceptance
  ---
  duration_ms: 0.496875
  ...
# Subtest: a rejected application candidate consumes no incoming identity or health evidence
ok 138 - a rejected application candidate consumes no incoming identity or health evidence
  ---
  duration_ms: 0.134208
  ...
# Subtest: fast qualification is bounded, stop clears attempts, and sequence exhaustion never wraps
ok 139 - fast qualification is bounded, stop clears attempts, and sequence exhaustion never wraps
  ---
  duration_ms: 1.1455
  ...
# Subtest: maximum integer cuts, receipts and certificate fit the complete fast packet budget
ok 140 - maximum integer cuts, receipts and certificate fit the complete fast packet budget
  ---
  duration_ms: 0.4165
  ...
# Subtest: non-clock pairs accept delayed liveness evidence only within its 2.5 second window
ok 141 - non-clock pairs accept delayed liveness evidence only within its 2.5 second window
  ---
  duration_ms: 0.220834
  ...
# Subtest: stopping a scope inside application callbacks prevents sends and acknowledgement installation
ok 142 - stopping a scope inside application callbacks prevents sends and acknowledgement installation
  ---
  duration_ms: 0.148042
  ...
# Subtest: synchronous request and reply delivery preserves pending correlation and quiet cadence
ok 143 - synchronous request and reply delivery preserves pending correlation and quiet cadence
  ---
  duration_ms: 0.179459
  ...
# Subtest: immutable roster permissions authorize disjoint action and receipt slot flows
ok 144 - immutable roster permissions authorize disjoint action and receipt slot flows
  ---
  duration_ms: 0.59475
  ...
# Subtest: flow burst and refill are exact, and repeated binding never refills them
ok 145 - flow burst and refill are exact, and repeated binding never refills them
  ---
  duration_ms: 0.41975
  ...
# Subtest: five legitimate100Hz stream flows preserve their separate liveness allowance
ok 146 - five legitimate100Hz stream flows preserve their separate liveness allowance
  ---
  duration_ms: 2.802625
  ...
# Subtest: liveness has a reserved burst even when all five flow bursts are used
ok 147 - liveness has a reserved burst even when all five flow bursts are used
  ---
  duration_ms: 0.3815
  ...
# Subtest: packet limits apply before parsing and the association budget survives alias changes
ok 148 - packet limits apply before parsing and the association budget survives alias changes
  ---
  duration_ms: 0.413333
  ...
# Subtest: held controls emit only edges, with independent wire and UI sequence numbering
ok 149 - held controls emit only edges, with independent wire and UI sequence numbering
  ---
  duration_ms: 1.226209
  ...
# Subtest: a local change group is atomic until the caller installs the candidate
ok 150 - a local change group is atomic until the caller installs the candidate
  ---
  duration_ms: 1.127416
  ...
# Subtest: all subscriber candidates admit a full group before bytes, and failed enqueue retains it for repair
ok 151 - all subscriber candidates admit a full group before bytes, and failed enqueue retains it for repair
  ---
  duration_ms: 0.525417
  ...
# Subtest: press replacement, missing press, release and neutral cancellation preserve gesture semantics
ok 152 - press replacement, missing press, release and neutral cancellation preserve gesture semantics
  ---
  duration_ms: 0.112542
  ...
# Subtest: origin exact cuts cannot cover future actions or permit a later action before the cut
ok 153 - origin exact cuts cannot cover future actions or permit a later action before the cut
  ---
  duration_ms: 0.2145
  ...
# Subtest: invalid local frames and exhausted ticks consume neither revisions nor actions
ok 154 - invalid local frames and exhausted ticks consume neither revisions nor actions
  ---
  duration_ms: 0.197959
  ...
# Subtest: future start requires coordinator confirmation, and both clocks advance without gameplay packets
ok 155 - future start requires coordinator confirmation, and both clocks advance without gameplay packets
  ---
  duration_ms: 0.557167
  ...
# Subtest: lowest RTT filtering tolerates valid asymmetric delay without a false four-tick fault
ok 156 - lowest RTT filtering tolerates valid asymmetric delay without a false four-tick fault
  ---
  duration_ms: 0.107792
  ...
# Subtest: running clock slews in either direction at one tick per second and never moves backward
ok 157 - running clock slews in either direction at one tick per second and never moves backward
  ---
  duration_ms: 0.163709
  ...
# Subtest: scope fences, expired and reordered replies cannot move time or refresh readiness
ok 158 - scope fences, expired and reordered replies cannot move time or refresh readiness
  ---
  duration_ms: 0.151208
  ...
# Subtest: discrepancy and monotonic-clock faults stay latched, including on the coordinator
ok 159 - discrepancy and monotonic-clock faults stay latched, including on the coordinator
  ---
  duration_ms: 0.12925
  ...
# Subtest: stale baseline recovery remains conservative, and a failed release cannot revive after a fresh sample
ok 160 - stale baseline recovery remains conservative, and a failed release cannot revive after a fresh sample
  ---
  duration_ms: 0.13675
  ...
# Subtest: origin bounds unpublished tick frontiers and publishing a cut restores capacity atomically
ok 161 - origin bounds unpublished tick frontiers and publishing a cut restores capacity atomically
  ---
  duration_ms: 0.509166
  ...
# Subtest: expiry cannot turn an uncertain idle clock into a qualified projection
ok 162 - expiry cannot turn an uncertain idle clock into a qualified projection
  ---
  duration_ms: 0.095834
  ...
# Subtest: uncertainty admission persists even when no read occurs before samples expire
ok 163 - uncertainty admission persists even when no read occurs before samples expire
  ---
  duration_ms: 0.074167
  ...
# Subtest: heartbeat nonces are unique, bounded and correlated with pending clock samples
ok 164 - heartbeat nonces are unique, bounded and correlated with pending clock samples
  ---
  duration_ms: 0.10725
  ...
# Subtest: quiet clock projection grows drift uncertainty and retains it after sample expiry
ok 165 - quiet clock projection grows drift uncertainty and retains it after sample expiry
  ---
  duration_ms: 0.087208
  ...
# Subtest: drift during an asymmetric clock exchange remains inside the reported interval
ok 166 - drift during an asymmetric clock exchange remains inside the reported interval
  ---
  duration_ms: 0.071792
  ...
# Subtest: initial room preparation accepts tick-stamped snapshots and rejects unknown snapshot fields
ok 167 - initial room preparation accepts tick-stamped snapshots and rejects unknown snapshot fields
  ---
  duration_ms: 9.260167
  ...
# Subtest: lifecycle changes reproduce validated management operations with neutral input state
ok 168 - lifecycle changes reproduce validated management operations with neutral input state
  ---
  duration_ms: 38.519708
  ...
# Subtest: lifecycle checkpoint validation fences the actual old state and leaves healthy state untouched
ok 169 - lifecycle checkpoint validation fences the actual old state and leaves healthy state untouched
  ---
  duration_ms: 13.677541
  ...
# Subtest: controller status contains no world geometry and cannot change stream ownership
ok 170 - controller status contains no world geometry and cannot change stream ownership
  ---
  duration_ms: 3.389542
  ...
# Subtest: room catalogs and delegation validate identities and mode-specific simulator ownership
ok 171 - room catalogs and delegation validate identities and mode-specific simulator ownership
  ---
  duration_ms: 1.419959
  ...
# Subtest: played lobby catalog reconstructs the exact nonzero-tick checkpoint and ordered historical scores
ok 172 - played lobby catalog reconstructs the exact nonzero-tick checkpoint and ordered historical scores
  ---
  duration_ms: 6.34625
  ...
# Subtest: full-view preparation rejects a valid checkpoint paired with a different phase, round or status
ok 173 - full-view preparation rejects a valid checkpoint paired with a different phase, round or status
  ---
  duration_ms: 11.415167
  ...
# Subtest: runtime activates direct simulators, starts a match and sends actions directly between guests
ok 174 - runtime activates direct simulators, starts a match and sends actions directly between guests
  ---
  duration_ms: 443.873083
  ...
# Subtest: a failed first recovery enqueue is retried and replaces the paused segment
ok 175 - a failed first recovery enqueue is retried and replaces the paused segment
  ---
  duration_ms: 164.575375
  ...
# Subtest: an unavailable recovery coordinator produces a bounded visible fresh-lobby state
ok 176 - an unavailable recovery coordinator produces a bounded visible fresh-lobby state
  ---
  duration_ms: 95.965292
  ...
# Subtest: a release without a usable tick freezes its gesture before a fresh clock can resume input
ok 177 - a release without a usable tick freezes its gesture before a fresh clock can resume input
  ---
  duration_ms: 455.82825
  ...
# Subtest: a refreshed delegated TV without a simulation base pauses instead of creating a new match
ok 178 - a refreshed delegated TV without a simulation base pauses instead of creating a new match
  ---
  duration_ms: 66.674417
  ...
# Subtest: creator refresh in a settled lobby preserves the checkpoint and can switch to shared TV mode
ok 179 - creator refresh in a settled lobby preserves the checkpoint and can switch to shared TV mode
  ---
  duration_ms: 292.561541
  ...
# Subtest: a refreshed guest can rejoin with a fresh command sequence on its replacement connection
ok 180 - a refreshed guest can rejoin with a fresh command sequence on its replacement connection
  ---
  duration_ms: 71.637083
  ...
# Subtest: four healthy connection rebuilds do not consume the corrupt-state recovery budget
ok 181 - four healthy connection rebuilds do not consume the corrupt-state recovery budget
  ---
  duration_ms: 261.992833
  ...
# Subtest: a running recovery episode cannot reset its deadline through clock readiness without finality
ok 182 - a running recovery episode cannot reset its deadline through clock readiness without finality
  ---
  duration_ms: 582.019083
  ...
# Subtest: a delegated coordinator stops retrying an unavailable creator after the plan-request deadline
ok 183 - a delegated coordinator stops retrying an unavailable creator after the plan-request deadline
  ---
  duration_ms: 60.715708
  ...
# Subtest: a delayed current-alias activation cannot resume a latched recovery timeout
ok 184 - a delayed current-alias activation cannot resume a latched recovery timeout
  ---
  duration_ms: 328.435792
  ...
# Subtest: a guest returns after a service-observed departure and lobby seat removal
ok 185 - a guest returns after a service-observed departure and lobby seat removal
  ---
  duration_ms: 71.552292
  ...
# Subtest: invalid future actions do not consume the checkpoint and hash recovery budget
ok 186 - invalid future actions do not consume the checkpoint and hash recovery budget
  ---
  duration_ms: 137.782791
  ...
# Subtest: conflicting metadata for an installed preparation charges one corrupt recovery attempt
ok 187 - conflicting metadata for an installed preparation charges one corrupt recovery attempt
  ---
  duration_ms: 62.074042
  ...
# Subtest: checkpoint backpressure pauses preparation and resumes the same transfer after drain
ok 188 - checkpoint backpressure pauses preparation and resumes the same transfer after drain
  ---
  duration_ms: 71.266167
  ...
# Subtest: persistent checkpoint backpressure cannot extend the recovery deadline indefinitely
ok 189 - persistent checkpoint backpressure cannot extend the recovery deadline indefinitely
  ---
  duration_ms: 302.311584
  ...
# Subtest: new creator plans cannot postpone an unfinished guest recovery episode indefinitely
ok 190 - new creator plans cannot postpone an unfinished guest recovery episode indefinitely
  ---
  duration_ms: 250.826667
  ...
# Subtest: an accepted plan without a preparation header times out visibly
ok 191 - an accepted plan without a preparation header times out visibly
  ---
  duration_ms: 247.689458
  ...
# Subtest: new plans without any headers cannot restart the guest availability deadline
ok 192 - new plans without any headers cannot restart the guest availability deadline
  ---
  duration_ms: 238.086083
  ...
# Subtest: settled room metadata stops repeating until a lifecycle change
ok 193 - settled room metadata stops repeating until a lifecycle change
  ---
  duration_ms: 81.715667
  ...
# Subtest: a rejected plan enqueue and missing acknowledgement retry without reinstalling the plan
ok 194 - a rejected plan enqueue and missing acknowledgement retry without reinstalling the plan
  ---
  duration_ms: 69.813417
  ...
# Subtest: stale and foreign acknowledgements cannot stop paced plan delivery, even with duplicate hellos
ok 195 - stale and foreign acknowledgements cannot stop paced plan delivery, even with duplicate hellos
  ---
  duration_ms: 53.901375
  ...
# Subtest: only an identical current plan duplicate receives another delivery acknowledgement
ok 196 - only an identical current plan duplicate receives another delivery acknowledgement
  ---
  duration_ms: 52.753417
  ...
# Subtest: delegated setup request retries do not resend an already acknowledged room plan
ok 197 - delegated setup request retries do not resend an already acknowledged room plan
  ---
  duration_ms: 37.5455
  ...
# Subtest: an intentionally idle shared lobby does not keep a previous simulation recovery deadline running
ok 198 - an intentionally idle shared lobby does not keep a previous simulation recovery deadline running
  ---
  duration_ms: 256.300625
  ...
# Subtest: six live segments independently advance and finalize continuous inputs under loss and reordering
ok 199 - six live segments independently advance and finalize continuous inputs under loss and reordering
  ---
  duration_ms: 1584.1485
  ...
# Subtest: shared TV is the only simulator while five controller origins send directly to it
ok 200 - shared TV is the only simulator while five controller origins send directly to it
  ---
  duration_ms: 33.618792
  ...
# Subtest: coordinator traffic is unnecessary for immediate peer actions, then clock/finality loss pauses safely
not ok 201 - coordinator traffic is unnecessary for immediate peer actions, then clock/finality loss pauses safely
  ---
  duration_ms: 298.391542
  location: '/private/tmp/fuse-riders-action-log/tests/direct-segment.test.ts:1:5095'
  failureType: 'testCodeFailure'
  error: |-
    The expression evaluated to a falsy value:
    
      room.peers.get('p2')
    
  code: 'ERR_ASSERTION'
  name: 'AssertionError'
  expected: true
  operator: '=='
  stack: |-
    TestContext.<anonymous> (/private/tmp/fuse-riders-action-log/tests/direct-segment.test.ts:99:10)
    Test.runInAsyncScope (node:async_hooks:211:14)
    Test.run (node:internal/test_runner/test:979:25)
    Test.processPendingSubtests (node:internal/test_runner/test:677:18)
    Test.postRun (node:internal/test_runner/test:1090:19)
    Test.run (node:internal/test_runner/test:1018:12)
    async Test.processPendingSubtests (node:internal/test_runner/test:677:7)
  ...
# Subtest: provisional eliminations cannot publish death or placements before verified finality
ok 202 - provisional eliminations cannot publish death or placements before verified finality
  ---
  duration_ms: 2.6915
  ...
# Subtest: controller finality is coordinator-scoped and conflicting progress cannot overwrite the accepted fence
ok 203 - controller finality is coordinator-scoped and conflicting progress cannot overwrite the accepted fence
  ---
  duration_ms: 7.57675
  ...
# Subtest: asymmetric clock samples and opposite follower errors retain valid future actions without executing early
ok 204 - asymmetric clock samples and opposite follower errors retain valid future actions without executing early
  ---
  duration_ms: 551.314167
  ...
# Subtest: initial progress grace is bounded and replayed base cuts cannot postpone it
ok 205 - initial progress grace is bounded and replayed base cuts cannot postpone it
  ---
  duration_ms: 135.502
  ...
# Subtest: after the first advancing cut, repeated old progress cannot extend the500ms silence deadline
ok 206 - after the first advancing cut, repeated old progress cannot extend the500ms silence deadline
  ---
  duration_ms: 57.539625
  ...
# Subtest: uncertain clocks stop input, cuts and world advancement, and a failed release never revives
ok 207 - uncertain clocks stop input, cuts and world advancement, and a failed release never revives
  ---
  duration_ms: 1.485167
  ...
# Subtest: integrated sway remains within 15 degrees and leaves zero heading drift for many seeded effects
ok 208 - integrated sway remains within 15 degrees and leaves zero heading drift for many seeded effects
  ---
  duration_ms: 21.005208
  ...
# Subtest: two-second cycle preserves phase during refresh and smooth onset/expiry
ok 209 - two-second cycle preserves phase during refresh and smooth onset/expiry
  ---
  duration_ms: 0.164292
  ...
# Subtest: engine adds bounded sway to ordinary steering and restores intended heading at expiry
ok 210 - engine adds bounded sway to ordinary steering and restores intended heading at expiry
  ---
  duration_ms: 12.761791
  ...
# Subtest: late refresh stays bounded and leaves no residual at the extended deadline
ok 211 - late refresh stays bounded and leaves no residual at the extended deadline
  ---
  duration_ms: 0.148834
  ...
# Subtest: durationText rounds whole seconds before splitting minutes so 59.95s never renders as "60s"
ok 212 - durationText rounds whole seconds before splitting minutes so 59.95s never renders as "60s"
  ---
  duration_ms: 0.389
  ...
# Subtest: spawns two through five players evenly on a circle with clockwise tangent headings
ok 213 - spawns two through five players evenly on a circle with clockwise tangent headings
  ---
  duration_ms: 3.977917
  ...
# Subtest: replaying the same accepted inputs produces the same snapshots and events
ok 214 - replaying the same accepted inputs produces the same snapshots and events
  ---
  duration_ms: 67.090209
  ...
# Subtest: trail segments remain active through T+159 and expire exactly at T+160
ok 215 - trail segments remain active through T+159 and expire exactly at T+160
  ---
  duration_ms: 0.549416
  ...
# Subtest: a due blast removes an intersecting segment before trail collision
ok 216 - a due blast removes an intersecting segment before trail collision
  ---
  duration_ms: 0.55975
  ...
# Subtest: swept movement collides with an old trail even when the endpoint has crossed it
ok 217 - swept movement collides with an old trail even when the endpoint has crossed it
  ---
  duration_ms: 0.439292
  ...
# Subtest: recent self trail is ignored but becomes lethal at the exact grace boundary
ok 218 - recent self trail is ignored but becomes lethal at the exact grace boundary
  ---
  duration_ms: 0.72675
  ...
# Subtest: head-on swept rider collision eliminates both and produces a draw
ok 219 - head-on swept rider collision eliminates both and produces a draw
  ---
  duration_ms: 0.464791
  ...
# Subtest: bomb input charges, launches on release, caps one live bomb, chains once, and observes cooldown
ok 220 - bomb input charges, launches on release, caps one live bomb, chains once, and observes cooldown
  ---
  duration_ms: 3.170958
  ...
# Subtest: quick bomb action bursts launch at minimum range and cancel paths never launch
ok 221 - quick bomb action bursts launch at minimum range and cancel paths never launch
  ---
  duration_ms: 0.658042
  ...
# Subtest: charged launches cap and clamp to the active safe interior
ok 222 - charged launches cap and clamp to the active safe interior
  ---
  duration_ms: 0.394334
  ...
# Subtest: a flying bomb cannot explode or chain-trigger before landing
ok 223 - a flying bomb cannot explode or chain-trigger before landing
  ---
  duration_ms: 0.4135
  ...
# Subtest: Triple Shot releases one deterministic straight three-bomb volley
ok 224 - Triple Shot releases one deterministic straight three-bomb volley
  ---
  duration_ms: 1.116625
  ...
# Subtest: invalid release and cancellation preserve launch modifiers
ok 225 - invalid release and cancellation preserve launch modifiers
  ---
  duration_ms: 0.450167
  ...
# Subtest: round wins score once, first to three ends the match, and rematch resets wins and scope
ok 226 - round wins score once, first to three ends the match, and rematch resets wins and scope
  ---
  duration_ms: 1.506625
  ...
# Subtest: overtime inset updates before collision and a 90-second unresolved round draws
ok 227 - overtime inset updates before collision and a 90-second unresolved round draws
  ---
  duration_ms: 1.886583
  ...
# Subtest: lifecycle commands enforce phase, capacity, identity, and connected-player guards
ok 228 - lifecycle commands enforce phase, capacity, identity, and connected-player guards
  ---
  duration_ms: 0.464
  ...
# Subtest: wall and explosion causes are authoritative, clipped, and blast visuals expire exactly
ok 229 - wall and explosion causes are authoritative, clipped, and blast visuals expire exactly
  ---
  duration_ms: 0.800792
  ...
# Subtest: a finished match can replace every seat and start a clean rematch without restarting the server
ok 230 - a finished match can replace every seat and start a clean rematch without restarting the server
  ---
  duration_ms: 0.397958
  ...
# Subtest: the larger arena and seeded pickup schedule replay deterministically
ok 231 - the larger arena and seeded pickup schedule replay deterministically
  ---
  duration_ms: 0.658209
  ...
# Subtest: blast pickups cap at level two and affect bombs placed on the collection tick
ok 232 - blast pickups cap at level two and affect bombs placed on the collection tick
  ---
  duration_ms: 0.448
  ...
# Subtest: a star collected on the swept path rescues and reflects a wall hit, then expires sharply
ok 233 - a star collected on the swept path rescues and reflects a wall hit, then expires sharply
  ---
  duration_ms: 1.279459
  ...
# Subtest: star head contact kills only a normal rider while two stars pass through
ok 234 - star head contact kills only a normal rider while two stars pass through
  ---
  duration_ms: 3.516708
  ...
# Subtest: pickup expiry, active cap, and impossible safe interior stay bounded
ok 235 - pickup expiry, active cap, and impossible safe interior stay bounded
  ---
  duration_ms: 1.308083
  ...
# Subtest: beer pickup debuffs every other living rider, refreshes, and keeps the collector unchanged
ok 236 - beer pickup debuffs every other living rider, refreshes, and keeps the collector unchanged
  ---
  duration_ms: 0.642083
  ...
# Subtest: drunk wobble expires at the strict tick boundary and resets between rounds
ok 237 - drunk wobble expires at the strict tick boundary and resets between rounds
  ---
  duration_ms: 0.435916
  ...
# Subtest: modifier pickups arm one use, refresh without stacking, and reset between rounds
ok 238 - modifier pickups arm one use, refresh without stacking, and reset between rounds
  ---
  duration_ms: 0.450959
  ...
# Subtest: orbit shields absorb a whole clustered hazard tick and grace protects until strict expiry
ok 239 - orbit shields absorb a whole clustered hazard tick and grace protects until strict expiry
  ---
  duration_ms: 0.552458
  ...
# Subtest: two shields both break on contact while Star preserves its stored shield
ok 240 - two shields both break on contact while Star preserves its stored shield
  ---
  duration_ms: 0.6735
  ...
# Subtest: shield break reflects an outward wall sweep and records the bounce
ok 241 - shield break reflects an outward wall sweep and records the bounce
  ---
  duration_ms: 0.77925
  ...
# Subtest: countdown leave is stamped, scored once, and a later join receives no prior-round award
ok 242 - countdown leave is stamped, scored once, and a later join receives no prior-round award
  ---
  duration_ms: 0.478208
  ...
# Subtest: overlapping blast owners receive no speculative elimination credit
ok 243 - overlapping blast owners receive no speculative elimination credit
  ---
  duration_ms: 0.520083
  ...
# Subtest: match-over recap is frozen and deeply detached from engine state
ok 244 - match-over recap is frozen and deeply detached from engine state
  ---
  duration_ms: 0.434416
  ...
# Subtest: Five Shot survives Triple collection and cancellation, then launches five with one cooldown
ok 245 - Five Shot survives Triple collection and cancellation, then launches five with one cooldown
  ---
  duration_ms: 1.871417
  ...
# Subtest: radial blast hits diagonal riders, clears diagonal trails and chains diagonal bombs
ok 246 - radial blast hits diagonal riders, clears diagonal trails and chains diagonal bombs
  ---
  duration_ms: 0.614083
  ...
# Subtest: bomb landing hits a rider before detonation, respecting star and shield
ok 247 - bomb landing hits a rider before detonation, respecting star and shield
  ---
  duration_ms: 2.009125
  ...
# Subtest: a bomb landing inside an active blast chains immediately
ok 248 - a bomb landing inside an active blast chains immediately
  ---
  duration_ms: 0.526833
  ...
# Subtest: blast preview is harmless before the fuse, both in flight and after landing
ok 249 - blast preview is harmless before the fuse, both in flight and after landing
  ---
  duration_ms: 1.379208
  ...
# Subtest: bomb skips riders along flight and only snipes at its landing position
ok 250 - bomb skips riders along flight and only snipes at its landing position
  ---
  duration_ms: 0.612791
  ...
# Subtest: landing step never uses blast radius for contact damage
ok 251 - landing step never uses blast radius for contact damage
  ---
  duration_ms: 3.735208
  ...
# Subtest: shell persists beyond five seconds and permits another shot after cooldown
ok 252 - shell persists beyond five seconds and permits another shot after cooldown
  ---
  duration_ms: 1.066916
  ...
# Subtest: shell body hits once, shield absorbs it, and no blast radius is produced
ok 253 - shell body hits once, shield absorbs it, and no blast radius is produced
  ---
  duration_ms: 0.938666
  ...
# Subtest: Gun pickup fires one bullet at twice rider speed and cuts a traversable trail gap
ok 254 - Gun pickup fires one bullet at twice rider speed and cuts a traversable trail gap
  ---
  duration_ms: 1.202583
  ...
# Subtest: gun head and wall impacts explode
ok 255 - gun head and wall impacts explode
  ---
  duration_ms: 1.067458
  ...
# Subtest: stopwatch caps at two levels, changes only future own bombs and resets next round
ok 256 - stopwatch caps at two levels, changes only future own bombs and resets next round
  ---
  duration_ms: 2.459208
  ...
# Subtest: first stopwatch level produces a one-and-a-half second fuse
ok 257 - first stopwatch level produces a one-and-a-half second fuse
  ---
  duration_ms: 0.493708
  ...
# Subtest: live shell bounces off a rider trail without damage or resetting its lifetime
ok 258 - live shell bounces off a rider trail without damage or resetting its lifetime
  ---
  duration_ms: 0.557042
  ...
# Subtest: gun explodes against the trail directly behind a rider and kills the rider
ok 259 - gun explodes against the trail directly behind a rider and kills the rider
  ---
  duration_ms: 0.492542
  ...
# Subtest: a blast clears trails whether it came from a landed bomb or a gun projectile hitting a rider
ok 260 - a blast clears trails whether it came from a landed bomb or a gun projectile hitting a rider
  ---
  duration_ms: 0.971666
  ...
# Subtest: a fixed-rounds match ends on the standings leader even when another rider wins the final round
ok 261 - a fixed-rounds match ends on the standings leader even when another rider wins the final round
  ---
  duration_ms: 1.689917
  ...
# Subtest: a drawn final round still awards the fixed-rounds match to the standings leader
ok 262 - a drawn final round still awards the fixed-rounds match to the standings leader
  ---
  duration_ms: 0.721292
  ...
# Subtest: a fixed-rounds leader who also wins the final round is credited exactly once
ok 263 - a fixed-rounds leader who also wins the final round is credited exactly once
  ---
  duration_ms: 0.659041
  ...
# Subtest: a fixed-rounds match tied at the final round ends without a match winner
ok 264 - a fixed-rounds match tied at the final round ends without a match winner
  ---
  duration_ms: 0.656792
  ...
# Subtest: gun speed is twice rider speed with a bounded nearby steering correction
ok 265 - gun speed is twice rider speed with a bounded nearby steering correction
  ---
  duration_ms: 1.144542
  ...
# Subtest: gun holes split trails precisely, keeping expiry metadata and distant trails
ok 266 - gun holes split trails precisely, keeping expiry metadata and distant trails
  ---
  duration_ms: 0.151208
  ...
# Subtest: defaults carry two STUN providers and no TURN
ok 267 - defaults carry two STUN providers and no TURN
  ---
  duration_ms: 0.739917
  ...
# Subtest: service ICE lists are validated at the client boundary and fall back to defaults
ok 268 - service ICE lists are validated at the client boundary and fall back to defaults
  ---
  duration_ms: 0.24675
  ...
# Subtest: peer connections wait for the ICE fetch instead of negotiating with the initial list (issue \#27)
ok 269 - peer connections wait for the ICE fetch instead of negotiating with the initial list (issue \#27)
  ---
  duration_ms: 0.267041
  ...
# Subtest: a failed ICE fetch yields the STUN defaults, never an empty list
ok 270 - a failed ICE fetch yields the STUN defaults, never an empty list
  ---
  duration_ms: 0.185792
  ...
# Subtest: a hung ICE fetch falls back to the STUN defaults when the abort bound fires, even if the fetch ignores the signal
ok 271 - a hung ICE fetch falls back to the STUN defaults when the abort bound fires, even if the fetch ignores the signal
  ---
  duration_ms: 0.159542
  ...
# Subtest: candidate types are read from the candidate line without keeping addresses
ok 272 - candidate types are read from the candidate line without keeping addresses
  ---
  duration_ms: 0.458041
  ...
# Subtest: ufrag and fingerprint readers tolerate missing lines
ok 273 - ufrag and fingerprint readers tolerate missing lines
  ---
  duration_ms: 0.48525
  ...
# Subtest: restart offers keep the DTLS certificate; a recreated connection does not
ok 274 - restart offers keep the DTLS certificate; a recreated connection does not
  ---
  duration_ms: 0.064625
  ...
# Subtest: candidates are scoped to the ICE generation named by their ufrag
ok 275 - candidates are scoped to the ICE generation named by their ufrag
  ---
  duration_ms: 0.109708
  ...
# Subtest: Ink affects only other living riders, refreshes three seconds and snapshots without changing steering
ok 276 - Ink affects only other living riders, refreshes three seconds and snapshots without changing steering
  ---
  duration_ms: 22.827792
  ...
# Subtest: Ink clears at the next round
ok 277 - Ink clears at the next round
  ---
  duration_ms: 1.082208
  ...
# Subtest: join survives authority setup and failed delivery until roster confirmation
ok 278 - join survives authority setup and failed delivery until roster confirmation
  ---
  duration_ms: 0.73125
  ...
# Subtest: lost baseline retries identical full envelope on bounded clock, not dependent deltas
ok 279 - lost baseline retries identical full envelope on bounded clock, not dependent deltas
  ---
  duration_ms: 1.206708
  ...
# Subtest: lost ACK can acknowledge exact previously accepted duplicate without applying it twice
ok 280 - lost ACK can acknowledge exact previously accepted duplicate without applying it twice
  ---
  duration_ms: 0.46425
  ...
# Subtest: old generation stream sequence match and round ACKs cannot retire current baseline
ok 281 - old generation stream sequence match and round ACKs cannot retire current baseline
  ---
  duration_ms: 0.130833
  ...
# Subtest: five-second expiry bounds retained baseline and repeated poll/resync cannot flood retries
ok 282 - five-second expiry bounds retained baseline and repeated poll/resync cannot flood retries
  ---
  duration_ms: 2.884958
  ...
# Subtest: baseline is accepted before any dependent delta; ACK loss does not corrupt next decode
ok 283 - baseline is accepted before any dependent delta; ACK loss does not corrupt next decode
  ---
  duration_ms: 0.270583
  ...
# Subtest: creates a deterministic straight triple fan with seven points per bomb
ok 284 - creates a deterministic straight triple fan with seven points per bomb
  ---
  duration_ms: 1.118958
  ...
# Subtest: all fan paths clamp to safe bounds
ok 285 - all fan paths clamp to safe bounds
  ---
  duration_ms: 0.129459
  ...
# Subtest: rejects invalid geometry
ok 286 - rejects invalid geometry
  ---
  duration_ms: 0.1565
  ...
# Subtest: awards five-player placement points
ok 287 - awards five-player placement points
  ---
  duration_ms: 0.858583
  ...
# Subtest: two participants use winner five and runner-up three
ok 288 - two participants use winner five and runner-up three
  ---
  duration_ms: 0.085708
  ...
# Subtest: averages simultaneous elimination places exactly
ok 289 - averages simultaneous elimination places exactly
  ---
  duration_ms: 0.115959
  ...
# Subtest: does not mutate participants and rejects invalid groups
ok 290 - does not mutate participants and rejects invalid groups
  ---
  duration_ms: 0.178
  ...
# Subtest: survivors share the top occupied ranks at timeout and points remain conserved
ok 291 - survivors share the top occupied ranks at timeout and points remain conserved
  ---
  duration_ms: 0.089417
  ...
# Subtest: score application validates the complete result before mutating totals
ok 292 - score application validates the complete result before mutating totals
  ---
  duration_ms: 0.149542
  ...
# Subtest: accumulates repeated matches and preserves departures
ok 293 - accumulates repeated matches and preserves departures
  ---
  duration_ms: 0.080416
  ...
# Subtest: returns copies in score order with deterministic tie break
ok 294 - returns copies in score order with deterministic tie break
  ---
  duration_ms: 6.289541
  ...
# Subtest: legendSrc routes pickup legend icons through assetUrl so they work under a Pages base path
ok 295 - legendSrc routes pickup legend icons through assetUrl so they work under a Pages base path
  ---
  duration_ms: 0.452041
  ...
# Subtest: queued retired-channel pongs cannot certify a new RTC link whose probe IDs restarted
ok 296 - queued retired-channel pongs cannot certify a new RTC link whose probe IDs restarted
  ---
  duration_ms: 0.485958
  ...
# Subtest: a replaced channel on the same live link cannot update state or expose stale errors
ok 297 - a replaced channel on the same live link cannot update state or expose stale errors
  ---
  duration_ms: 0.066292
  ...
# Subtest: retired peer callbacks cannot replace the current data channel even with identical service identity
ok 298 - retired peer callbacks cannot replace the current data channel even with identical service identity
  ---
  duration_ms: 0.061375
  ...
# Subtest: the reason names the first missing step in the direct-link pipeline
ok 299 - the reason names the first missing step in the direct-link pipeline
  ---
  duration_ms: 0.669625
  ...
# Subtest: the panel text is redacted and complete
ok 300 - the panel text is redacted and complete
  ---
  duration_ms: 0.285708
  ...
# Subtest: restarts are due every interval and stop after the bounded budget
ok 301 - restarts are due every interval and stop after the bounded budget
  ---
  duration_ms: 0.437125
  ...
# Subtest: fresh health restores the budget and retires the attempt in flight
ok 302 - fresh health restores the budget and retires the attempt in flight
  ---
  duration_ms: 0.07525
  ...
# Subtest: idle health checks every 200 ms do not retire anything
ok 303 - idle health checks every 200 ms do not retire anything
  ---
  duration_ms: 0.052958
  ...
# Subtest: only the newest attempt can complete
ok 304 - only the newest attempt can complete
  ---
  duration_ms: 0.046958
  ...
# Subtest: healthy open channel under the buffer limit is permitted for gameplay and probes
ok 305 - healthy open channel under the buffer limit is permitted for gameplay and probes
  ---
  duration_ms: 0.734875
  ...
# Subtest: a closing signal recorded before the DOM readyState changes blocks gameplay and probe sends
ok 306 - a closing signal recorded before the DOM readyState changes blocks gameplay and probe sends
  ---
  duration_ms: 0.093208
  ...
# Subtest: bulk transfer idle permission requires an open, fully drained, undrained action channel
ok 307 - bulk transfer idle permission requires an open, fully drained, undrained action channel
  ---
  duration_ms: 0.075833
  ...
# Subtest: solo starts one human and four AI without browser services, ready only on start
ok 308 - solo starts one human and four AI without browser services, ready only on start
  ---
  duration_ms: 8.85675
  ...
# Subtest: fixed ticks publish the ordinary game and matching zero-RTT motion clock
ok 309 - fixed ticks publish the ordinary game and matching zero-RTT motion clock
  ---
  duration_ms: 46.769541
  ...
# Subtest: visibility suspension clears held controls and old scope, with no hidden catch-up
ok 310 - visibility suspension clears held controls and old scope, with no hidden catch-up
  ---
  duration_ms: 6.447375
  ...
# Subtest: lobby settings and rematch use ordinary commands, stop disposes callbacks
ok 311 - lobby settings and rematch use ordinary commands, stop disposes callbacks
  ---
  duration_ms: 0.574625
  ...
# Subtest: fire edges stamped from a stalled wall-clock estimate are admitted for the next authority tick (\#43)
ok 312 - fire edges stamped from a stalled wall-clock estimate are admitted for the next authority tick (\#43)
  ---
  duration_ms: 25.76225
  ...
# Subtest: a hold resend that estimated an earlier tick cannot skip the solo press (\#43)
ok 313 - a hold resend that estimated an earlier tick cannot skip the solo press (\#43)
  ---
  duration_ms: 11.521875
  ...
# Subtest: distances render as whole arena units and durations reuse the shared formatter
ok 314 - distances render as whole arena units and durations reuse the shared formatter
  ---
  duration_ms: 0.446708
  ...
# Subtest: empty statistics produce an empty recap with no placeholder awards or totals
ok 315 - empty statistics produce an empty recap with no placeholder awards or totals
  ---
  duration_ms: 0.541458
  ...
# Subtest: a single rider stands alone as champion, wins every non-zero award and fills the table
ok 316 - a single rider stands alone as champion, wins every non-zero award and fills the table
  ---
  duration_ms: 0.400583
  ...
# Subtest: podium centres champions, keeps side places in seat order and excludes placements beyond third
ok 317 - podium centres champions, keeps side places in seat order and excludes placements beyond third
  ---
  duration_ms: 0.109708
  ...
# Subtest: a tied first place shows every champion in the centre and no second place
ok 318 - a tied first place shows every champion in the centre and no second place
  ---
  duration_ms: 0.106625
  ...
# Subtest: a match where nobody won any round places everyone on the podium as champions
ok 319 - a match where nobody won any round places everyone on the podium as champions
  ---
  duration_ms: 0.089125
  ...
# Subtest: awards share ties by joining names in placement order and skip counters nobody raised
ok 320 - awards share ties by joining names in placement order and skip counters nobody raised
  ---
  duration_ms: 0.112209
  ...
# Subtest: all-zero statistics yield no awards while the podium and table still render
ok 321 - all-zero statistics yield no awards while the podium and table still render
  ---
  duration_ms: 0.078292
  ...
# Subtest: singular award details read naturally
ok 322 - singular award details read naturally
  ---
  duration_ms: 0.079541
  ...
# Subtest: comparison rows order by placement then seat and format every recorded counter
ok 323 - comparison rows order by placement then seat and format every recorded counter
  ---
  duration_ms: 0.098708
  ...
# Subtest: match totals sum the recorded counters across riders
ok 324 - match totals sum the recorded counters across riders
  ---
  duration_ms: 0.080875
  ...
# Subtest: the signature changes with any rendered figure and is order independent
ok 325 - the signature changes with any rendered figure and is order independent
  ---
  duration_ms: 0.095167
  ...
# Subtest: recap ignores riders with an unset placement rather than inventing a podium slot
ok 326 - recap ignores riders with an unset placement rather than inventing a podium slot
  ---
  duration_ms: 0.061542
  ...
# Subtest: records authoritative actions and returns detached snapshots
ok 327 - records authoritative actions and returns detached snapshots
  ---
  duration_ms: 1.020709
  ...
# Subtest: tracks round draws, longest survival and competition-ranked win ties
ok 328 - tracks round draws, longest survival and competition-ranked win ties
  ---
  duration_ms: 0.136625
  ...
# Subtest: validates references, distances and round membership
ok 329 - validates references, distances and round membership
  ---
  duration_ms: 0.328333
  ...
# Subtest: never credits self deaths and updates an existing participant identity
ok 330 - never credits self deaths and updates an existing participant identity
  ---
  duration_ms: 0.068875
  ...
# Subtest: a joined phone is the same landscape controller in every phase (\#13)
ok 331 - a joined phone is the same landscape controller in every phase (\#13)
  ---
  duration_ms: 0.754084
  ...
# Subtest: unjoined, display-only, desktop and mouse views keep the normal layout
ok 332 - unjoined, display-only, desktop and mouse views keep the normal layout
  ---
  duration_ms: 0.111375
  ...
# Subtest: an ended room is not joined play on any phone size or phase
ok 333 - an ended room is not joined play on any phone size or phase
  ---
  duration_ms: 0.222208
  ...
# Subtest: one validated nearby probe qualifies immediately; high RTT restores conservative delay
ok 334 - one validated nearby probe qualifies immediately; high RTT restores conservative delay
  ---
  duration_ms: 0.665208
  ...
# Subtest: stale, paused and explicit reset lose qualification; rejected samples do not extend freshness
ok 335 - stale, paused and explicit reset lose qualification; rejected samples do not extend freshness
  ---
  duration_ms: 0.19675
  ...
# Subtest: regional60ms never qualifies and a fresh scope is independently classified
ok 336 - regional60ms never qualifies and a fresh scope is independently classified
  ---
  duration_ms: 0.07875
  ...
# Subtest: half-tick presentation never rewinds or extrapolates; missing clock remains newest only
ok 337 - half-tick presentation never rewinds or extrapolates; missing clock remains newest only
  ---
  duration_ms: 0.43825
  ...
# Subtest: clock discontinuity clears the old clock even when observed before rendering
ok 338 - clock discontinuity clears the old clock even when observed before rendering
  ---
  duration_ms: 0.0715
  ...
# Subtest: rejected excessive RTT cancels fast classification and exact40ms boundary qualifies
ok 339 - rejected excessive RTT cancels fast classification and exact40ms boundary qualifies
  ---
  duration_ms: 0.052083
  ...
# Subtest: clock diagnostics are read-only and cannot refresh a sample or mutate its scope
ok 340 - clock diagnostics are read-only and cannot refresh a sample or mutate its scope
  ---
  duration_ms: 0.061084
  ...
# Subtest: empty and invalid clock observations cannot enable fast presentation
ok 341 - empty and invalid clock observations cannot enable fast presentation
  ---
  duration_ms: 0.048625
  ...
# Subtest: replacement reservation fences partitions and rejects delayed old renewals
ok 342 - replacement reservation fences partitions and rejects delayed old renewals
  ---
  duration_ms: 0.78925
  ...
# Subtest: clock uncertainty prevents overlapping old and new authorization
ok 343 - clock uncertainty prevents overlapping old and new authorization
  ---
  duration_ms: 0.209625
  ...
# Subtest: clock stops after suspension or stale samples, resuming only after fresh sample
ok 344 - clock stops after suspension or stale samples, resuming only after fresh sample
  ---
  duration_ms: 0.090791
  ...
# Subtest: clock rejects bad samples and conservative intervals crossing lease boundaries
ok 345 - clock rejects bad samples and conservative intervals crossing lease boundaries
  ---
  duration_ms: 0.090959
  ...
# Subtest: grant boundary validation rejects malformed values and exhausted epochs
ok 346 - grant boundary validation rejects malformed values and exhausted epochs
  ---
  duration_ms: 0.339209
  ...
# Subtest: checkpoint restore is atomic on the malformed sequences regression
ok 347 - checkpoint restore is atomic on the malformed sequences regression
  ---
  duration_ms: 15.134333
  ...
# Subtest: checkpoint restores exact physics, pending preferences and neutral disconnected identities
ok 348 - checkpoint restores exact physics, pending preferences and neutral disconnected identities
  ---
  duration_ms: 1.791166
  ...
# Subtest: checkpoint rejects missing required game maps and nested fields
ok 349 - checkpoint rejects missing required game maps and nested fields
  ---
  duration_ms: 36.227291
  ...
# Subtest: checkpoint rejects schema incompatibility, foreign host and unsafe shape extensions
ok 350 - checkpoint rejects schema incompatibility, foreign host and unsafe shape extensions
  ---
  duration_ms: 11.744333
  ...
# Subtest: checkpoint rejects invalid sequences, duplicate map keys and cross references
ok 351 - checkpoint rejects invalid sequences, duplicate map keys and cross references
  ---
  duration_ms: 12.82925
  ...
# Subtest: checkpoint rejects nonfinite values, excessive bytes/depth and oversized nested trails
ok 352 - checkpoint rejects nonfinite values, excessive bytes/depth and oversized nested trails
  ---
  duration_ms: 8.713917
  ...
# Subtest: real countdown, playing and round transitions produce restorable bounded checkpoints
ok 353 - real countdown, playing and round transitions produce restorable bounded checkpoints
  ---
  duration_ms: 181.168917
  ...
# Subtest: checkpoint validates bombs, shell lifetime sentinel, pickups and portal geometry
ok 354 - checkpoint validates bombs, shell lifetime sentinel, pickups and portal geometry
  ---
  duration_ms: 2.859166
  ...
# Subtest: checkpoint rejects oversized history, malformed maps and missing participant statistics
ok 355 - checkpoint rejects oversized history, malformed maps and missing participant statistics
  ---
  duration_ms: 10.585292
  ...
# Subtest: room settings reject malformed values, restore safe defaults and allow all drops off
ok 356 - room settings reject malformed values, restore safe defaults and allow all drops off
  ---
  duration_ms: 0.968833
  ...
# Subtest: rooms isolate players and only the host can start or change rules
ok 357 - rooms isolate players and only the host can start or change rules
  ---
  duration_ms: 9.35125
  ...
# Subtest: fixed one-round rooms finish after one round
ok 358 - fixed one-round rooms finish after one round
  ---
  duration_ms: 2.616125
  ...
# Subtest: world deltas reconstruct split, removed and appended trails and recover via keyframe
ok 359 - world deltas reconstruct split, removed and appended trails and recover via keyframe
  ---
  duration_ms: 1.20575
  ...
# Subtest: fresh encoder after reconnection replaces old stream without accepting retired frames
ok 360 - fresh encoder after reconnection replaces old stream without accepting retired frames
  ---
  duration_ms: 0.17625
  ...
# Subtest: host checkpoint restores world and sequence numbers without replaying held fire
ok 361 - host checkpoint restores world and sequence numbers without replaying held fire
  ---
  duration_ms: 1.829792
  ...
# Subtest: field patches update joins and clear optional charge state without repeating identity
ok 362 - field patches update joins and clear optional charge state without repeating identity
  ---
  duration_ms: 1.474541
  ...
# Subtest: delayed unseen old keyframe cannot roll a newer generation backward
ok 363 - delayed unseen old keyframe cannot roll a newer generation backward
  ---
  duration_ms: 0.1205
  ...
# Subtest: invalid higher generation and corrupt trail patches cannot mutate accepted baseline
ok 364 - invalid higher generation and corrupt trail patches cannot mutate accepted baseline
  ---
  duration_ms: 0.374959
  ...
# Subtest: online return to lobby preserves transport simulation time
ok 365 - online return to lobby preserves transport simulation time
  ---
  duration_ms: 0.147583
  ...
# Subtest: guests that vanish in the lobby free their seats and the removal replicates to guests
ok 366 - guests that vanish in the lobby free their seats and the removal replicates to guests
  ---
  duration_ms: 0.46875
  ...
# Subtest: a guest lost mid-round keeps its seat until the match ends, then a newcomer reclaims it
ok 367 - a guest lost mid-round keeps its seat until the match ends, then a newcomer reclaims it
  ---
  duration_ms: 1.3935
  ...
# Subtest: a rematch drops the riders that were lost during the finished match
ok 368 - a rematch drops the riders that were lost during the finished match
  ---
  duration_ms: 0.93975
  ...
# Subtest: a whole round of chained deltas stays exact without any periodic re-baseline
ok 369 - a whole round of chained deltas stays exact without any periodic re-baseline
  ---
  duration_ms: 159.303709
  ...
# Subtest: Pages invites preserve project path while API requests use configured backend
ok 370 - Pages invites preserve project path while API requests use configured backend
  ---
  duration_ms: 0.476292
  ...
# Subtest: local origin default and endpoint boundaries are explicit
ok 371 - local origin default and endpoint boundaries are explicit
  ---
  duration_ms: 0.277708
  ...
# Subtest: failed press plus fresh held resends cannot invent charge or fire on release
ok 372 - failed press plus fresh held resends cannot invent charge or fire on release
  ---
  duration_ms: 10.383
  ...
# Subtest: lost final release without other held controls cancels within ten ticks and is never retried
ok 373 - lost final release without other held controls cancels within ten ticks and is never retried
  ---
  duration_ms: 1.419458
  ...
# Subtest: steering heartbeat after lost release carries bomb false and safely cancels instead of firing
ok 374 - steering heartbeat after lost release carries bomb false and safely cancels instead of firing
  ---
  duration_ms: 1.580583
  ...
# Subtest: ordered-but-delayed release expires rather than replaying after network recovery
ok 375 - ordered-but-delayed release expires rather than replaying after network recovery
  ---
  duration_ms: 1.126417
  ...
# Subtest: first fresh press after countdown and explicit lobby reset fires without a neutral packet
ok 376 - first fresh press after countdown and explicit lobby reset fires without a neutral packet
  ---
  duration_ms: 11.743833
  ...
# Subtest: idle watchdog without a held gesture does not block the first fresh shot
ok 377 - idle watchdog without a held gesture does not block the first fresh shot
  ---
  duration_ms: 2.959917
  ...
# Subtest: new scope rejects old held/release packets but accepts a fresh press
ok 378 - new scope rejects old held/release packets but accepts a fresh press
  ---
  duration_ms: 0.835666
  ...
# Subtest: watchdog still suppresses interrupted held gestures until an actual release
ok 379 - watchdog still suppresses interrupted held gestures until an actual release
  ---
  duration_ms: 2.816833
  ...
# Subtest: receipt is not application: future steering waits and reports exact application tick
ok 380 - receipt is not application: future steering waits and reports exact application tick
  ---
  duration_ms: 10.2565
  ...
# Subtest: same-tick newest movement wins while all outcomes are acknowledged
ok 381 - same-tick newest movement wins while all outcomes are acknowledged
  ---
  duration_ms: 0.805375
  ...
# Subtest: older future slot cannot undo newer applied movement and exact result acknowledgements preserve pending input
ok 382 - older future slot cannot undo newer applied movement and exact result acknowledgements preserve pending input
  ---
  duration_ms: 0.798333
  ...
# Subtest: held acknowledged steering continues then expires at ten ticks without fresh application
ok 383 - held acknowledged steering continues then expires at ten ticks without fresh application
  ---
  duration_ms: 1.939875
  ...
# Subtest: same-tick press/release survives steering supersession, duplicates cannot launch twice
ok 384 - same-tick press/release survives steering supersession, duplicates cannot launch twice
  ---
  duration_ms: 2.725625
  ...
# Subtest: a press stamped later than the following hold sample is still processed first in sequence order (\#43)
ok 385 - a press stamped later than the following hold sample is still processed first in sequence order (\#43)
  ---
  duration_ms: 0.997417
  ...
# Subtest: old-scope release cannot cancel current charge; expired current release cancels without firing
ok 386 - old-scope release cannot cancel current charge; expired current release cancels without firing
  ---
  duration_ms: 0.750208
  ...
# Subtest: disconnect, match changes and restore create fresh neutral scope while preserving received highwater
ok 387 - disconnect, match changes and restore create fresh neutral scope while preserving received highwater
  ---
  duration_ms: 1.621125
  ...
# Subtest: queue and result history are bounded and overflow forces explicit neutral resync
ok 388 - queue and result history are bounded and overflow forces explicit neutral resync
  ---
  duration_ms: 2.858041
  ...
# Subtest: malformed timing and aim cannot apply motion or keep an invalid release charging
ok 389 - malformed timing and aim cannot apply motion or keep an invalid release charging
  ---
  duration_ms: 0.646792
  ...
# Subtest: queued release is discarded on disconnect and cannot fire into a rejoined control scope
ok 390 - queued release is discarded on disconnect and cannot fire into a rejoined control scope
  ---
  duration_ms: 0.6665
  ...
# Subtest: direct-only path resumes on two fresh acknowledgements without relay quarantine
ok 391 - direct-only path resumes on two fresh acknowledgements without relay quarantine
  ---
  duration_ms: 0.4905
  ...
# Subtest: three-second blackhole after long healthy uptime retains channel and recovers on fresh probes
ok 392 - three-second blackhole after long healthy uptime retains channel and recovers on fresh probes
  ---
  duration_ms: 0.222167
  ...
# Subtest: restart requires eight continuously unhealthy seconds, reset by recovered health
ok 393 - restart requires eight continuously unhealthy seconds, reset by recovered health
  ---
  duration_ms: 0.059041
  ...
# Subtest: expired duplicate and pre-failure probes cannot keep blackholed path healthy
ok 394 - expired duplicate and pre-failure probes cannot keep blackholed path healthy
  ---
  duration_ms: 0.344667
  ...
# Subtest: effects do not replay on repeated snapshots or across authority/match reset
ok 395 - effects do not replay on repeated snapshots or across authority/match reset
  ---
  duration_ms: 0.750833
  ...
# Subtest: bomb flight sprite follows segmented path while damage radius stays at landing point
ok 396 - bomb flight sprite follows segmented path while damage radius stays at landing point
  ---
  duration_ms: 0.448833
  ...
# Subtest: death transitions occur once and backward presentation resets cosmetic history
ok 397 - death transitions occur once and backward presentation resets cosmetic history
  ---
  duration_ms: 0.09875
  ...
# Subtest: flight fallback clamps before launch and shells never use bomb arcs
ok 398 - flight fallback clamps before launch and shells never use bomb arcs
  ---
  duration_ms: 0.071667
  ...
# Subtest: a continuous bend is one stroke with the exact supplied vertices
ok 399 - a continuous bend is one stroke with the exact supplied vertices
  ---
  duration_ms: 0.790917
  ...
# Subtest: portal jumps, deleted ticks and clipped segments remain separate strokes
ok 400 - portal jumps, deleted ticks and clipped segments remain separate strokes
  ---
  duration_ms: 0.1505
  ...
# Subtest: history survives fractional motion, a changing predicted tip and equivalent deserialized snapshots
ok 401 - history survives fractional motion, a changing predicted tip and equivalent deserialized snapshots
  ---
  duration_ms: 0.550625
  ...
# Subtest: history refreshes for trail holes, clipping, expiry, death, identity, scope and reset
ok 402 - history refreshes for trail holes, clipping, expiry, death, identity, scope and reset
  ---
  duration_ms: 0.142416
  ...
# Subtest: a fresh trail follows the interpolated head by at most one simulation step
ok 403 - a fresh trail follows the interpolated head by at most one simulation step
  ---
  duration_ms: 0.142833
  ...
# Subtest: head interpolation never extends a stale, destroyed, teleported or dead trail
ok 404 - head interpolation never extends a stale, destroyed, teleported or dead trail
  ---
  duration_ms: 0.104208
  ...
# Subtest: arena backing follows displayed size and screen density without changing world aspect
ok 405 - arena backing follows displayed size and screen density without changing world aspect
  ---
  duration_ms: 0.7485
  ...
# Subtest: arena backing bounds oversized displays and survives hidden or unavailable density
ok 406 - arena backing bounds oversized displays and survives hidden or unavailable density
  ---
  duration_ms: 0.076042
  ...
# Subtest: weighted table gives Five one third Triple probability with deterministic intervals
ok 407 - weighted table gives Five one third Triple probability with deterministic intervals
  ---
  duration_ms: 15.04275
  ...
# Subtest: Star is removed while remaining relative weights are preserved
ok 408 - Star is removed while remaining relative weights are preserved
  ---
  duration_ms: 0.147041
  ...
# Subtest: powerup pacing ramps every twenty seconds and stays bounded in overtime
ok 409 - powerup pacing ramps every twenty seconds and stays bounded in overtime
  ---
  duration_ms: 0.891292
  ...
# Subtest: portal transits survivors, breaks trail, preserves heading/charge, counts actual movement
ok 410 - portal transits survivors, breaks trail, preserves heading/charge, counts actual movement
  ---
  duration_ms: 14.645375
  ...
# Subtest: entry collision is resolved before transit, and shield remains independent
ok 411 - entry collision is resolved before transit, and shield remains independent
  ---
  duration_ms: 2.108
  ...
# Subtest: unsafe exit defers teleport for rider, pending trail, trail, bomb and blast hazards
ok 412 - unsafe exit defers teleport for rider, pending trail, trail, bomb and blast hazards
  ---
  duration_ms: 10.503875
  ...
# Subtest: portal grace is defensive for both riders, protects trails/walls and does not consume shield
ok 413 - portal grace is defensive for both riders, protects trails/walls and does not consume shield
  ---
  duration_ms: 0.665875
  ...
# Subtest: portal expiry, snapshot copying, compact geometry omission and round reset
ok 414 - portal expiry, snapshot copying, compact geometry omission and round reset
  ---
  duration_ms: 0.636917
  ...
# Subtest: portal pickup creates deterministic pair, records stats, replaces pair without clearing cooldown
ok 415 - portal pickup creates deterministic pair, records stats, replaces pair without clearing cooldown
  ---
  duration_ms: 1.928958
  ...
# Subtest: impossible placement leaves pickup and old pair unconsumed
ok 416 - impossible placement leaves pickup and old pair unconsumed
  ---
  duration_ms: 1.895834
  ...
# Subtest: reverse transit respects cooldown at its exact deadline after replacement
ok 417 - reverse transit respects cooldown at its exact deadline after replacement
  ---
  duration_ms: 0.600917
  ...
# Subtest: portal defensive grace expires exactly at the authoritative tick
ok 418 - portal defensive grace expires exactly at the authoritative tick
  ---
  duration_ms: 5.0835
  ...
# Subtest: concurrent riders preserve separate entry heights at the linked wall
ok 419 - concurrent riders preserve separate entry heights at the linked wall
  ---
  duration_ms: 1.910583
  ...
# Subtest: wall placement remains useful on an occupied five-rider field across seeds
ok 420 - wall placement remains useful on an occupied five-rider field across seeds
  ---
  duration_ms: 69.603583
  ...
# Subtest: authoritative overtime shrinks portal wall length and removes reclaimed walls from snapshots
ok 421 - authoritative overtime shrinks portal wall length and removes reclaimed walls from snapshots
  ---
  duration_ms: 0.493291
  ...
# Subtest: compressed linked wall reserves an exit for the first rider rather than overlapping arrivals
ok 422 - compressed linked wall reserves an exit for the first rider rather than overlapping arrivals
  ---
  duration_ms: 0.506875
  ...
# Subtest: placement sizes walls to one third of field, caps at 300 and reserves full corridor
ok 423 - placement sizes walls to one third of field, caps at 300 and reserves full corridor
  ---
  duration_ms: 0.61025
  ...
# Subtest: placement remains bounded for unsafe or insufficiently separated sites
ok 424 - placement remains bounded for unsafe or insufficiently separated sites
  ---
  duration_ms: 0.228375
  ...
# Subtest: full wall safety catches a hazard between sampled center and endpoints
ok 425 - full wall safety catches a hazard between sampled center and endpoints
  ---
  duration_ms: 0.102125
  ...
# Subtest: swept wall entry preserves heading and relative linked height
ok 426 - swept wall entry preserves heading and relative linked height
  ---
  duration_ms: 0.612541
  ...
# Subtest: both directions and earliest intersected wall work
ok 427 - both directions and earliest intersected wall work
  ---
  duration_ms: 0.08775
  ...
# Subtest: rounded endpoints detect vertical and tangent contact without phantom end extensions
ok 428 - rounded endpoints detect vertical and tangent contact without phantom end extensions
  ---
  duration_ms: 0.084458
  ...
# Subtest: cooldown, expiry, inside, stationary, moving away and short movement do not retrigger
ok 429 - cooldown, expiry, inside, stationary, moving away and short movement do not retrigger
  ---
  duration_ms: 0.095041
  ...
# Subtest: unsafe and out-of-field exits defer transit and safety receives actual offset exit
ok 430 - unsafe and out-of-field exits defer transit and safety receives actual offset exit
  ---
  duration_ms: 0.131166
  ...
# Subtest: shrinking trims walls and removes pairs whose centerline or usable ends are reclaimed
ok 431 - shrinking trims walls and removes pairs whose centerline or usable ends are reclaimed
  ---
  duration_ms: 0.188334
  ...
# Subtest: motion ledger boundary rejects malformed, unbounded and contradictory tick data
ok 432 - motion ledger boundary rejects malformed, unbounded and contradictory tick data
  ---
  duration_ms: 0.525583
  ...
# Subtest: local steering responds next frame using a partial step which never changes fixed replay
ok 433 - local steering responds next frame using a partial step which never changes fixed replay
  ---
  duration_ms: 15.358
  ...
# Subtest: acknowledged held turn replays exactly with no pending events, including drunk offset
ok 434 - acknowledged held turn replays exactly with no pending events, including drunk offset
  ---
  duration_ms: 0.929166
  ...
# Subtest: fresh-input age neutralizes held controls at tick ten
ok 435 - fresh-input age neutralizes held controls at tick ten
  ---
  duration_ms: 0.6655
  ...
# Subtest: press and release scheduled for same tick uses latest sample, received ack cannot retire either
ok 436 - press and release scheduled for same tick uses latest sample, received ack cannot retire either
  ---
  duration_ms: 5.518583
  ...
# Subtest: mismatched snapshot and application tick rejected atomically
ok 437 - mismatched snapshot and application tick rejected atomically
  ---
  duration_ms: 0.953833
  ...
# Subtest: applied result retires pending but continues authoritative held input
ok 438 - applied result retires pending but continues authoritative held input
  ---
  duration_ms: 0.628917
  ...
# Subtest: death and portal reset local motion and epoch invalidates timing
ok 439 - death and portal reset local motion and epoch invalidates timing
  ---
  duration_ms: 0.924333
  ...
# Subtest: clock retains conservative send sampled bounds and rejects pause stale and invalid RTT
ok 440 - clock retains conservative send sampled bounds and rejects pause stale and invalid RTT
  ---
  duration_ms: 0.085875
  ...
# Subtest: remote buffer uses coherent past state and fractional ticks without portal chords
ok 441 - remote buffer uses coherent past state and fractional ticks without portal chords
  ---
  duration_ms: 0.796416
  ...
# Subtest: spectator clock advances fractional render ticks without a player seat and resets scope
ok 442 - spectator clock advances fractional render ticks without a player seat and resets scope
  ---
  duration_ms: 0.566208
  ...
# Subtest: presentation connector is bounded and never mutates confirmed trails
ok 443 - presentation connector is bounded and never mutates confirmed trails
  ---
  duration_ms: 0.579208
  ...
# Subtest: inactive snapshots do not invent movement correction or smoothing offsets
ok 444 - inactive snapshots do not invent movement correction or smoothing offsets
  ---
  duration_ms: 3.192916
  ...
# Subtest: slow round trip or lagging snapshot never rejects input locally; host admission and the four-tick lead cap bound it (\#15)
ok 445 - slow round trip or lagging snapshot never rejects input locally; host admission and the four-tick lead cap bound it (\#15)
  ---
  duration_ms: 0.60525
  ...
# Subtest: transport-refused and stale inputs never count toward the bound; overflow drops the backlog instead of blocking (\#20)
ok 446 - transport-refused and stale inputs never count toward the bound; overflow drops the backlog instead of blocking (\#20)
  ---
  duration_ms: 1.133917
  ...
# Subtest: overflow first drops inputs behind the host window and only clears a fully fresh backlog (\#15 follow-up)
ok 447 - overflow first drops inputs behind the host window and only clears a fully fresh backlog (\#15 follow-up)
  ---
  duration_ms: 6.0415
  ...
# Subtest: a lost clock limits the preview but never the send (\#65)
ok 448 - a lost clock limits the preview but never the send (\#65)
  ---
  duration_ms: 0.603375
  ...
# Subtest: all semantic message variants validate without accepting extra fields
ok 449 - all semantic message variants validate without accepting extra fields
  ---
  duration_ms: 1.068167
  ...
# Subtest: untrusted message shapes, sizes, tokens and input sequences fail closed
ok 450 - untrusted message shapes, sizes, tokens and input sequences fail closed
  ---
  duration_ms: 0.208208
  ...
# Subtest: target aim accepts finite normalized coordinates only and rejects nested extras
ok 451 - target aim accepts finite normalized coordinates only and rejects nested extras
  ---
  duration_ms: 0.15625
  ...
# Subtest: serialized recipient acknowledgement preserves own zero and negative sequences without other seats
ok 452 - serialized recipient acknowledgement preserves own zero and negative sequences without other seats
  ---
  duration_ms: 0.767458
  ...
# Subtest: recipient ack envelopes preserve complete keyframe retry and unchanged world decoding
ok 453 - recipient ack envelopes preserve complete keyframe retry and unchanged world decoding
  ---
  duration_ms: 0.99675
  ...
# Subtest: candidates before the remote description are buffered, bounded at 64 and flushed in order
ok 454 - candidates before the remote description are buffered, bounded at 64 and flushed in order
  ---
  duration_ms: 1.586666
  ...
# Subtest: candidates arriving while a description is being applied wait, then apply; later ones apply directly
ok 455 - candidates arriving while a description is being applied wait, then apply; later ones apply directly
  ---
  duration_ms: 0.166166
  ...
# Subtest: answer-side candidates that arrive after the local answer are applied against the remote description
ok 456 - answer-side candidates that arrive after the local answer are applied against the remote description
  ---
  duration_ms: 0.098042
  ...
# Subtest: a restart offer changes the ufrag: old-generation candidates never poison it and new ones wait for it
ok 457 - a restart offer changes the ufrag: old-generation candidates never poison it and new ones wait for it
  ---
  duration_ms: 0.108833
  ...
# Subtest: browser rejection of a candidate is counted, not thrown into the signalling loop
ok 458 - browser rejection of a candidate is counted, not thrown into the signalling loop
  ---
  duration_ms: 0.099
  ...
# Subtest: only actual changed heading counts, unchanged animation frames do not
ok 459 - only actual changed heading counts, unchanged animation frames do not
  ---
  duration_ms: 0.6355
  ...
# Subtest: clock-aligned render frames detect wrapped positive heading and reject the wrong direction
ok 460 - clock-aligned render frames detect wrapped positive heading and reject the wrong direction
  ---
  duration_ms: 0.10625
  ...
# Subtest: death, round transition, intoxication and live powerups invalidate the measurement
ok 461 - death, round transition, intoxication and live powerups invalidate the measurement
  ---
  duration_ms: 0.112375
  ...
# Subtest: turning, short, stale and missing baselines are rejected without cherry-picking
ok 462 - turning, short, stale and missing baselines are rejected without cherry-picking
  ---
  duration_ms: 0.071458
  ...
# Subtest: unchanged heading times out and incomplete capture is separately rejected
ok 463 - unchanged heading times out and incomplete capture is separately rejected
  ---
  duration_ms: 0.074666
  ...
# Subtest: one degree metric remains later than the first tiny numerical departure
ok 464 - one degree metric remains later than the first tiny numerical departure
  ---
  duration_ms: 0.064
  ...
# Subtest: render continuity separates repeated authoritative ticks from animation cadence and attempt gaps
ok 465 - render continuity separates repeated authoritative ticks from animation cadence and attempt gaps
  ---
  duration_ms: 2.798125
  ...
# Subtest: return to lobby from lobby clears match state without inventing session points
ok 466 - return to lobby from lobby clears match state without inventing session points
  ---
  duration_ms: 10.900584
  ...
# Subtest: return to lobby from countdown clears match state without inventing session points
ok 467 - return to lobby from countdown clears match state without inventing session points
  ---
  duration_ms: 1.210791
  ...
# Subtest: return to lobby from playing clears match state without inventing session points
ok 468 - return to lobby from playing clears match state without inventing session points
  ---
  duration_ms: 0.575584
  ...
# Subtest: return to lobby from roundOver clears match state without inventing session points
ok 469 - return to lobby from roundOver clears match state without inventing session points
  ---
  duration_ms: 2.104083
  ...
# Subtest: return to lobby from matchOver clears match state without inventing session points
ok 470 - return to lobby from matchOver clears match state without inventing session points
  ---
  duration_ms: 0.656958
  ...
# Subtest: empty party can return to lobby and invalid scope is rejected before mutation
ok 471 - empty party can return to lobby and invalid scope is rejected before mutation
  ---
  duration_ms: 0.167208
  ...
# Subtest: pure rider kernel exactly matches authoritative turns including drunk offsets
ok 472 - pure rider kernel exactly matches authoritative turns including drunk offsets
  ---
  duration_ms: 22.813542
  ...
# Subtest: opposite controls cancel steering and pure motion leaves input pose unchanged
ok 473 - opposite controls cancel steering and pure motion leaves input pose unchanged
  ---
  duration_ms: 0.083334
  ...
# Subtest: short codes map the full67600 space and reject biased random tail
ok 474 - short codes map the full67600 space and reject biased random tail
  ---
  duration_ms: 0.688875
  ...
# Subtest: new and temporary legacy room identities validate without making codes secrets
ok 475 - new and temporary legacy room identities validate without making codes secrets
  ---
  duration_ms: 0.120959
  ...
# Subtest: collision reservation is bounded and never masks noncollision failure
ok 476 - collision reservation is bounded and never masks noncollision failure
  ---
  duration_ms: 0.525625
  ...
# Subtest: ordinary initial show is inert and permanent departure disposes the room
ok 477 - ordinary initial show is inert and permanent departure disposes the room
  ---
  duration_ms: 0.792583
  ...
# Subtest: BFCache restoration reloads stopped room exactly once instead of reviving its transport
ok 478 - BFCache restoration reloads stopped room exactly once instead of reviving its transport
  ---
  duration_ms: 0.077417
  ...
# Subtest: expired room stops before clearing runtime and never retries a reused public code
ok 479 - expired room stops before clearing runtime and never retries a reused public code
  ---
  duration_ms: 0.752666
  ...
# Subtest: temporary network failure retries while replaced host is terminal separately
ok 480 - temporary network failure retries while replaced host is terminal separately
  ---
  duration_ms: 0.086792
  ...
# Subtest: safeStorage falls back to an in-memory store when the underlying storage throws on access
ok 481 - safeStorage falls back to an in-memory store when the underlying storage throws on access
  ---
  duration_ms: 0.481709
  ...
# Subtest: safeStorage does not evaluate the storage accessor until a get/set/remove call is made
ok 482 - safeStorage does not evaluate the storage accessor until a get/set/remove call is made
  ---
  duration_ms: 0.074791
  ...
# Subtest: safeStorage passes through to real storage when it works
ok 483 - safeStorage passes through to real storage when it works
  ---
  duration_ms: 0.090875
  ...
# Subtest: createMemoryStorage never throws and reports missing keys as null
ok 484 - createMemoryStorage never throws and reports missing keys as null
  ---
  duration_ms: 0.048458
  ...
--------------------------|---------|----------|---------|---------|--------------------------------
File                      | % Stmts | % Branch | % Funcs | % Lines | Uncovered Line #s              
--------------------------|---------|----------|---------|---------|--------------------------------
All files                 |   95.52 |    94.01 |   98.27 |   95.52 |                                
 client                   |     100 |    97.94 |    98.3 |     100 |                                
  audio-director.ts       |     100 |    98.38 |     100 |     100 | 77                             
  controller-keyboard.ts  |     100 |      100 |     100 |     100 |                                
  controller-pointers.ts  |     100 |    98.48 |   91.66 |     100 | 56                             
  controller-state.ts     |     100 |    98.95 |     100 |     100 | 81                             
  render-snapshot.ts      |     100 |       90 |     100 |     100 | 37-45                          
  snapshot-stream.ts      |     100 |      100 |     100 |     100 |                                
 online                   |   98.75 |    92.15 |   98.35 |   98.75 |                                
  action-replication.ts   |     100 |    89.94 |     100 |     100 | ...135,142,153,159,162,164-166 
  authority-grace.ts      |     100 |      100 |     100 |     100 |                                
  authority-status.ts     |     100 |      100 |     100 |     100 |                                
  authority.ts            |     100 |      100 |     100 |     100 |                                
  checkpoint.ts           |     100 |     91.7 |     100 |     100 | ...112,114,117-119,121,137,141 
  direct-clock.ts         |     100 |    98.94 |     100 |     100 | 69                             
  direct-control.ts       |     100 |      100 |     100 |     100 |                                
  direct-heartbeat.ts     |     100 |    94.53 |     100 |     100 | 19,86,95,97,100,105,107        
  direct-ingress.ts       |     100 |      100 |     100 |     100 |                                
  direct-origin.ts        |     100 |    95.58 |     100 |     100 | 53,57,69                       
  direct-room-state.ts    |     100 |    95.12 |     100 |     100 | 38,48,63,71,84,98              
  direct-segment.ts       |     100 |    87.43 |   94.11 |     100 | ...143,149,154-155,158,167,178 
  direct-stream.ts        |     100 |    99.35 |     100 |     100 | 42                             
  host-session.ts         |   99.49 |    89.79 |     100 |   99.49 | 41                             
  ice-config.ts           |     100 |    97.36 |     100 |     100 | 13                             
  ice-signal.ts           |     100 |       92 |     100 |     100 | 9,18                           
  keyframe-delivery.ts    |     100 |      100 |     100 |     100 |                                
  link-callback.ts        |     100 |      100 |     100 |     100 |                                
  link-diagnostics.ts     |     100 |       84 |     100 |     100 | 16,20,33,39-42                 
  link-health.ts          |     100 |      100 |     100 |     100 |                                
  link-restart.ts         |     100 |      100 |     100 |     100 |                                
  link-send-gate.ts       |     100 |      100 |     100 |     100 |                                
  local-runtime.ts        |     100 |    89.58 |     100 |     100 | 33,54,61,71-73                 
  mobile-play-policy.ts   |     100 |      100 |     100 |     100 |                                
  prediction-clock.ts     |     100 |    98.03 |     100 |     100 | 37                             
  prediction.ts           |    97.6 |    87.61 |     100 |    97.6 | 105-107                        
  recipient-ack.ts        |     100 |      100 |     100 |     100 |                                
  remote-signal.ts        |   95.34 |    94.73 |     100 |   95.34 | 36-37                          
  response-measurement.ts |     100 |    98.52 |     100 |     100 | 25                             
  rollback-world.ts       |     100 |    90.65 |     100 |     100 | ...152,157,186,194-196,203,215 
  room-lifecycle.ts       |     100 |      100 |     100 |     100 |                                
  room-socket-close.ts    |     100 |      100 |     100 |     100 |                                
  runtime.ts              |   93.23 |    87.57 |   87.87 |   93.23 | ...405,409-413,427-429,445-456 
  status-notices.ts       |     100 |      100 |     100 |     100 |                                
  world-codec.ts          |     100 |     86.4 |      90 |     100 | ...64,66,68,71-75,86,88-95,100 
 server                   |   27.76 |    97.22 |      75 |   27.76 |                                
  bomb-input.ts           |     100 |      100 |     100 |     100 |                                
  index.ts                |   15.38 |       75 |      40 |   15.38 | 41-43,46-280,283-286           
 service                  |     100 |      100 |     100 |     100 |                                
  signal.ts               |     100 |      100 |     100 |     100 |                                
 shared                   |   99.59 |    96.65 |     100 |   99.59 |                                
  action-log.ts           |     100 |    96.03 |     100 |     100 | 40,44,75-76,113                
  avatars.ts              |     100 |      100 |     100 |     100 |                                
  blast-geometry.ts       |     100 |      100 |     100 |     100 |                                
  bomb-launch.ts          |     100 |      100 |     100 |     100 |                                
  bot-controller.ts       |     100 |      100 |     100 |     100 |                                
  deterministic-math.ts   |     100 |      100 |     100 |     100 |                                
  direct-input.ts         |     100 |      100 |     100 |     100 |                                
  drunk.ts                |     100 |      100 |     100 |     100 |                                
  duration-text.ts        |     100 |      100 |     100 |     100 |                                
  game.ts                 |   99.44 |    95.65 |     100 |   99.44 | 342-343,730-731,1154-1156      
  gun.ts                  |     100 |    88.23 |     100 |     100 | 26,31                          
  launch-modifiers.ts     |     100 |      100 |     100 |     100 |                                
  leaderboard.ts          |   96.63 |    94.33 |     100 |   96.63 | 46-47,89-90                    
  match-recap.ts          |     100 |    95.71 |     100 |     100 | 23,83,86                       
  match-stats.ts          |     100 |    98.33 |     100 |     100 | 181                            
  pickup-weights.ts       |     100 |       90 |     100 |     100 | 16                             
  portal.ts               |     100 |      100 |     100 |     100 |                                
  protocol.ts             |     100 |    98.78 |     100 |     100 | 101                            
  rider-motion.ts         |     100 |      100 |     100 |     100 |                                
  room-code.ts            |     100 |      100 |     100 |     100 |                                
  room-settings.ts        |     100 |    92.85 |     100 |     100 | 27                             
  shell.ts                |     100 |    93.47 |     100 |     100 | 15,47-50                       
  trail-clipping.ts       |     100 |      100 |     100 |     100 |                                
--------------------------|---------|----------|---------|---------|--------------------------------
