
> fuse-riders@1.0.0 test:coverage
> c8 tsx --test tests/*.test.ts

TAP version 13
# Subtest: accepted host actions replay complete lifecycle, bots, timeout cancellation and resets
ok 1 - accepted host actions replay complete lifecycle, bots, timeout cancellation and resets
  ---
  duration_ms: 4781.218208
  ...
# Subtest: replica game checkpoint preserves connected and charging state without host recovery sanitization
ok 2 - replica game checkpoint preserves connected and charging state without host recovery sanitization
  ---
  duration_ms: 2.991709
  ...
# Subtest: steady held input records only changes; bomb edges never persist into later ticks
ok 3 - steady held input records only changes; bomb edges never persist into later ticks
  ---
  duration_ms: 1.985584
  ...
# Subtest: MessagePack tuples and malformed operations are bounded
ok 4 - MessagePack tuples and malformed operations are bounded
  ---
  duration_ms: 2.123834
  ...
# Subtest: real encoded sender/receiver: duplicate, dropped and reordered batches repair without divergent commit
ok 5 - real encoded sender/receiver: duplicate, dropped and reordered batches repair without divergent commit
  ---
  duration_ms: 4.739417
  ...
# Subtest: invalid transaction and repeated hash mismatch never replace healthy state; fresh baseline repairs
ok 6 - invalid transaction and repeated hash mismatch never replace healthy state; fresh baseline repairs
  ---
  duration_ms: 1.770208
  ...
# Subtest: checkpoint chunk loss, reordering, corruption and timeout are bounded
ok 7 - checkpoint chunk loss, reordering, corruption and timeout are bounded
  ---
  duration_ms: 3.192917
  ...
# Subtest: decoder rejects nested allocation bombs before decoding and accepts ordinary envelopes
ok 8 - decoder rejects nested allocation bombs before decoding and accepts ordinary envelopes
  ---
  duration_ms: 6.804625
  ...
# Subtest: checkpoint and action identity validation agree, including history bounds and legal slot reuse
ok 9 - checkpoint and action identity validation agree, including history bounds and legal slot reuse
  ---
  duration_ms: 70.739208
  ...
# Subtest: newer checkpoint generations cannot erase same-tick accepted lifecycle operations
ok 10 - newer checkpoint generations cannot erase same-tick accepted lifecycle operations
  ---
  duration_ms: 1.119833
  ...
# Subtest: hash comparison survives backpressure precisely on twentieth ticks
ok 11 - hash comparison survives backpressure precisely on twentieth ticks
  ---
  duration_ms: 7.698583
  ...
# Subtest: missing middle checkpoint chunk times out, throttled pump recovers with a fresh generation
ok 12 - missing middle checkpoint chunk times out, throttled pump recovers with a fresh generation
  ---
  duration_ms: 76.852834
  ...
# Subtest: signed-zero headings and arena-coordinate bomb targets survive checkpoint suffix replay
ok 13 - signed-zero headings and arena-coordinate bomb targets survive checkpoint suffix replay
  ---
  duration_ms: 2.210667
  ...
# Subtest: host refuses a new historical identity before replay/checkpoint capacity is exceeded
ok 14 - host refuses a new historical identity before replay/checkpoint capacity is exceeded
  ---
  duration_ms: 3.040541
  ...
# Subtest: signed-zero local aim is normalized before MessagePack checkpoint and action capture
ok 15 - signed-zero local aim is normalized before MessagePack checkpoint and action capture
  ---
  duration_ms: 2.856875
  ...
# Subtest: MessagePack action changes carry full applied ticks across sparse input and bomb transitions
ok 16 - MessagePack action changes carry full applied ticks across sparse input and bomb transitions
  ---
  duration_ms: 2.005958
  ...
# Subtest: absolute action ticks above uint16 replay independently of previous held timestamps
ok 17 - absolute action ticks above uint16 replay independently of previous held timestamps
  ---
  duration_ms: 0.388916
  ...
# Subtest: action tick mismatch and legacy replay checkpoints preserve healthy receiver state
ok 18 - action tick mismatch and legacy replay checkpoints preserve healthy receiver state
  ---
  duration_ms: 1.813458
  ...
# Subtest: assets resolve once under a Pages base and preserve external URLs
ok 19 - assets resolve once under a Pages base and preserve external URLs
  ---
  duration_ms: 0.465416
  ...
# Subtest: audio requires gesture unlock, routes independent mute and volume, and tolerates refusal
ok 20 - audio requires gesture unlock, routes independent mute and volume, and tolerates refusal
  ---
  duration_ms: 0.996334
  ...
# Subtest: original score loops with bounded scheduling and no background catch-up
ok 21 - original score loops with bounded scheduling and no background catch-up
  ---
  duration_ms: 0.504958
  ...
# Subtest: authoritative effects coalesce volleys, reject stale events and baseline reconnects silently
ok 22 - authoritative effects coalesce volleys, reject stale events and baseline reconnects silently
  ---
  duration_ms: 0.312958
  ...
# Subtest: pickup cues use authoritative collection events and reconnect baseline stays silent
ok 23 - pickup cues use authoritative collection events and reconnect baseline stays silent
  ---
  duration_ms: 0.097792
  ...
# Subtest: engine emits collection once only after a real pickup is consumed
ok 24 - engine emits collection once only after a real pickup is consumed
  ---
  duration_ms: 11.441167
  ...
# Subtest: older round snapshots cannot reset scope or stop music
ok 25 - older round snapshots cannot reset scope or stop music
  ---
  duration_ms: 0.20725
  ...
# Subtest: eight original scores have long arrangements, distinct melodies and bounded valid voices
ok 26 - eight original scores have long arrangements, distinct melodies and bounded valid voices
  ---
  duration_ms: 28.313208
  ...
# Subtest: playlist completes an arrangement, rotates all eight tunes and retains mute and volume
ok 27 - playlist completes an arrangement, rotates all eight tunes and retains mute and volume
  ---
  duration_ms: 0.856125
  ...
# Subtest: new rounds advance playlist once; repeated snapshots and reconnects do not rewind it
ok 28 - new rounds advance playlist once; repeated snapshots and reconnects do not rewind it
  ---
  duration_ms: 0.124917
  ...
# Subtest: enabled audio plays in the lobby and intermissions and explicit enable confirms output
ok 29 - enabled audio plays in the lobby and intermissions and explicit enable confirms output
  ---
  duration_ms: 0.106417
  ...
# Subtest: two jazz tunes swing in tempo and use soft walking bass and seventh chords
ok 30 - two jazz tunes swing in tempo and use soft walking bass and seventh chords
  ---
  duration_ms: 0.157583
  ...
# Subtest: director schedules swung offbeats without catch-up bursts
ok 31 - director schedules swung offbeats without catch-up bursts
  ---
  duration_ms: 0.317917
  ...
# Subtest: gun launch plays a layered cannon cue
ok 32 - gun launch plays a layered cannon cue
  ---
  duration_ms: 0.116
  ...
# Subtest: a host stall over the clock threshold pauses advancing but keeps seat scopes; queued and old-scope inputs still apply
ok 33 - a host stall over the clock threshold pauses advancing but keeps seat scopes; queued and old-scope inputs still apply
  ---
  duration_ms: 16.583375
  ...
# Subtest: a single time sample above the lease guard pauses for one sample period without rotating seat scopes
ok 34 - a single time sample above the lease guard pauses for one sample period without rotating seat scopes
  ---
  duration_ms: 2.179292
  ...
# Subtest: continuous non-permission beyond the grace clears seats exactly once; a fresh certification re-arms it
ok 35 - continuous non-permission beyond the grace clears seats exactly once; a fresh certification re-arms it
  ---
  duration_ms: 21.371625
  ...
# Subtest: a lease that actually lapses under a healthy clock stops advancing at once and clears seats after the grace
ok 36 - a lease that actually lapses under a healthy clock stops advancing at once and clears seats after the grace
  ---
  duration_ms: 6.277
  ...
# Subtest: AuthorityGrace fires once per outage, only after prior permission, and reset() scopes it to one authority
ok 37 - AuthorityGrace fires once per outage, only after prior permission, and reset() scopes it to one authority
  ---
  duration_ms: 0.29025
  ...
# Subtest: authority recovery clears a stale pause once without overwriting subsequent command errors
ok 38 - authority recovery clears a stale pause once without overwriting subsequent command errors
  ---
  duration_ms: 0.472125
  ...
# Subtest: a sustained pause announces itself once; further ticks preserve the notice on screen
ok 39 - a sustained pause announces itself once; further ticks preserve the notice on screen
  ---
  duration_ms: 0.08475
  ...
# Subtest: initial permission produces confirmed status and sustained permission stays silent
ok 40 - initial permission produces confirmed status and sustained permission stays silent
  ---
  duration_ms: 0.052375
  ...
# Subtest: ten distinct avatar ids address exactly ten atlas cells
ok 41 - ten distinct avatar ids address exactly ten atlas cells
  ---
  duration_ms: 1.675417
  ...
# Subtest: default and selected heads appear in authoritative snapshots without changing slot color
ok 42 - default and selected heads appear in authoritative snapshots without changing slot color
  ---
  duration_ms: 9.514167
  ...
# Subtest: live avatar messages only accept a known head and no player override
ok 43 - live avatar messages only accept a known head and no player override
  ---
  duration_ms: 0.175458
  ...
# Subtest: disk uses radial distance rather than bounding square or cross
ok 44 - disk uses radial distance rather than bounding square or cross
  ---
  duration_ms: 0.407458
  ...
# Subtest: swept disk detects crossing, tangent, radius padding and endpoint misses
ok 45 - swept disk detects crossing, tangent, radius padding and endpoint misses
  ---
  duration_ms: 0.088709
  ...
# Subtest: ordered bomb edges survive a between-tick tap, while held resends do not repeat presses
ok 46 - ordered bomb edges survive a between-tick tap, while held resends do not repeat presses
  ---
  duration_ms: 0.798291
  ...
# Subtest: interruption discards even a queued release and requires a neutral handshake
ok 47 - interruption discards even a queued release and requires a neutral handshake
  ---
  duration_ms: 0.094583
  ...
# Subtest: overflow cancels the bounded queue and a later fresh press can recover
ok 48 - overflow cancels the bounded queue and a later fresh press can recover
  ---
  duration_ms: 0.064167
  ...
# Subtest: target input preserves per-release aim despite later packets and caller mutation
ok 49 - target input preserves per-release aim despite later packets and caller mutation
  ---
  duration_ms: 0.107542
  ...
# Subtest: maps charge ticks linearly between accepted minimum and maximum
ok 50 - maps charge ticks linearly between accepted minimum and maximum
  ---
  duration_ms: 0.420458
  ...
# Subtest: projects along the release angle and clamps each coordinate to safe bounds
ok 51 - projects along the release angle and clamps each coordinate to safe bounds
  ---
  duration_ms: 0.601791
  ...
# Subtest: AI is deterministic, uses its injected random stream and never mutates the observed world
ok 52 - AI is deterministic, uses its injected random stream and never mutates the observed world
  ---
  duration_ms: 10.112416
  ...
# Subtest: AI is neutral when absent, dead, disconnected or waiting for next round
ok 53 - AI is neutral when absent, dead, disconnected or waiting for next round
  ---
  duration_ms: 0.621834
  ...
# Subtest: AI turns away from imminent walls, trails and rider paths
ok 54 - AI turns away from imminent walls, trails and rider paths
  ---
  duration_ms: 3.588959
  ...
# Subtest: AI considers expired and recent own trails, pickups, blasts, shells and drunk heading without changing physics
ok 55 - AI considers expired and recent own trails, pickups, blasts, shells and drunk heading without changing physics
  ---
  duration_ms: 1.369333
  ...
# Subtest: AI presses, holds and releases ordinary bombs through the same charge/cooldown rules
ok 56 - AI presses, holds and releases ordinary bombs through the same charge/cooldown rules
  ---
  duration_ms: 19.667125
  ...
# Subtest: AI target/gun/shell shots use normal input actions and target aim is bounded
ok 57 - AI target/gun/shell shots use normal input actions and target aim is bounded
  ---
  duration_ms: 32.287584
  ...
# Subtest: Host alone can manage AI, five shared slots are enforced, and a solo host can start
ok 58 - Host alone can manage AI, five shared slots are enforced, and a solo host can start
  ---
  duration_ms: 2.46225
  ...
# Subtest: AI arriving during a match waits and appears in the next round without a timed click
ok 59 - AI arriving during a match waits and appears in the next round without a timed click
  ---
  duration_ms: 88.730416
  ...
# Subtest: AI removal/reset frees its slot without converting humans or reusing old bot identity
ok 60 - AI removal/reset frees its slot without converting humans or reusing old bot identity
  ---
  duration_ms: 0.312667
  ...
# Subtest: Checkpoint v3 restores only validated bot ownership and rejects malformed registries atomically
ok 61 - Checkpoint v3 restores only validated bot ownership and rejects malformed registries atomically
  ---
  duration_ms: 18.870208
  ...
# Subtest: visual projection uses authoritative tick spacing during packet bursts
ok 62 - visual projection uses authoritative tick spacing during packet bursts
  ---
  duration_ms: 0.720333
  ...
# Subtest: visual projection freezes after 50 ms and never projects death or non-playing phases
ok 63 - visual projection freezes after 50 ms and never projects death or non-playing phases
  ---
  duration_ms: 0.092916
  ...
# Subtest: visual projection does not cross round, match, membership or timestamp boundaries
ok 64 - visual projection does not cross round, match, membership or timestamp boundaries
  ---
  duration_ms: 0.096875
  ...
# Subtest: visual projection snaps a portal transit and resumes on the next ordinary movement pair
ok 65 - visual projection snaps a portal transit and resumes on the next ordinary movement pair
  ---
  duration_ms: 0.07925
  ...
# Subtest: multitouch retains a control until its final pointer releases
ok 66 - multitouch retains a control until its final pointer releases
  ---
  duration_ms: 0.574125
  ...
# Subtest: fast bomb tap and cancellation always send the falling edge
ok 67 - fast bomb tap and cancellation always send the falling edge
  ---
  duration_ms: 0.114042
  ...
# Subtest: pointer cancellation never launches and lost capture after release is a no-op
ok 68 - pointer cancellation never launches and lost capture after release is a no-op
  ---
  duration_ms: 0.082333
  ...
# Subtest: reconnect can force a neutral sample to rearm bomb edges
ok 69 - reconnect can force a neutral sample to rearm bomb edges
  ---
  duration_ms: 0.062125
  ...
# Subtest: held-state resend advances sequence while idle resend stays silent
ok 70 - held-state resend advances sequence while idle resend stays silent
  ---
  duration_ms: 0.08475
  ...
# Subtest: snapshot acceptance handles opaque match ids without lexicographic ordering
ok 71 - snapshot acceptance handles opaque match ids without lexicographic ordering
  ---
  duration_ms: 0.134166
  ...
# Subtest: snapshot acceptance rejects an older round in the active match
ok 72 - snapshot acceptance rejects an older round in the active match
  ---
  duration_ms: 0.050208
  ...
# Subtest: target preview projects for at most one tick and stays inside the arena
ok 73 - target preview projects for at most one tick and stays inside the arena
  ---
  duration_ms: 0.107375
  ...
# Subtest: shell visuals advance between server ticks and reflect off walls without changing authority
ok 74 - shell visuals advance between server ticks and reflect off walls without changing authority
  ---
  duration_ms: 0.219875
  ...
# Subtest: public smoke exercises real gateway socket boundaries and emits no credentials
ok 75 - public smoke exercises real gateway socket boundaries and emits no credentials
  ---
  duration_ms: 75.434958
  ...
# Subtest: public smoke stops on broken CORS and reports only a safe check label
ok 76 - public smoke stops on broken CORS and reports only a safe check label
  ---
  duration_ms: 13.89575
  ...
# Subtest: public smoke rejects plaintext and credential-bearing production origins before requests
ok 77 - public smoke rejects plaintext and credential-bearing production origins before requests
  ---
  duration_ms: 3742.110917
  ...
# Subtest: arrows share held state and Space emits exactly one press and release despite repeats
ok 78 - arrows share held state and Space emits exactly one press and release despite repeats
  ---
  duration_ms: 1.11425
  ...
# Subtest: pointer ownership survives keyboard release and cancellation
ok 79 - pointer ownership survives keyboard release and cancellation
  ---
  duration_ms: 0.113167
  ...
# Subtest: menu/focus/visibility cancellation never fires and repeat after reset cannot restart charge
ok 80 - menu/focus/visibility cancellation never fires and repeat after reset cannot restart charge
  ---
  duration_ms: 0.097125
  ...
# Subtest: blocked and unrelated keys retain normal browser handling
ok 81 - blocked and unrelated keys retain normal browser handling
  ---
  duration_ms: 0.060542
  ...
# Subtest: blocked new key clears previously held keys without releasing a bomb
ok 82 - blocked new key clears previously held keys without releasing a bomb
  ---
  duration_ms: 0.129292
  ...
# Subtest: browser modifier shortcuts remain untouched while keyup releases an earlier plain hold
ok 83 - browser modifier shortcuts remain untouched while keyup releases an earlier plain hold
  ---
  duration_ms: 0.116792
  ...
# Subtest: A and D aliases retain independent held ownership from arrow keys
ok 84 - A and D aliases retain independent held ownership from arrow keys
  ---
  duration_ms: 0.077042
  ...
# Subtest: keyboard ArrowLeft/ArrowRight and Space share serialized steering and charge/release semantics
ok 85 - keyboard ArrowLeft/ArrowRight and Space share serialized steering and charge/release semantics
  ---
  duration_ms: 1.263292
  ...
# Subtest: keyboard KeyA/KeyD and Space share serialized steering and charge/release semantics
ok 86 - keyboard KeyA/KeyD and Space share serialized steering and charge/release semantics
  ---
  duration_ms: 0.121666
  ...
# Subtest: arrow and letter aliases keep steering until both keys are released
ok 87 - arrow and letter aliases keep steering until both keys are released
  ---
  duration_ms: 0.267166
  ...
# Subtest: keyboard and pointer holds do not release each other
ok 88 - keyboard and pointer holds do not release each other
  ---
  duration_ms: 0.252375
  ...
# Subtest: focus/lifecycle cancellation never fires or reactivates a held key on repeat
ok 89 - focus/lifecycle cancellation never fires or reactivates a held key on repeat
  ---
  duration_ms: 0.171625
  ...
# Subtest: typing, disabled contexts and browser shortcuts are left alone, but keyup still releases
ok 90 - typing, disabled contexts and browser shortcuts are left alone, but keyup still releases
  ---
  duration_ms: 0.137792
  ...
# Subtest: recycled pointer ownership cancels old steering and makes both buttons reusable
ok 91 - recycled pointer ownership cancels old steering and makes both buttons reusable
  ---
  duration_ms: 0.136
  ...
# Subtest: global release works if capture throws and leaves simultaneous touches intact
ok 92 - global release works if capture throws and leaves simultaneous touches intact
  ---
  duration_ms: 0.107667
  ...
# Subtest: lost capture and clear cancel charge without accidental release, then recover immediately
ok 93 - lost capture and clear cancel charge without accidental release, then recover immediately
  ---
  duration_ms: 0.789791
  ...
# Subtest: disabled buttons, unrelated capture loss, right clicks and duplicate terminal events do nothing
ok 94 - disabled buttons, unrelated capture loss, right clicks and duplicate terminal events do nothing
  ---
  duration_ms: 0.141333
  ...
# Subtest: input model independently repairs pointer reassignment and preserves duplicate down
ok 95 - input model independently repairs pointer reassignment and preserves duplicate down
  ---
  duration_ms: 0.095292
  ...
# Subtest: held drag enters, switches and exits buttons without tapping; hovering does not press
ok 96 - held drag enters, switches and exits buttons without tapping; hovering does not press
  ---
  duration_ms: 0.241458
  ...
# Subtest: Target aim keeps its thumb while sliding across other controls
ok 97 - Target aim keeps its thumb while sliding across other controls
  ---
  duration_ms: 1.53225
  ...
# Subtest: cancelled or cleared contacts cannot slide-reactivate before lifting
ok 98 - cancelled or cleared contacts cannot slide-reactivate before lifting
  ---
  duration_ms: 0.271667
  ...
# Subtest: target trackpad uses relative motion, throttles packets and sends final release coordinates
ok 99 - target trackpad uses relative motion, throttles packets and sends final release coordinates
  ---
  duration_ms: 1.017833
  ...
# Subtest: aim clamps the board and other fingers cannot move it; cancellation clears it
ok 100 - aim clamps the board and other fingers cannot move it; cancellation clears it
  ---
  duration_ms: 0.138208
  ...
# Subtest: second Fire contact inherits aim without a jump, refresh does not reset active aim
ok 101 - second Fire contact inherits aim without a jump, refresh does not reset active aim
  ---
  duration_ms: 0.080292
  ...
# Subtest: ordinary controls send no aim and invalid positions do not corrupt it
ok 102 - ordinary controls send no aim and invalid positions do not corrupt it
  ---
  duration_ms: 0.072875
  ...
# Subtest: host intention waits for permission, latest wins, expires and cannot cross authority reset
ok 103 - host intention waits for permission, latest wins, expires and cannot cross authority reset
  ---
  duration_ms: 0.765125
  ...
# Subtest: release or cancel after round/match completion stays replayable through late rollback and finality
ok 104 - release or cancel after round/match completion stays replayable through late rollback and finality
  ---
  duration_ms: 123.326042
  ...
# Subtest: wire actions use full uint32 ticks and strict bounded MessagePack tuples
ok 105 - wire actions use full uint32 ticks and strict bounded MessagePack tuples
  ---
  duration_ms: 0.630125
  ...
# Subtest: independent stream fills holes, permits older repairs after watermark, ignores reordered watermarks
ok 106 - independent stream fills holes, permits older repairs after watermark, ignores reordered watermarks
  ---
  duration_ms: 0.133792
  ...
# Subtest: conflicting IDs, incomparable promises, chronological inversion and reused gesture are atomic faults
ok 107 - conflicting IDs, incomparable promises, chronological inversion and reused gesture are atomic faults
  ---
  duration_ms: 0.186792
  ...
# Subtest: whole world advances with no action packets, then bounded rollback exactly reconstructs late actions
ok 108 - whole world advances with no action packets, then bounded rollback exactly reconstructs late actions
  ---
  duration_ms: 67.174125
  ...
# Subtest: all same-tick press/release packet permutations yield exactly one identical shot
ok 109 - all same-tick press/release packet permutations yield exactly one identical shot
  ---
  duration_ms: 157.326291
  ...
# Subtest: replacement press restarts charge; old release cannot fire the newer gesture
ok 110 - replacement press restarts charge; old release cannot fire the newer gesture
  ---
  duration_ms: 4.424167
  ...
# Subtest: missing press never invents charge; cancel and aiming preserve per-action target order
ok 111 - missing press never invents charge; cancel and aiming preserve per-action target order
  ---
  duration_ms: 13.54675
  ...
# Subtest: idle repair delivers a lost final release; receipt loss never duplicates shots
ok 112 - idle repair delivers a lost final release; receipt loss never duplicates shots
  ---
  duration_ms: 6.6315
  ...
# Subtest: origin immediately sends newest plus old gap records; backpressure repair is paced and bounded
ok 113 - origin immediately sends newest plus old gap records; backpressure repair is paced and bounded
  ---
  duration_ms: 21.90325
  ...
# Subtest: finality waits for cross-channel input gaps, then emits derived effects exactly once
ok 114 - finality waits for cross-channel input gaps, then emits derived effects exactly once
  ---
  duration_ms: 22.185417
  ...
# Subtest: finalized bootstrap uses applied prefixes, leaving already received future actions for suffix replay
ok 115 - finalized bootstrap uses applied prefixes, leaving already received future actions for suffix replay
  ---
  duration_ms: 32.153417
  ...
# Subtest: speculation pauses at its fixed bound and resumes after verified finality
ok 116 - speculation pauses at its fixed bound and resumes after verified finality
  ---
  duration_ms: 168.484084
  ...
# Subtest: malformed/future/wrong-owner/stale-segment messages do not alter healthy world
ok 117 - malformed/future/wrong-owner/stale-segment messages do not alter healthy world
  ---
  duration_ms: 22.804958
  ...
# Subtest: invalid bootstrap, changed rules, corrupt state and wrong scope never instantiate a replica
ok 118 - invalid bootstrap, changed rules, corrupt state and wrong scope never instantiate a replica
  ---
  duration_ms: 33.612
  ...
# Subtest: encoded history budget rejects growth atomically rather than discarding rollback dependencies
ok 119 - encoded history budget rejects growth atomically rather than discarding rollback dependencies
  ---
  duration_ms: 22.152875
  ...
# Subtest: six independently advancing replicas converge through delayed/reordered delivery for five streams
ok 120 - six independently advancing replicas converge through delayed/reordered delivery for five streams
  ---
  duration_ms: 15694.027042
  ...
# Subtest: new completeness cuts preserve older promises and already certified progress
ok 121 - new completeness cuts preserve older promises and already certified progress
  ---
  duration_ms: 0.187458
  ...
# Subtest: watermark cuts, including empty periods, have a hard retention bound
ok 122 - watermark cuts, including empty periods, have a hard retention bound
  ---
  duration_ms: 0.7155
  ...
# Subtest: bootstrap rejects a rehashed impossible gesture state, not only corrupt hashes
ok 123 - bootstrap rejects a rehashed impossible gesture state, not only corrupt hashes
  ---
  duration_ms: 1.634417
  ...
# Subtest: older complete finality advances while newer certificates still await input repair
ok 124 - older complete finality advances while newer certificates still await input repair
  ---
  duration_ms: 47.203
  ...
# Subtest: pending certificates normalize prefix order and reject conflicts without bypassing a bad older hash
ok 125 - pending certificates normalize prefix order and reject conflicts without bypassing a bad older hash
  ---
  duration_ms: 15.498958
  ...
# Subtest: pending finality has a forty-tick bound and encoded-byte admission is atomic
ok 126 - pending finality has a forty-tick bound and encoded-byte admission is atomic
  ---
  duration_ms: 10.409417
  ...
# Subtest: lost receipts retain the oldest gap without starving rotation through the unacknowledged tail
ok 127 - lost receipts retain the oldest gap without starving rotation through the unacknowledged tail
  ---
  duration_ms: 0.614375
  ...
# Subtest: delivery exact cuts exclude future groups and cannot contradict retained actions
ok 128 - delivery exact cuts exclude future groups and cannot contradict retained actions
  ---
  duration_ms: 0.120042
  ...
# Subtest: remote future staging derives from both clock uncertainties without extending the execution horizon
ok 129 - remote future staging derives from both clock uncertainties without extending the execution horizon
  ---
  duration_ms: 29.315625
  ...
# Subtest: recovery distinguishes invalid action admission from verified finality disagreement
ok 130 - recovery distinguishes invalid action admission from verified finality disagreement
  ---
  duration_ms: 5.306416
  ...
# Subtest: combined progress rejects late conflicts atomically, including pending finality and events
ok 131 - combined progress rejects late conflicts atomically, including pending finality and events
  ---
  duration_ms: 15.362167
  ...
# Subtest: presentation history is exact after rollback, survives finality pruning and stays bounded
ok 132 - presentation history is exact after rollback, survives finality pruning and stays bounded
  ---
  duration_ms: 21.29025
  ...
# Subtest: a late action exposing a corrupt pending finality cannot mutate simulation or presentation history
ok 133 - a late action exposing a corrupt pending finality cannot mutate simulation or presentation history
  ---
  duration_ms: 7.636458
  ...
# Subtest: ordinary rounds advance on their deterministic deadline with neutral controls and persistent gesture identity
ok 134 - ordinary rounds advance on their deterministic deadline with neutral controls and persistent gesture identity
  ---
  duration_ms: 4.585666
  ...
# Subtest: late reordered actions across an automatic round boundary replay to the identical world
ok 135 - late reordered actions across an automatic round boundary replay to the identical world
  ---
  duration_ms: 13.756083
  ...
# Subtest: pending round settings survive validated bootstrap and apply without changing the active match format
ok 136 - pending round settings survive validated bootstrap and apply without changing the active match format
  ---
  duration_ms: 9.104333
  ...
# Subtest: automatic round progression waits when fewer than two participants remain connected
ok 137 - automatic round progression waits when fewer than two participants remain connected
  ---
  duration_ms: 1.899542
  ...
# Subtest: direct stepping without explicit match settings keeps shared defaults when applying pending round settings
ok 138 - direct stepping without explicit match settings keeps shared defaults when applying pending round settings
  ---
  duration_ms: 3.086417
  ...
# Subtest: compact control admits only complete bounded clock and finality schemas
ok 139 - compact control admits only complete bounded clock and finality schemas
  ---
  duration_ms: 1.62625
  ...
# Subtest: reliable pause uses the exact bounded fast pause schema
ok 140 - reliable pause uses the exact bounded fast pause schema
  ---
  duration_ms: 0.150708
  ...
# Subtest: each pair elects one initiator, with the follower initiating clock exchanges
ok 141 - each pair elects one initiator, with the follower initiating clock exchanges
  ---
  duration_ms: 0.461292
  ...
# Subtest: quiet healthy pairs exchange one request/reply per second and confirm both directions
ok 142 - quiet healthy pairs exchange one request/reply per second and confirm both directions
  ---
  duration_ms: 8.900792
  ...
# Subtest: lost replies and rejected enqueues retry with fresh IDs then return to the quiet cadence
ok 143 - lost replies and rejected enqueues retry with fresh IDs then return to the quiet cadence
  ---
  duration_ms: 1.428375
  ...
# Subtest: one-sided loss cannot keep the responder healthy with fresh requests alone
ok 144 - one-sided loss cannot keep the responder healthy with fresh requests alone
  ---
  duration_ms: 2.757916
  ...
# Subtest: replayed or reordered heartbeat IDs cannot reinstall data or refresh acknowledgement time
ok 145 - replayed or reordered heartbeat IDs cannot reinstall data or refresh acknowledgement time
  ---
  duration_ms: 0.38525
  ...
# Subtest: late or unsolicited replies cannot qualify a clock or link
ok 146 - late or unsolicited replies cannot qualify a clock or link
  ---
  duration_ms: 0.153
  ...
# Subtest: shape, nested alias/nonce, role and byte checks precede application acceptance
ok 147 - shape, nested alias/nonce, role and byte checks precede application acceptance
  ---
  duration_ms: 0.450291
  ...
# Subtest: a rejected application candidate consumes no incoming identity or health evidence
ok 148 - a rejected application candidate consumes no incoming identity or health evidence
  ---
  duration_ms: 0.1345
  ...
# Subtest: fast qualification is bounded, stop clears attempts, and sequence exhaustion never wraps
ok 149 - fast qualification is bounded, stop clears attempts, and sequence exhaustion never wraps
  ---
  duration_ms: 14.446041
  ...
# Subtest: maximum integer cuts, receipts and certificate fit the complete fast packet budget
ok 150 - maximum integer cuts, receipts and certificate fit the complete fast packet budget
  ---
  duration_ms: 0.55225
  ...
# Subtest: non-clock pairs accept delayed liveness evidence only within its 2.5 second window
ok 151 - non-clock pairs accept delayed liveness evidence only within its 2.5 second window
  ---
  duration_ms: 1.690042
  ...
# Subtest: stopping a scope inside application callbacks prevents sends and acknowledgement installation
ok 152 - stopping a scope inside application callbacks prevents sends and acknowledgement installation
  ---
  duration_ms: 8.676791
  ...
# Subtest: synchronous request and reply delivery preserves pending correlation and quiet cadence
ok 153 - synchronous request and reply delivery preserves pending correlation and quiet cadence
  ---
  duration_ms: 0.662584
  ...
# Subtest: a responder stopped while constructing or sending its reply cannot establish remote proof
ok 154 - a responder stopped while constructing or sending its reply cannot establish remote proof
  ---
  duration_ms: 0.20775
  ...
# Subtest: one-second exchanges carry real correlated clock samples without separate probes
ok 155 - one-second exchanges carry real correlated clock samples without separate probes
  ---
  duration_ms: 3.413666
  ...
# Subtest: immutable roster permissions authorize disjoint action and receipt slot flows
ok 156 - immutable roster permissions authorize disjoint action and receipt slot flows
  ---
  duration_ms: 0.621458
  ...
# Subtest: flow burst and refill are exact, and repeated binding never refills them
ok 157 - flow burst and refill are exact, and repeated binding never refills them
  ---
  duration_ms: 0.422084
  ...
# Subtest: five legitimate100Hz stream flows preserve their separate liveness allowance
ok 158 - five legitimate100Hz stream flows preserve their separate liveness allowance
  ---
  duration_ms: 2.982709
  ...
# Subtest: liveness has a reserved burst even when all five flow bursts are used
ok 159 - liveness has a reserved burst even when all five flow bursts are used
  ---
  duration_ms: 0.333292
  ...
# Subtest: packet limits apply before parsing and the association budget survives alias changes
ok 160 - packet limits apply before parsing and the association budget survives alias changes
  ---
  duration_ms: 0.424916
  ...
# Subtest: one aggregate consumes one reserved token after every nested slot is authorized
ok 161 - one aggregate consumes one reserved token after every nested slot is authorized
  ---
  duration_ms: 0.192625
  ...
# Subtest: seeded jitter reorders fast actions but keeps reliable messages ordered and copies queued binary data
ok 162 - seeded jitter reorders fast actions but keeps reliable messages ordered and copies queued binary data
  ---
  duration_ms: 2.054792
  ...
# Subtest: fast loss leaves reliable delivery intact and shared sender bandwidth delays both channels
ok 163 - fast loss leaves reliable delivery intact and shared sender bandwidth delays both channels
  ---
  duration_ms: 0.239959
  ...
# Subtest: fixture queues are bounded and report overflow and closed sends explicitly
ok 164 - fixture queues are bounded and report overflow and closed sends explicitly
  ---
  duration_ms: 6.264
  ...
# Subtest: per-channel buffered amount excludes propagation delay after shared serialization and resets on stop
ok 165 - per-channel buffered amount excludes propagation delay after shared serialization and resets on stop
  ---
  duration_ms: 0.425167
  ...
# Subtest: held controls emit only edges, with independent wire and UI sequence numbering
ok 166 - held controls emit only edges, with independent wire and UI sequence numbering
  ---
  duration_ms: 1.328667
  ...
# Subtest: a local change group is atomic until the caller installs the candidate
ok 167 - a local change group is atomic until the caller installs the candidate
  ---
  duration_ms: 1.14775
  ...
# Subtest: all subscriber candidates admit a full group before bytes, and failed enqueue retains it for repair
ok 168 - all subscriber candidates admit a full group before bytes, and failed enqueue retains it for repair
  ---
  duration_ms: 0.51125
  ...
# Subtest: press replacement, missing press, release and neutral cancellation preserve gesture semantics
ok 169 - press replacement, missing press, release and neutral cancellation preserve gesture semantics
  ---
  duration_ms: 0.114375
  ...
# Subtest: origin exact cuts cannot cover future actions or permit a later action before the cut
ok 170 - origin exact cuts cannot cover future actions or permit a later action before the cut
  ---
  duration_ms: 0.148958
  ...
# Subtest: invalid local frames and exhausted ticks consume neither revisions nor actions
ok 171 - invalid local frames and exhausted ticks consume neither revisions nor actions
  ---
  duration_ms: 0.198792
  ...
# Subtest: future start requires coordinator confirmation, and both clocks advance without gameplay packets
ok 172 - future start requires coordinator confirmation, and both clocks advance without gameplay packets
  ---
  duration_ms: 0.59175
  ...
# Subtest: lowest RTT filtering tolerates valid asymmetric delay without a false four-tick fault
ok 173 - lowest RTT filtering tolerates valid asymmetric delay without a false four-tick fault
  ---
  duration_ms: 0.111333
  ...
# Subtest: running clock slews in either direction at one tick per second and never moves backward
ok 174 - running clock slews in either direction at one tick per second and never moves backward
  ---
  duration_ms: 6.714083
  ...
# Subtest: scope fences, expired and reordered replies cannot move time or refresh readiness
ok 175 - scope fences, expired and reordered replies cannot move time or refresh readiness
  ---
  duration_ms: 0.404416
  ...
# Subtest: discrepancy and monotonic-clock faults stay latched, including on the coordinator
ok 176 - discrepancy and monotonic-clock faults stay latched, including on the coordinator
  ---
  duration_ms: 4.658958
  ...
# Subtest: stale baseline recovery remains conservative, and a failed release cannot revive after a fresh sample
ok 177 - stale baseline recovery remains conservative, and a failed release cannot revive after a fresh sample
  ---
  duration_ms: 2.278
  ...
# Subtest: origin bounds unpublished tick frontiers and publishing a cut restores capacity atomically
ok 178 - origin bounds unpublished tick frontiers and publishing a cut restores capacity atomically
  ---
  duration_ms: 1.005417
  ...
# Subtest: expiry cannot turn an uncertain idle clock into a qualified projection
ok 179 - expiry cannot turn an uncertain idle clock into a qualified projection
  ---
  duration_ms: 0.25075
  ...
# Subtest: uncertainty admission persists even when no read occurs before samples expire
ok 180 - uncertainty admission persists even when no read occurs before samples expire
  ---
  duration_ms: 0.35125
  ...
# Subtest: heartbeat nonces are unique, bounded and correlated with pending clock samples
ok 181 - heartbeat nonces are unique, bounded and correlated with pending clock samples
  ---
  duration_ms: 0.2665
  ...
# Subtest: quiet clock projection grows drift uncertainty and retains it after sample expiry
ok 182 - quiet clock projection grows drift uncertainty and retains it after sample expiry
  ---
  duration_ms: 0.205292
  ...
# Subtest: drift during an asymmetric clock exchange remains inside the reported interval
ok 183 - drift during an asymmetric clock exchange remains inside the reported interval
  ---
  duration_ms: 6.225292
  ...
# Subtest: a prepared clock reply cannot consume the live nonce until its whole aggregate is adopted
ok 184 - a prepared clock reply cannot consume the live nonce until its whole aggregate is adopted
  ---
  duration_ms: 0.461291
  ...
# Subtest: finalized-round cancellation preserves wire identities and does not consume the next UI revision
ok 185 - finalized-round cancellation preserves wire identities and does not consume the next UI revision
  ---
  duration_ms: 0.155916
  ...
# Subtest: round reset preserves the initial and exhausted UI revision values
ok 186 - round reset preserves the initial and exhausted UI revision values
  ---
  duration_ms: 0.093916
  ...
# Subtest: interpolation supplies only earlier discrete world geometry and the actual partial rider trail
ok 187 - interpolation supplies only earlier discrete world geometry and the actual partial rider trail
  ---
  duration_ms: 25.905625
  ...
# Subtest: phase, portal and death discontinuities never expose a future pose or invent a trail chord
ok 188 - phase, portal and death discontinuities never expose a future pose or invent a trail chord
  ---
  duration_ms: 0.964583
  ...
# Subtest: adaptive delay is bounded, grows on late executable input and cannot move playback backward
ok 189 - adaptive delay is bounded, grows on late executable input and cannot move playback backward
  ---
  duration_ms: 1.149
  ...
# Subtest: quiet traffic retains adverse evidence; only fresh action samples reduce delay, with bounded retention
ok 190 - quiet traffic retains adverse evidence; only fresh action samples reduce delay, with bounded retention
  ---
  duration_ms: 8.843666
  ...
# Subtest: replacement history corrects the same previously presented tick; a new segment starts clean
ok 191 - replacement history corrects the same previously presented tick; a new segment starts clean
  ---
  duration_ms: 0.888959
  ...
# Subtest: shell interpolation rejects multiple bounces even when the final velocity matches the initial velocity
ok 192 - shell interpolation rejects multiple bounces even when the final velocity matches the initial velocity
  ---
  duration_ms: 0.810125
  ...
# Subtest: initial room preparation accepts tick-stamped snapshots and rejects unknown snapshot fields
ok 193 - initial room preparation accepts tick-stamped snapshots and rejects unknown snapshot fields
  ---
  duration_ms: 61.027833
  ...
# Subtest: lifecycle changes reproduce validated management operations with neutral input state
ok 194 - lifecycle changes reproduce validated management operations with neutral input state
  ---
  duration_ms: 28.285917
  ...
# Subtest: lifecycle checkpoint validation fences the actual old state and leaves healthy state untouched
ok 195 - lifecycle checkpoint validation fences the actual old state and leaves healthy state untouched
  ---
  duration_ms: 12.521333
  ...
# Subtest: controller status contains no world geometry and cannot change stream ownership
ok 196 - controller status contains no world geometry and cannot change stream ownership
  ---
  duration_ms: 4.079083
  ...
# Subtest: room catalogs and delegation validate identities and mode-specific simulator ownership
ok 197 - room catalogs and delegation validate identities and mode-specific simulator ownership
  ---
  duration_ms: 11.379542
  ...
# Subtest: played lobby catalog reconstructs the exact nonzero-tick checkpoint and ordered historical scores
ok 198 - played lobby catalog reconstructs the exact nonzero-tick checkpoint and ordered historical scores
  ---
  duration_ms: 7.970791
  ...
# Subtest: full-view preparation rejects a valid checkpoint paired with a different phase, round or status
ok 199 - full-view preparation rejects a valid checkpoint paired with a different phase, round or status
  ---
  duration_ms: 20.861333
  ...
# Subtest: serialized reuse references and ACKs enforce closed tuples, bounds and non-tick operations
ok 200 - serialized reuse references and ACKs enforce closed tuples, bounds and non-tick operations
  ---
  duration_ms: 22.121958
  ...
# Subtest: local reuse and checkpoint derivation produce identical bytes and reject altered base or output proofs atomically
ok 201 - local reuse and checkpoint derivation produce identical bytes and reject altered base or output proofs atomically
  ---
  duration_ms: 111.523917
  ...
# Subtest: reuse eligibility retains the original authority and source/local connections across roster changes
ok 202 - reuse eligibility retains the original authority and source/local connections across roster changes
  ---
  duration_ms: 0.563708
  ...
# Subtest: a reference cannot bypass a newer finalized fence on fallback
ok 203 - a reference cannot bypass a newer finalized fence on fallback
  ---
  duration_ms: 9.702041
  ...
# Subtest: reference admission counts MessagePack containers and the largest complete recipient envelope
ok 204 - reference admission counts MessagePack containers and the largest complete recipient envelope
  ---
  duration_ms: 20.848333
  ...
# Subtest: pending powerup settings derive identically from the authenticated plan on reuse and checkpoint fallback
ok 205 - pending powerup settings derive identically from the authenticated plan on reuse and checkpoint fallback
  ---
  duration_ms: 11.320458
  ...
# Subtest: runtime activates direct simulators, starts a match and sends actions directly between guests
ok 206 - runtime activates direct simulators, starts a match and sends actions directly between guests
  ---
  duration_ms: 599.63025
  ...
# Subtest: a failed first recovery enqueue is retried and replaces the paused segment
ok 207 - a failed first recovery enqueue is retried and replaces the paused segment
  ---
  duration_ms: 164.829709
  ...
# Subtest: an unavailable recovery coordinator produces a bounded visible fresh-lobby state
ok 208 - an unavailable recovery coordinator produces a bounded visible fresh-lobby state
  ---
  duration_ms: 254.885292
  ...
# Subtest: a release without a usable tick freezes its gesture before a fresh clock can resume input
ok 209 - a release without a usable tick freezes its gesture before a fresh clock can resume input
  ---
  duration_ms: 613.250959
  ...
# Subtest: a refreshed delegated TV without a simulation base pauses instead of creating a new match
ok 210 - a refreshed delegated TV without a simulation base pauses instead of creating a new match
  ---
  duration_ms: 63.456667
  ...
# Subtest: creator refresh in a settled lobby preserves the checkpoint and can switch to shared TV mode
ok 211 - creator refresh in a settled lobby preserves the checkpoint and can switch to shared TV mode
  ---
  duration_ms: 302.43575
  ...
# Subtest: a refreshed guest can rejoin with a fresh command sequence on its replacement connection
ok 212 - a refreshed guest can rejoin with a fresh command sequence on its replacement connection
  ---
  duration_ms: 82.833625
  ...
# Subtest: four healthy connection rebuilds do not consume the corrupt-state recovery budget
ok 213 - four healthy connection rebuilds do not consume the corrupt-state recovery budget
  ---
  duration_ms: 249.383583
  ...
# Subtest: a running recovery episode cannot reset its deadline through clock readiness without finality
ok 214 - a running recovery episode cannot reset its deadline through clock readiness without finality
  ---
  duration_ms: 535.324708
  ...
# Subtest: a delegated coordinator stops retrying an unavailable creator after the plan-request deadline
ok 215 - a delegated coordinator stops retrying an unavailable creator after the plan-request deadline
  ---
  duration_ms: 74.466542
  ...
# Subtest: a delayed current-alias activation cannot resume a latched recovery timeout
ok 216 - a delayed current-alias activation cannot resume a latched recovery timeout
  ---
  duration_ms: 382.468917
  ...
# Subtest: a guest returns after a service-observed departure and lobby seat removal
ok 217 - a guest returns after a service-observed departure and lobby seat removal
  ---
  duration_ms: 85.26125
  ...
# Subtest: invalid future actions do not consume the checkpoint and hash recovery budget
ok 218 - invalid future actions do not consume the checkpoint and hash recovery budget
  ---
  duration_ms: 157.267708
  ...
# Subtest: conflicting metadata for an installed preparation charges one corrupt recovery attempt
ok 219 - conflicting metadata for an installed preparation charges one corrupt recovery attempt
  ---
  duration_ms: 72.290375
  ...
# Subtest: checkpoint backpressure pauses preparation and resumes the same transfer after drain
ok 220 - checkpoint backpressure pauses preparation and resumes the same transfer after drain
  ---
  duration_ms: 69.478125
  ...
# Subtest: header and header-ACK enqueue failures retry delivery without substituting for readiness
ok 221 - header and header-ACK enqueue failures retry delivery without substituting for readiness
  ---
  duration_ms: 80.911292
  ...
# Subtest: header retries distinguish failed enqueue from a queued header awaiting acknowledgement
ok 222 - header retries distinguish failed enqueue from a queued header awaiting acknowledgement
  ---
  duration_ms: 79.883084
  ...
# Subtest: stale or malformed header acknowledgements cannot stop preparation delivery
ok 223 - stale or malformed header acknowledgements cannot stop preparation delivery
  ---
  duration_ms: 52.56025
  ...
# Subtest: checkpoint chunks alternate eligible recipients with one successful enqueue per scheduler tick
ok 224 - checkpoint chunks alternate eligible recipients with one successful enqueue per scheduler tick
  ---
  duration_ms: 53.366959
  ...
# Subtest: synchronous authority replacement during a chunk send retires the old transfer immediately
ok 225 - synchronous authority replacement during a chunk send retires the old transfer immediately
  ---
  duration_ms: 38.698792
  ...
# Subtest: synchronous end during a header send stops other recipient sends in the same tick
ok 226 - synchronous end during a header send stops other recipient sends in the same tick
  ---
  duration_ms: 39.897667
  ...
# Subtest: persistent checkpoint backpressure cannot extend the recovery deadline indefinitely
ok 227 - persistent checkpoint backpressure cannot extend the recovery deadline indefinitely
  ---
  duration_ms: 278.468958
  ...
# Subtest: new creator plans cannot postpone an unfinished guest recovery episode indefinitely
ok 228 - new creator plans cannot postpone an unfinished guest recovery episode indefinitely
  ---
  duration_ms: 266.62875
  ...
# Subtest: an accepted plan without a preparation header times out visibly
ok 229 - an accepted plan without a preparation header times out visibly
  ---
  duration_ms: 265.524042
  ...
# Subtest: new plans without any headers cannot restart the guest availability deadline
ok 230 - new plans without any headers cannot restart the guest availability deadline
  ---
  duration_ms: 259.182166
  ...
# Subtest: settled room metadata stops repeating until a lifecycle change
ok 231 - settled room metadata stops repeating until a lifecycle change
  ---
  duration_ms: 93.443792
  ...
# Subtest: a rejected plan enqueue and missing acknowledgement retry without reinstalling the plan
ok 232 - a rejected plan enqueue and missing acknowledgement retry without reinstalling the plan
  ---
  duration_ms: 78.876667
  ...
# Subtest: stale and foreign acknowledgements cannot stop paced plan delivery, even with duplicate hellos
ok 233 - stale and foreign acknowledgements cannot stop paced plan delivery, even with duplicate hellos
  ---
  duration_ms: 61.747916
  ...
# Subtest: only an identical current plan duplicate receives another delivery acknowledgement
ok 234 - only an identical current plan duplicate receives another delivery acknowledgement
  ---
  duration_ms: 62.891792
  ...
# Subtest: delegated setup request retries do not resend an already acknowledged room plan
ok 235 - delegated setup request retries do not resend an already acknowledged room plan
  ---
  duration_ms: 39.6875
  ...
# Subtest: an intentionally idle shared lobby does not keep a previous simulation recovery deadline running
ok 236 - an intentionally idle shared lobby does not keep a previous simulation recovery deadline running
  ---
  duration_ms: 285.273875
  ...
# Subtest: freezing a runtime deactivates its installed alias before another preparation
ok 237 - freezing a runtime deactivates its installed alias before another preparation
  ---
  duration_ms: 64.759834
  ...
# Subtest: exact lifecycle bases activate without checkpoint chunks even when the bulk lane is blocked
ok 238 - exact lifecycle bases activate without checkpoint chunks even when the bulk lane is blocked
  ---
  duration_ms: 118.789208
  ...
# Subtest: only a peer without an eligible base downloads the lifecycle payload
ok 239 - only a peer without an eligible base downloads the lifecycle payload
  ---
  duration_ms: 115.962625
  ...
# Subtest: a conflicting payload ACK fails the current preparation without accepting a new transfer mode
ok 240 - a conflicting payload ACK fails the current preparation without accepting a new transfer mode
  ---
  duration_ms: 46.8705
  ...
# Subtest: delayed remote rendering preserves immediate local steering without advancing simulation or sending packets
ok 241 - delayed remote rendering preserves immediate local steering without advancing simulation or sending packets
  ---
  duration_ms: 124.319
  ...
# Subtest: an unqualified clock freezes the complete last rendered scene including the local overlay
ok 242 - an unqualified clock freezes the complete last rendered scene including the local overlay
  ---
  duration_ms: 156.85575
  ...
# Subtest: discarding the simulator retires cached rendering and idle catalogs stay current before TV activation
ok 243 - discarding the simulator retires cached rendering and idle catalogs stay current before TV activation
  ---
  duration_ms: 235.980708
  ...
# Subtest: individual views and shared-TV controllers play consecutive rounds in one segment without checkpoint traffic
ok 244 - individual views and shared-TV controllers play consecutive rounds in one segment without checkpoint traffic
  ---
  duration_ms: 1830.788
  ...
# Subtest: shared-controller statuses retain departed human and exact bot identities across rounds
ok 245 - shared-controller statuses retain departed human and exact bot identities across rounds
  ---
  duration_ms: 467.818291
  ...
# Subtest: only the installed coordinator pause freezes play while a delayed replacement plan arrives
ok 246 - only the installed coordinator pause freezes play while a delayed replacement plan arrives
  ---
  duration_ms: 163.974625
  ...
# Subtest: duplicate coordinator pauses cannot postpone the missing-plan recovery deadline
ok 247 - duplicate coordinator pauses cannot postpone the missing-plan recovery deadline
  ---
  duration_ms: 169.164208
  ...
# Subtest: a paused controller keeps its published scene despite queued old-segment status
ok 248 - a paused controller keeps its published scene despite queued old-segment status
  ---
  duration_ms: 78.093917
  ...
# Subtest: transient pulse activation failure on p0 retains the frozen world and retries the same prepared match
ok 249 - transient pulse activation failure on p0 retains the frozen world and retries the same prepared match
  ---
  duration_ms: 123.432792
  ...
# Subtest: transient pulse activation failure on p1 retains the frozen world and retries the same prepared match
ok 250 - transient pulse activation failure on p1 retains the frozen world and retries the same prepared match
  ---
  duration_ms: 127.205458
  ...
# Subtest: permanently unavailable pulse activation retains the bounded setup and recovery deadlines
ok 251 - permanently unavailable pulse activation retains the bounded setup and recovery deadlines
  ---
  duration_ms: 164.204542
  ...
# Subtest: authority replacement during pulse activation cannot publish or acknowledge the retired preparation
ok 252 - authority replacement during pulse activation cannot publish or acknowledge the retired preparation
  ---
  duration_ms: 39.878959
  ...
# Subtest: an activation callback cannot install a prepared world after setup expiry before the scheduler runs
ok 253 - an activation callback cannot install a prepared world after setup expiry before the scheduler runs
  ---
  duration_ms: 43.667833
  ...
# Subtest: six live segments independently advance and finalize continuous inputs under loss and reordering
ok 254 - six live segments independently advance and finalize continuous inputs under loss and reordering
  ---
  duration_ms: 3319.807375
  ...
# Subtest: shared TV is the only simulator while five controller origins send directly to it
ok 255 - shared TV is the only simulator while five controller origins send directly to it
  ---
  duration_ms: 69.043666
  ...
# Subtest: coordinator traffic is unnecessary for immediate peer actions, then clock/finality loss pauses safely
ok 256 - coordinator traffic is unnecessary for immediate peer actions, then clock/finality loss pauses safely
  ---
  duration_ms: 270.158917
  ...
# Subtest: provisional eliminations cannot publish death or placements before verified finality
ok 257 - provisional eliminations cannot publish death or placements before verified finality
  ---
  duration_ms: 3.189958
  ...
# Subtest: controller finality is coordinator-scoped and conflicting progress cannot overwrite the accepted fence
ok 258 - controller finality is coordinator-scoped and conflicting progress cannot overwrite the accepted fence
  ---
  duration_ms: 8.314583
  ...
# Subtest: asymmetric clock samples and opposite follower errors retain valid future actions without executing early
ok 259 - asymmetric clock samples and opposite follower errors retain valid future actions without executing early
  ---
  duration_ms: 561.075416
  ...
# Subtest: initial progress grace is bounded and replayed base cuts cannot postpone it
ok 260 - initial progress grace is bounded and replayed base cuts cannot postpone it
  ---
  duration_ms: 156.57925
  ...
# Subtest: replayed progress cannot prevent bounded synchronization when an origin falls silent
ok 261 - replayed progress cannot prevent bounded synchronization when an origin falls silent
  ---
  duration_ms: 263.729875
  ...
# Subtest: uncertain clocks stop input, cuts and world advancement, and a failed release never revives
ok 262 - uncertain clocks stop input, cuts and world advancement, and a failed release never revives
  ---
  duration_ms: 4.0935
  ...
# Subtest: quiet gameplay has one heartbeat exchange per pair per second and no idle action or clock loop
ok 263 - quiet gameplay has one heartbeat exchange per pair per second and no idle action or clock loop
  ---
  duration_ms: 4855.783125
  ...
# {"durationMs":10000,"counts":{"pulse":300,"final":50},"applicationUploadBytesPerSecond":[{"peer":"p0","bytes":611},{"peer":"p1","bytes":101},{"peer":"p2","bytes":101},{"peer":"p3","bytes":101},{"peer":"p4","bytes":101},{"peer":"tv","bytes":79}]}
# Subtest: a heartbeat with an unauthorized nested receipt cannot install its otherwise valid cut
ok 264 - a heartbeat with an unauthorized nested receipt cannot install its otherwise valid cut
  ---
  duration_ms: 23.628125
  ...
# Subtest: newer or duplicate confirmation requests cannot postpone failed delivery expiry
ok 265 - newer or duplicate confirmation requests cannot postpone failed delivery expiry
  ---
  duration_ms: 0.529042
  ...
# Subtest: a reordered old piggyback receipt does not discard a fresh clock sample
ok 266 - a reordered old piggyback receipt does not discard a fresh clock sample
  ---
  duration_ms: 0.317916
  ...
# Subtest: countdown transition is publicly confirmed promptly between periodic certificate ticks
ok 267 - countdown transition is publicly confirmed promptly between periodic certificate ticks
  ---
  duration_ms: 32.197334
  ...
# Subtest: an enqueued but lost certificate pulse cannot cancel reliable finality retry
ok 268 - an enqueued but lost certificate pulse cannot cancel reliable finality retry
  ---
  duration_ms: 11.606
  ...
# Subtest: presentation samples newly executable remote actions once, including a repaired sequence gap
ok 269 - presentation samples newly executable remote actions once, including a repaired sequence gap
  ---
  duration_ms: 23.626584
  ...
# Subtest: speculative next-round spawning cannot replace the finalized presentation scene
ok 270 - speculative next-round spawning cannot replace the finalized presentation scene
  ---
  duration_ms: 3.243709
  ...
# Subtest: a participant behind coordinator finality can request fresh completeness from already-finalized origins
ok 271 - a participant behind coordinator finality can request fresh completeness from already-finalized origins
  ---
  duration_ms: 218.699708
  ...
# Subtest: losing one quiet heartbeat path does not strand a view behind finality while direct progress repair remains available
ok 272 - losing one quiet heartbeat path does not strand a view behind finality while direct progress repair remains available
  ---
  duration_ms: 1991.349209
  ...
# Subtest: simultaneous behind-peer requests share one origin-confirmation fanout and reject wrong scopes
ok 273 - simultaneous behind-peer requests share one origin-confirmation fanout and reject wrong scopes
  ---
  duration_ms: 174.571583
  ...
# Subtest: fresh finality retains urgent delivery while duplicate repairs and failed enqueues wait 250 ms
ok 274 - fresh finality retains urgent delivery while duplicate repairs and failed enqueues wait 250 ms
  ---
  duration_ms: 4.325625
  ...
# Subtest: integrated sway remains within 15 degrees and leaves zero heading drift for many seeded effects
ok 275 - integrated sway remains within 15 degrees and leaves zero heading drift for many seeded effects
  ---
  duration_ms: 18.5565
  ...
# Subtest: two-second cycle preserves phase during refresh and smooth onset/expiry
ok 276 - two-second cycle preserves phase during refresh and smooth onset/expiry
  ---
  duration_ms: 0.153792
  ...
# Subtest: engine adds bounded sway to ordinary steering and restores intended heading at expiry
ok 277 - engine adds bounded sway to ordinary steering and restores intended heading at expiry
  ---
  duration_ms: 27.921084
  ...
# Subtest: late refresh stays bounded and leaves no residual at the extended deadline
ok 278 - late refresh stays bounded and leaves no residual at the extended deadline
  ---
  duration_ms: 0.151833
  ...
# Subtest: durationText rounds whole seconds before splitting minutes so 59.95s never renders as "60s"
ok 279 - durationText rounds whole seconds before splitting minutes so 59.95s never renders as "60s"
  ---
  duration_ms: 0.444
  ...
# Subtest: spawns two through five players evenly on a circle with clockwise tangent headings
ok 280 - spawns two through five players evenly on a circle with clockwise tangent headings
  ---
  duration_ms: 4.246291
  ...
# Subtest: replaying the same accepted inputs produces the same snapshots and events
ok 281 - replaying the same accepted inputs produces the same snapshots and events
  ---
  duration_ms: 102.812583
  ...
# Subtest: trail segments remain active through T+159 and expire exactly at T+160
ok 282 - trail segments remain active through T+159 and expire exactly at T+160
  ---
  duration_ms: 0.504916
  ...
# Subtest: a due blast removes an intersecting segment before trail collision
ok 283 - a due blast removes an intersecting segment before trail collision
  ---
  duration_ms: 0.545917
  ...
# Subtest: swept movement collides with an old trail even when the endpoint has crossed it
ok 284 - swept movement collides with an old trail even when the endpoint has crossed it
  ---
  duration_ms: 0.413416
  ...
# Subtest: recent self trail is ignored but becomes lethal at the exact grace boundary
ok 285 - recent self trail is ignored but becomes lethal at the exact grace boundary
  ---
  duration_ms: 0.752541
  ...
# Subtest: head-on swept rider collision eliminates both and produces a draw
ok 286 - head-on swept rider collision eliminates both and produces a draw
  ---
  duration_ms: 0.45075
  ...
# Subtest: bomb input charges, launches on release, caps one live bomb, chains once, and observes cooldown
ok 287 - bomb input charges, launches on release, caps one live bomb, chains once, and observes cooldown
  ---
  duration_ms: 0.87925
  ...
# Subtest: quick bomb action bursts launch at minimum range and cancel paths never launch
ok 288 - quick bomb action bursts launch at minimum range and cancel paths never launch
  ---
  duration_ms: 0.588666
  ...
# Subtest: charged launches cap and clamp to the active safe interior
ok 289 - charged launches cap and clamp to the active safe interior
  ---
  duration_ms: 0.369042
  ...
# Subtest: a flying bomb cannot explode or chain-trigger before landing
ok 290 - a flying bomb cannot explode or chain-trigger before landing
  ---
  duration_ms: 0.382625
  ...
# Subtest: Triple Shot releases one deterministic straight three-bomb volley
ok 291 - Triple Shot releases one deterministic straight three-bomb volley
  ---
  duration_ms: 0.649625
  ...
# Subtest: invalid release and cancellation preserve launch modifiers
ok 292 - invalid release and cancellation preserve launch modifiers
  ---
  duration_ms: 0.361792
  ...
# Subtest: round wins score once, first to three ends the match, and rematch resets wins and scope
ok 293 - round wins score once, first to three ends the match, and rematch resets wins and scope
  ---
  duration_ms: 1.91675
  ...
# Subtest: overtime inset updates before collision and a 90-second unresolved round draws
ok 294 - overtime inset updates before collision and a 90-second unresolved round draws
  ---
  duration_ms: 0.715375
  ...
# Subtest: lifecycle commands enforce phase, capacity, identity, and connected-player guards
ok 295 - lifecycle commands enforce phase, capacity, identity, and connected-player guards
  ---
  duration_ms: 0.427542
  ...
# Subtest: wall and explosion causes are authoritative, clipped, and blast visuals expire exactly
ok 296 - wall and explosion causes are authoritative, clipped, and blast visuals expire exactly
  ---
  duration_ms: 0.752041
  ...
# Subtest: a finished match can replace every seat and start a clean rematch without restarting the server
ok 297 - a finished match can replace every seat and start a clean rematch without restarting the server
  ---
  duration_ms: 0.376083
  ...
# Subtest: the larger arena and seeded pickup schedule replay deterministically
ok 298 - the larger arena and seeded pickup schedule replay deterministically
  ---
  duration_ms: 0.625917
  ...
# Subtest: blast pickups cap at level two and affect bombs placed on the collection tick
ok 299 - blast pickups cap at level two and affect bombs placed on the collection tick
  ---
  duration_ms: 4.039167
  ...
# Subtest: a star collected on the swept path rescues and reflects a wall hit, then expires sharply
ok 300 - a star collected on the swept path rescues and reflects a wall hit, then expires sharply
  ---
  duration_ms: 0.5045
  ...
# Subtest: star head contact kills only a normal rider while two stars pass through
ok 301 - star head contact kills only a normal rider while two stars pass through
  ---
  duration_ms: 0.654958
  ...
# Subtest: pickup expiry, active cap, and impossible safe interior stay bounded
ok 302 - pickup expiry, active cap, and impossible safe interior stay bounded
  ---
  duration_ms: 0.416375
  ...
# Subtest: beer pickup debuffs every other living rider, refreshes, and keeps the collector unchanged
ok 303 - beer pickup debuffs every other living rider, refreshes, and keeps the collector unchanged
  ---
  duration_ms: 0.574334
  ...
# Subtest: drunk wobble expires at the strict tick boundary and resets between rounds
ok 304 - drunk wobble expires at the strict tick boundary and resets between rounds
  ---
  duration_ms: 0.389542
  ...
# Subtest: modifier pickups arm one use, refresh without stacking, and reset between rounds
ok 305 - modifier pickups arm one use, refresh without stacking, and reset between rounds
  ---
  duration_ms: 0.420917
  ...
# Subtest: orbit shields absorb a whole clustered hazard tick and grace protects until strict expiry
ok 306 - orbit shields absorb a whole clustered hazard tick and grace protects until strict expiry
  ---
  duration_ms: 16.817542
  ...
# Subtest: two shields both break on contact while Star preserves its stored shield
ok 307 - two shields both break on contact while Star preserves its stored shield
  ---
  duration_ms: 0.667167
  ...
# Subtest: shield break reflects an outward wall sweep and records the bounce
ok 308 - shield break reflects an outward wall sweep and records the bounce
  ---
  duration_ms: 0.348708
  ...
# Subtest: countdown leave is stamped, scored once, and a later join receives no prior-round award
ok 309 - countdown leave is stamped, scored once, and a later join receives no prior-round award
  ---
  duration_ms: 0.409916
  ...
# Subtest: overlapping blast owners receive no speculative elimination credit
ok 310 - overlapping blast owners receive no speculative elimination credit
  ---
  duration_ms: 0.483625
  ...
# Subtest: match-over recap is frozen and deeply detached from engine state
ok 311 - match-over recap is frozen and deeply detached from engine state
  ---
  duration_ms: 0.422416
  ...
# Subtest: Five Shot survives Triple collection and cancellation, then launches five with one cooldown
ok 312 - Five Shot survives Triple collection and cancellation, then launches five with one cooldown
  ---
  duration_ms: 0.613333
  ...
# Subtest: radial blast hits diagonal riders, clears diagonal trails and chains diagonal bombs
ok 313 - radial blast hits diagonal riders, clears diagonal trails and chains diagonal bombs
  ---
  duration_ms: 0.53475
  ...
# Subtest: bomb landing hits a rider before detonation, respecting star and shield
ok 314 - bomb landing hits a rider before detonation, respecting star and shield
  ---
  duration_ms: 1.61525
  ...
# Subtest: a bomb landing inside an active blast chains immediately
ok 315 - a bomb landing inside an active blast chains immediately
  ---
  duration_ms: 0.4925
  ...
# Subtest: blast preview is harmless before the fuse, both in flight and after landing
ok 316 - blast preview is harmless before the fuse, both in flight and after landing
  ---
  duration_ms: 1.90475
  ...
# Subtest: bomb skips riders along flight and only snipes at its landing position
ok 317 - bomb skips riders along flight and only snipes at its landing position
  ---
  duration_ms: 4.5745
  ...
# Subtest: landing step never uses blast radius for contact damage
ok 318 - landing step never uses blast radius for contact damage
  ---
  duration_ms: 1.614916
  ...
# Subtest: shell persists beyond five seconds and permits another shot after cooldown
ok 319 - shell persists beyond five seconds and permits another shot after cooldown
  ---
  duration_ms: 1.122166
  ...
# Subtest: shell body hits once, shield absorbs it, and no blast radius is produced
ok 320 - shell body hits once, shield absorbs it, and no blast radius is produced
  ---
  duration_ms: 0.850792
  ...
# Subtest: Gun pickup fires one bullet at twice rider speed and cuts a traversable trail gap
ok 321 - Gun pickup fires one bullet at twice rider speed and cuts a traversable trail gap
  ---
  duration_ms: 0.892833
  ...
# Subtest: gun head and wall impacts explode
ok 322 - gun head and wall impacts explode
  ---
  duration_ms: 0.910959
  ...
# Subtest: stopwatch caps at two levels, changes only future own bombs and resets next round
ok 323 - stopwatch caps at two levels, changes only future own bombs and resets next round
  ---
  duration_ms: 0.72225
  ...
# Subtest: first stopwatch level produces a one-and-a-half second fuse
ok 324 - first stopwatch level produces a one-and-a-half second fuse
  ---
  duration_ms: 0.451666
  ...
# Subtest: live shell bounces off a rider trail without damage or resetting its lifetime
ok 325 - live shell bounces off a rider trail without damage or resetting its lifetime
  ---
  duration_ms: 5.832458
  ...
# Subtest: gun explodes against the trail directly behind a rider and kills the rider
ok 326 - gun explodes against the trail directly behind a rider and kills the rider
  ---
  duration_ms: 0.664667
  ...
# Subtest: a blast clears trails whether it came from a landed bomb or a gun projectile hitting a rider
ok 327 - a blast clears trails whether it came from a landed bomb or a gun projectile hitting a rider
  ---
  duration_ms: 16.541417
  ...
# Subtest: a fixed-rounds match ends on the standings leader even when another rider wins the final round
ok 328 - a fixed-rounds match ends on the standings leader even when another rider wins the final round
  ---
  duration_ms: 1.350334
  ...
# Subtest: a drawn final round still awards the fixed-rounds match to the standings leader
ok 329 - a drawn final round still awards the fixed-rounds match to the standings leader
  ---
  duration_ms: 0.700042
  ...
# Subtest: a fixed-rounds leader who also wins the final round is credited exactly once
ok 330 - a fixed-rounds leader who also wins the final round is credited exactly once
  ---
  duration_ms: 0.636042
  ...
# Subtest: a fixed-rounds match tied at the final round ends without a match winner
ok 331 - a fixed-rounds match tied at the final round ends without a match winner
  ---
  duration_ms: 0.659708
  ...
# Subtest: gun speed is twice rider speed with a bounded nearby steering correction
ok 332 - gun speed is twice rider speed with a bounded nearby steering correction
  ---
  duration_ms: 1.207208
  ...
# Subtest: gun holes split trails precisely, keeping expiry metadata and distant trails
ok 333 - gun holes split trails precisely, keeping expiry metadata and distant trails
  ---
  duration_ms: 0.153833
  ...
# Subtest: defaults carry two STUN providers and no TURN
ok 334 - defaults carry two STUN providers and no TURN
  ---
  duration_ms: 1.998041
  ...
# Subtest: service ICE lists are validated at the client boundary and fall back to defaults
ok 335 - service ICE lists are validated at the client boundary and fall back to defaults
  ---
  duration_ms: 0.279791
  ...
# Subtest: peer connections wait for the ICE fetch instead of negotiating with the initial list (issue \#27)
ok 336 - peer connections wait for the ICE fetch instead of negotiating with the initial list (issue \#27)
  ---
  duration_ms: 0.298917
  ...
# Subtest: a failed ICE fetch yields the STUN defaults, never an empty list
ok 337 - a failed ICE fetch yields the STUN defaults, never an empty list
  ---
  duration_ms: 0.201833
  ...
# Subtest: a hung ICE fetch falls back to the STUN defaults when the abort bound fires, even if the fetch ignores the signal
ok 338 - a hung ICE fetch falls back to the STUN defaults when the abort bound fires, even if the fetch ignores the signal
  ---
  duration_ms: 0.1745
  ...
# Subtest: candidate types are read from the candidate line without keeping addresses
ok 339 - candidate types are read from the candidate line without keeping addresses
  ---
  duration_ms: 1.0475
  ...
# Subtest: ufrag and fingerprint readers tolerate missing lines
ok 340 - ufrag and fingerprint readers tolerate missing lines
  ---
  duration_ms: 1.116917
  ...
# Subtest: restart offers keep the DTLS certificate; a recreated connection does not
ok 341 - restart offers keep the DTLS certificate; a recreated connection does not
  ---
  duration_ms: 0.24025
  ...
# Subtest: candidates are scoped to the ICE generation named by their ufrag
ok 342 - candidates are scoped to the ICE generation named by their ufrag
  ---
  duration_ms: 0.359375
  ...
# Subtest: Ink affects only other living riders, refreshes three seconds and snapshots without changing steering
ok 343 - Ink affects only other living riders, refreshes three seconds and snapshots without changing steering
  ---
  duration_ms: 53.465458
  ...
# Subtest: Ink clears at the next round
ok 344 - Ink clears at the next round
  ---
  duration_ms: 1.050542
  ...
# Subtest: join survives authority setup and failed delivery until roster confirmation
ok 345 - join survives authority setup and failed delivery until roster confirmation
  ---
  duration_ms: 0.773791
  ...
# Subtest: lost baseline retries identical full envelope on bounded clock, not dependent deltas
ok 346 - lost baseline retries identical full envelope on bounded clock, not dependent deltas
  ---
  duration_ms: 1.375334
  ...
# Subtest: lost ACK can acknowledge exact previously accepted duplicate without applying it twice
ok 347 - lost ACK can acknowledge exact previously accepted duplicate without applying it twice
  ---
  duration_ms: 0.528541
  ...
# Subtest: old generation stream sequence match and round ACKs cannot retire current baseline
ok 348 - old generation stream sequence match and round ACKs cannot retire current baseline
  ---
  duration_ms: 0.134333
  ...
# Subtest: five-second expiry bounds retained baseline and repeated poll/resync cannot flood retries
ok 349 - five-second expiry bounds retained baseline and repeated poll/resync cannot flood retries
  ---
  duration_ms: 0.30025
  ...
# Subtest: baseline is accepted before any dependent delta; ACK loss does not corrupt next decode
ok 350 - baseline is accepted before any dependent delta; ACK loss does not corrupt next decode
  ---
  duration_ms: 0.231125
  ...
# Subtest: creates a deterministic straight triple fan with seven points per bomb
ok 351 - creates a deterministic straight triple fan with seven points per bomb
  ---
  duration_ms: 1.21275
  ...
# Subtest: all fan paths clamp to safe bounds
ok 352 - all fan paths clamp to safe bounds
  ---
  duration_ms: 0.81425
  ...
# Subtest: rejects invalid geometry
ok 353 - rejects invalid geometry
  ---
  duration_ms: 0.406667
  ...
# Subtest: awards five-player placement points
ok 354 - awards five-player placement points
  ---
  duration_ms: 0.91225
  ...
# Subtest: two participants use winner five and runner-up three
ok 355 - two participants use winner five and runner-up three
  ---
  duration_ms: 0.086708
  ...
# Subtest: averages simultaneous elimination places exactly
ok 356 - averages simultaneous elimination places exactly
  ---
  duration_ms: 0.118958
  ...
# Subtest: does not mutate participants and rejects invalid groups
ok 357 - does not mutate participants and rejects invalid groups
  ---
  duration_ms: 0.188833
  ...
# Subtest: survivors share the top occupied ranks at timeout and points remain conserved
ok 358 - survivors share the top occupied ranks at timeout and points remain conserved
  ---
  duration_ms: 0.091667
  ...
# Subtest: score application validates the complete result before mutating totals
ok 359 - score application validates the complete result before mutating totals
  ---
  duration_ms: 0.154541
  ...
# Subtest: accumulates repeated matches and preserves departures
ok 360 - accumulates repeated matches and preserves departures
  ---
  duration_ms: 0.174709
  ...
# Subtest: returns copies in score order with deterministic tie break
ok 361 - returns copies in score order with deterministic tie break
  ---
  duration_ms: 7.883791
  ...
# Subtest: legendSrc routes pickup legend icons through assetUrl so they work under a Pages base path
ok 362 - legendSrc routes pickup legend icons through assetUrl so they work under a Pages base path
  ---
  duration_ms: 1.545458
  ...
# Subtest: queued retired-channel pongs cannot certify a new RTC link whose probe IDs restarted
ok 363 - queued retired-channel pongs cannot certify a new RTC link whose probe IDs restarted
  ---
  duration_ms: 0.588291
  ...
# Subtest: a replaced channel on the same live link cannot update state or expose stale errors
ok 364 - a replaced channel on the same live link cannot update state or expose stale errors
  ---
  duration_ms: 0.068458
  ...
# Subtest: retired peer callbacks cannot replace the current data channel even with identical service identity
ok 365 - retired peer callbacks cannot replace the current data channel even with identical service identity
  ---
  duration_ms: 0.063334
  ...
# Subtest: pulse proof is scoped to the captured active binding and two live undrained channels
ok 366 - pulse proof is scoped to the captured active binding and two live undrained channels
  ---
  duration_ms: 0.113709
  ...
# Subtest: the reason names the first missing step in the direct-link pipeline
ok 367 - the reason names the first missing step in the direct-link pipeline
  ---
  duration_ms: 0.6975
  ...
# Subtest: the panel text is redacted and complete
ok 368 - the panel text is redacted and complete
  ---
  duration_ms: 0.314875
  ...
# Subtest: restarts are due every interval and stop after the bounded budget
ok 369 - restarts are due every interval and stop after the bounded budget
  ---
  duration_ms: 0.505
  ...
# Subtest: fresh health restores the budget and retires the attempt in flight
ok 370 - fresh health restores the budget and retires the attempt in flight
  ---
  duration_ms: 0.080166
  ...
# Subtest: idle health checks every 200 ms do not retire anything
ok 371 - idle health checks every 200 ms do not retire anything
  ---
  duration_ms: 0.058209
  ...
# Subtest: only the newest attempt can complete
ok 372 - only the newest attempt can complete
  ---
  duration_ms: 0.049792
  ...
# Subtest: aggregate transfer budget counts other peers, both lanes and the encoded envelope while reserving control headroom
ok 373 - aggregate transfer budget counts other peers, both lanes and the encoded envelope while reserving control headroom
  ---
  duration_ms: 0.502667
  ...
# Subtest: deferred fast health replies recheck visibility and both lanes without depending on reliable backlog
ok 374 - deferred fast health replies recheck visibility and both lanes without depending on reliable backlog
  ---
  duration_ms: 0.143541
  ...
# Subtest: healthy open channel under the buffer limit is permitted for gameplay and probes
ok 375 - healthy open channel under the buffer limit is permitted for gameplay and probes
  ---
  duration_ms: 0.06725
  ...
# Subtest: a closing signal recorded before the DOM readyState changes blocks gameplay and probe sends
ok 376 - a closing signal recorded before the DOM readyState changes blocks gameplay and probe sends
  ---
  duration_ms: 0.051792
  ...
# Subtest: bulk transfer idle permission requires an open, fully drained, undrained action channel
ok 377 - bulk transfer idle permission requires an open, fully drained, undrained action channel
  ---
  duration_ms: 0.080291
  ...
# Subtest: solo starts one human and four AI without browser services, ready only on start
ok 378 - solo starts one human and four AI without browser services, ready only on start
  ---
  duration_ms: 8.709292
  ...
# Subtest: fixed ticks publish the ordinary game and matching zero-RTT motion clock
ok 379 - fixed ticks publish the ordinary game and matching zero-RTT motion clock
  ---
  duration_ms: 71.442625
  ...
# Subtest: visibility suspension clears held controls and old scope, with no hidden catch-up
ok 380 - visibility suspension clears held controls and old scope, with no hidden catch-up
  ---
  duration_ms: 12.104208
  ...
# Subtest: lobby settings and rematch use ordinary commands, stop disposes callbacks
ok 381 - lobby settings and rematch use ordinary commands, stop disposes callbacks
  ---
  duration_ms: 0.566208
  ...
# Subtest: fire edges stamped from a stalled wall-clock estimate are admitted for the next authority tick (\#43)
ok 382 - fire edges stamped from a stalled wall-clock estimate are admitted for the next authority tick (\#43)
  ---
  duration_ms: 18.684458
  ...
# Subtest: a hold resend that estimated an earlier tick cannot skip the solo press (\#43)
ok 383 - a hold resend that estimated an earlier tick cannot skip the solo press (\#43)
  ---
  duration_ms: 16.694083
  ...
# Subtest: distances render as whole arena units and durations reuse the shared formatter
ok 384 - distances render as whole arena units and durations reuse the shared formatter
  ---
  duration_ms: 0.490083
  ...
# Subtest: empty statistics produce an empty recap with no placeholder awards or totals
ok 385 - empty statistics produce an empty recap with no placeholder awards or totals
  ---
  duration_ms: 0.544125
  ...
# Subtest: a single rider stands alone as champion, wins every non-zero award and fills the table
ok 386 - a single rider stands alone as champion, wins every non-zero award and fills the table
  ---
  duration_ms: 0.402667
  ...
# Subtest: podium centres champions, keeps side places in seat order and excludes placements beyond third
ok 387 - podium centres champions, keeps side places in seat order and excludes placements beyond third
  ---
  duration_ms: 0.106667
  ...
# Subtest: a tied first place shows every champion in the centre and no second place
ok 388 - a tied first place shows every champion in the centre and no second place
  ---
  duration_ms: 0.109375
  ...
# Subtest: a match where nobody won any round places everyone on the podium as champions
ok 389 - a match where nobody won any round places everyone on the podium as champions
  ---
  duration_ms: 0.090125
  ...
# Subtest: awards share ties by joining names in placement order and skip counters nobody raised
ok 390 - awards share ties by joining names in placement order and skip counters nobody raised
  ---
  duration_ms: 0.111125
  ...
# Subtest: all-zero statistics yield no awards while the podium and table still render
ok 391 - all-zero statistics yield no awards while the podium and table still render
  ---
  duration_ms: 0.076125
  ...
# Subtest: singular award details read naturally
ok 392 - singular award details read naturally
  ---
  duration_ms: 0.081583
  ...
# Subtest: comparison rows order by placement then seat and format every recorded counter
ok 393 - comparison rows order by placement then seat and format every recorded counter
  ---
  duration_ms: 0.095625
  ...
# Subtest: match totals sum the recorded counters across riders
ok 394 - match totals sum the recorded counters across riders
  ---
  duration_ms: 0.082542
  ...
# Subtest: the signature changes with any rendered figure and is order independent
ok 395 - the signature changes with any rendered figure and is order independent
  ---
  duration_ms: 0.09825
  ...
# Subtest: recap ignores riders with an unset placement rather than inventing a podium slot
ok 396 - recap ignores riders with an unset placement rather than inventing a podium slot
  ---
  duration_ms: 0.05875
  ...
# Subtest: records authoritative actions and returns detached snapshots
ok 397 - records authoritative actions and returns detached snapshots
  ---
  duration_ms: 4.051833
  ...
# Subtest: tracks round draws, longest survival and competition-ranked win ties
ok 398 - tracks round draws, longest survival and competition-ranked win ties
  ---
  duration_ms: 0.162167
  ...
# Subtest: validates references, distances and round membership
ok 399 - validates references, distances and round membership
  ---
  duration_ms: 0.377166
  ...
# Subtest: never credits self deaths and updates an existing participant identity
ok 400 - never credits self deaths and updates an existing participant identity
  ---
  duration_ms: 0.073833
  ...
# Subtest: a joined phone is the same landscape controller in every phase (\#13)
ok 401 - a joined phone is the same landscape controller in every phase (\#13)
  ---
  duration_ms: 0.806458
  ...
# Subtest: unjoined, display-only, desktop and mouse views keep the normal layout
ok 402 - unjoined, display-only, desktop and mouse views keep the normal layout
  ---
  duration_ms: 0.121125
  ...
# Subtest: an ended room is not joined play on any phone size or phase
ok 403 - an ended room is not joined play on any phone size or phase
  ---
  duration_ms: 0.220958
  ...
# Subtest: one validated nearby probe qualifies immediately; high RTT restores conservative delay
ok 404 - one validated nearby probe qualifies immediately; high RTT restores conservative delay
  ---
  duration_ms: 0.694
  ...
# Subtest: stale, paused and explicit reset lose qualification; rejected samples do not extend freshness
ok 405 - stale, paused and explicit reset lose qualification; rejected samples do not extend freshness
  ---
  duration_ms: 0.130333
  ...
# Subtest: regional60ms never qualifies and a fresh scope is independently classified
ok 406 - regional60ms never qualifies and a fresh scope is independently classified
  ---
  duration_ms: 0.07425
  ...
# Subtest: half-tick presentation never rewinds or extrapolates; missing clock remains newest only
ok 407 - half-tick presentation never rewinds or extrapolates; missing clock remains newest only
  ---
  duration_ms: 0.455708
  ...
# Subtest: clock discontinuity clears the old clock even when observed before rendering
ok 408 - clock discontinuity clears the old clock even when observed before rendering
  ---
  duration_ms: 0.137417
  ...
# Subtest: rejected excessive RTT cancels fast classification and exact40ms boundary qualifies
ok 409 - rejected excessive RTT cancels fast classification and exact40ms boundary qualifies
  ---
  duration_ms: 0.055
  ...
# Subtest: clock diagnostics are read-only and cannot refresh a sample or mutate its scope
ok 410 - clock diagnostics are read-only and cannot refresh a sample or mutate its scope
  ---
  duration_ms: 0.065
  ...
# Subtest: empty and invalid clock observations cannot enable fast presentation
ok 411 - empty and invalid clock observations cannot enable fast presentation
  ---
  duration_ms: 0.052708
  ...
# Subtest: replacement reservation fences partitions and rejects delayed old renewals
ok 412 - replacement reservation fences partitions and rejects delayed old renewals
  ---
  duration_ms: 0.835875
  ...
# Subtest: clock uncertainty prevents overlapping old and new authorization
ok 413 - clock uncertainty prevents overlapping old and new authorization
  ---
  duration_ms: 0.21975
  ...
# Subtest: clock stops after suspension or stale samples, resuming only after fresh sample
ok 414 - clock stops after suspension or stale samples, resuming only after fresh sample
  ---
  duration_ms: 0.09125
  ...
# Subtest: clock rejects bad samples and conservative intervals crossing lease boundaries
ok 415 - clock rejects bad samples and conservative intervals crossing lease boundaries
  ---
  duration_ms: 0.090833
  ...
# Subtest: grant boundary validation rejects malformed values and exhausted epochs
ok 416 - grant boundary validation rejects malformed values and exhausted epochs
  ---
  duration_ms: 0.295083
  ...
# Subtest: checkpoint restore is atomic on the malformed sequences regression
ok 417 - checkpoint restore is atomic on the malformed sequences regression
  ---
  duration_ms: 15.974916
  ...
# Subtest: checkpoint restores exact physics, pending preferences and neutral disconnected identities
ok 418 - checkpoint restores exact physics, pending preferences and neutral disconnected identities
  ---
  duration_ms: 6.213125
  ...
# Subtest: checkpoint rejects missing required game maps and nested fields
ok 419 - checkpoint rejects missing required game maps and nested fields
  ---
  duration_ms: 96.036708
  ...
# Subtest: checkpoint rejects schema incompatibility, foreign host and unsafe shape extensions
ok 420 - checkpoint rejects schema incompatibility, foreign host and unsafe shape extensions
  ---
  duration_ms: 14.44125
  ...
# Subtest: checkpoint rejects invalid sequences, duplicate map keys and cross references
ok 421 - checkpoint rejects invalid sequences, duplicate map keys and cross references
  ---
  duration_ms: 14.886666
  ...
# Subtest: checkpoint rejects nonfinite values, excessive bytes/depth and oversized nested trails
ok 422 - checkpoint rejects nonfinite values, excessive bytes/depth and oversized nested trails
  ---
  duration_ms: 21.324958
  ...
# Subtest: real countdown, playing and round transitions produce restorable bounded checkpoints
ok 423 - real countdown, playing and round transitions produce restorable bounded checkpoints
  ---
  duration_ms: 434.406292
  ...
# Subtest: checkpoint validates bombs, shell lifetime sentinel, pickups and portal geometry
ok 424 - checkpoint validates bombs, shell lifetime sentinel, pickups and portal geometry
  ---
  duration_ms: 3.520042
  ...
# Subtest: checkpoint rejects oversized history, malformed maps and missing participant statistics
ok 425 - checkpoint rejects oversized history, malformed maps and missing participant statistics
  ---
  duration_ms: 5.501958
  ...
# Subtest: room settings reject malformed values, restore safe defaults and allow all drops off
ok 426 - room settings reject malformed values, restore safe defaults and allow all drops off
  ---
  duration_ms: 0.950375
  ...
# Subtest: rooms isolate players and only the host can start or change rules
ok 427 - rooms isolate players and only the host can start or change rules
  ---
  duration_ms: 7.511416
  ...
# Subtest: fixed one-round rooms finish after one round
ok 428 - fixed one-round rooms finish after one round
  ---
  duration_ms: 25.4225
  ...
# Subtest: world deltas reconstruct split, removed and appended trails and recover via keyframe
ok 429 - world deltas reconstruct split, removed and appended trails and recover via keyframe
  ---
  duration_ms: 1.229417
  ...
# Subtest: fresh encoder after reconnection replaces old stream without accepting retired frames
ok 430 - fresh encoder after reconnection replaces old stream without accepting retired frames
  ---
  duration_ms: 0.250541
  ...
# Subtest: host checkpoint restores world and sequence numbers without replaying held fire
ok 431 - host checkpoint restores world and sequence numbers without replaying held fire
  ---
  duration_ms: 4.863625
  ...
# Subtest: field patches update joins and clear optional charge state without repeating identity
ok 432 - field patches update joins and clear optional charge state without repeating identity
  ---
  duration_ms: 0.544208
  ...
# Subtest: delayed unseen old keyframe cannot roll a newer generation backward
ok 433 - delayed unseen old keyframe cannot roll a newer generation backward
  ---
  duration_ms: 0.110291
  ...
# Subtest: invalid higher generation and corrupt trail patches cannot mutate accepted baseline
ok 434 - invalid higher generation and corrupt trail patches cannot mutate accepted baseline
  ---
  duration_ms: 0.30825
  ...
# Subtest: online return to lobby preserves transport simulation time
ok 435 - online return to lobby preserves transport simulation time
  ---
  duration_ms: 0.137333
  ...
# Subtest: guests that vanish in the lobby free their seats and the removal replicates to guests
ok 436 - guests that vanish in the lobby free their seats and the removal replicates to guests
  ---
  duration_ms: 0.463166
  ...
# Subtest: a guest lost mid-round keeps its seat until the match ends, then a newcomer reclaims it
ok 437 - a guest lost mid-round keeps its seat until the match ends, then a newcomer reclaims it
  ---
  duration_ms: 1.404958
  ...
# Subtest: a rematch drops the riders that were lost during the finished match
ok 438 - a rematch drops the riders that were lost during the finished match
  ---
  duration_ms: 0.894125
  ...
# Subtest: a whole round of chained deltas stays exact without any periodic re-baseline
ok 439 - a whole round of chained deltas stays exact without any periodic re-baseline
  ---
  duration_ms: 298.138667
  ...
# Subtest: Pages invites preserve project path while API requests use configured backend
ok 440 - Pages invites preserve project path while API requests use configured backend
  ---
  duration_ms: 1.116125
  ...
# Subtest: local origin default and endpoint boundaries are explicit
ok 441 - local origin default and endpoint boundaries are explicit
  ---
  duration_ms: 0.585125
  ...
# Subtest: failed press plus fresh held resends cannot invent charge or fire on release
ok 442 - failed press plus fresh held resends cannot invent charge or fire on release
  ---
  duration_ms: 14.30125
  ...
# Subtest: lost final release without other held controls cancels within ten ticks and is never retried
ok 443 - lost final release without other held controls cancels within ten ticks and is never retried
  ---
  duration_ms: 1.393667
  ...
# Subtest: steering heartbeat after lost release carries bomb false and safely cancels instead of firing
ok 444 - steering heartbeat after lost release carries bomb false and safely cancels instead of firing
  ---
  duration_ms: 15.205791
  ...
# Subtest: ordered-but-delayed release expires rather than replaying after network recovery
ok 445 - ordered-but-delayed release expires rather than replaying after network recovery
  ---
  duration_ms: 1.214625
  ...
# Subtest: first fresh press after countdown and explicit lobby reset fires without a neutral packet
ok 446 - first fresh press after countdown and explicit lobby reset fires without a neutral packet
  ---
  duration_ms: 10.741667
  ...
# Subtest: idle watchdog without a held gesture does not block the first fresh shot
ok 447 - idle watchdog without a held gesture does not block the first fresh shot
  ---
  duration_ms: 2.7845
  ...
# Subtest: new scope rejects old held/release packets but accepts a fresh press
ok 448 - new scope rejects old held/release packets but accepts a fresh press
  ---
  duration_ms: 0.750959
  ...
# Subtest: watchdog still suppresses interrupted held gestures until an actual release
ok 449 - watchdog still suppresses interrupted held gestures until an actual release
  ---
  duration_ms: 1.722334
  ...
# Subtest: receipt is not application: future steering waits and reports exact application tick
ok 450 - receipt is not application: future steering waits and reports exact application tick
  ---
  duration_ms: 10.32025
  ...
# Subtest: same-tick newest movement wins while all outcomes are acknowledged
ok 451 - same-tick newest movement wins while all outcomes are acknowledged
  ---
  duration_ms: 15.078
  ...
# Subtest: older future slot cannot undo newer applied movement and exact result acknowledgements preserve pending input
ok 452 - older future slot cannot undo newer applied movement and exact result acknowledgements preserve pending input
  ---
  duration_ms: 11.061375
  ...
# Subtest: held acknowledged steering continues then expires at ten ticks without fresh application
ok 453 - held acknowledged steering continues then expires at ten ticks without fresh application
  ---
  duration_ms: 3.577917
  ...
# Subtest: same-tick press/release survives steering supersession, duplicates cannot launch twice
ok 454 - same-tick press/release survives steering supersession, duplicates cannot launch twice
  ---
  duration_ms: 1.039292
  ...
# Subtest: a press stamped later than the following hold sample is still processed first in sequence order (\#43)
ok 455 - a press stamped later than the following hold sample is still processed first in sequence order (\#43)
  ---
  duration_ms: 0.722708
  ...
# Subtest: old-scope release cannot cancel current charge; expired current release cancels without firing
ok 456 - old-scope release cannot cancel current charge; expired current release cancels without firing
  ---
  duration_ms: 0.742042
  ...
# Subtest: disconnect, match changes and restore create fresh neutral scope while preserving received highwater
ok 457 - disconnect, match changes and restore create fresh neutral scope while preserving received highwater
  ---
  duration_ms: 2.413083
  ...
# Subtest: queue and result history are bounded and overflow forces explicit neutral resync
ok 458 - queue and result history are bounded and overflow forces explicit neutral resync
  ---
  duration_ms: 0.903708
  ...
# Subtest: malformed timing and aim cannot apply motion or keep an invalid release charging
ok 459 - malformed timing and aim cannot apply motion or keep an invalid release charging
  ---
  duration_ms: 0.53625
  ...
# Subtest: queued release is discarded on disconnect and cannot fire into a rejoined control scope
ok 460 - queued release is discarded on disconnect and cannot fire into a rejoined control scope
  ---
  duration_ms: 0.623833
  ...
# Subtest: paused old-alias endpoint restores outbound health before acknowledging a new checkpoint header
ok 461 - paused old-alias endpoint restores outbound health before acknowledging a new checkpoint header
  ---
  duration_ms: 1.388541
  ...
# Subtest: direct-only path resumes on two fresh acknowledgements without relay quarantine
ok 462 - direct-only path resumes on two fresh acknowledgements without relay quarantine
  ---
  duration_ms: 0.084333
  ...
# Subtest: three-second blackhole after long healthy uptime retains channel and recovers on fresh probes
ok 463 - three-second blackhole after long healthy uptime retains channel and recovers on fresh probes
  ---
  duration_ms: 0.153334
  ...
# Subtest: restart requires eight continuously unhealthy seconds, reset by recovered health
ok 464 - restart requires eight continuously unhealthy seconds, reset by recovered health
  ---
  duration_ms: 0.055708
  ...
# Subtest: expired duplicate and pre-failure probes cannot keep blackholed path healthy
ok 465 - expired duplicate and pre-failure probes cannot keep blackholed path healthy
  ---
  duration_ms: 0.352625
  ...
# Subtest: pulse mode preserves fresh acknowledgement time and never revives expired evidence
ok 466 - pulse mode preserves fresh acknowledgement time and never revives expired evidence
  ---
  duration_ms: 0.073125
  ...
# Subtest: pause is irreversible within an alias and late application proof cannot reactivate it
ok 467 - pause is irreversible within an alias and late application proof cannot reactivate it
  ---
  duration_ms: 0.072875
  ...
# Subtest: effects do not replay on repeated snapshots or across authority/match reset
ok 468 - effects do not replay on repeated snapshots or across authority/match reset
  ---
  duration_ms: 0.773292
  ...
# Subtest: bomb flight sprite follows segmented path while damage radius stays at landing point
ok 469 - bomb flight sprite follows segmented path while damage radius stays at landing point
  ---
  duration_ms: 0.465667
  ...
# Subtest: death transitions occur once and backward presentation resets cosmetic history
ok 470 - death transitions occur once and backward presentation resets cosmetic history
  ---
  duration_ms: 0.103292
  ...
# Subtest: flight fallback clamps before launch and shells never use bomb arcs
ok 471 - flight fallback clamps before launch and shells never use bomb arcs
  ---
  duration_ms: 0.071709
  ...
# Subtest: a continuous bend is one stroke with the exact supplied vertices
ok 472 - a continuous bend is one stroke with the exact supplied vertices
  ---
  duration_ms: 1.626417
  ...
# Subtest: portal jumps, deleted ticks and clipped segments remain separate strokes
ok 473 - portal jumps, deleted ticks and clipped segments remain separate strokes
  ---
  duration_ms: 0.418625
  ...
# Subtest: history survives fractional motion, a changing predicted tip and equivalent deserialized snapshots
ok 474 - history survives fractional motion, a changing predicted tip and equivalent deserialized snapshots
  ---
  duration_ms: 1.200583
  ...
# Subtest: history refreshes for trail holes, clipping, expiry, death, identity, scope and reset
ok 475 - history refreshes for trail holes, clipping, expiry, death, identity, scope and reset
  ---
  duration_ms: 0.362375
  ...
# Subtest: a fresh trail follows the interpolated head by at most one simulation step
ok 476 - a fresh trail follows the interpolated head by at most one simulation step
  ---
  duration_ms: 0.332458
  ...
# Subtest: head interpolation never extends a stale, destroyed, teleported or dead trail
ok 477 - head interpolation never extends a stale, destroyed, teleported or dead trail
  ---
  duration_ms: 0.252
  ...
# Subtest: arena backing follows displayed size and screen density without changing world aspect
ok 478 - arena backing follows displayed size and screen density without changing world aspect
  ---
  duration_ms: 0.836708
  ...
# Subtest: arena backing bounds oversized displays and survives hidden or unavailable density
ok 479 - arena backing bounds oversized displays and survives hidden or unavailable density
  ---
  duration_ms: 0.147541
  ...
# Subtest: weighted table gives Five one third Triple probability with deterministic intervals
ok 480 - weighted table gives Five one third Triple probability with deterministic intervals
  ---
  duration_ms: 22.484
  ...
# Subtest: Star is removed while remaining relative weights are preserved
ok 481 - Star is removed while remaining relative weights are preserved
  ---
  duration_ms: 0.146792
  ...
# Subtest: powerup pacing ramps every twenty seconds and stays bounded in overtime
ok 482 - powerup pacing ramps every twenty seconds and stays bounded in overtime
  ---
  duration_ms: 0.458667
  ...
# Subtest: portal transits survivors, breaks trail, preserves heading/charge, counts actual movement
ok 483 - portal transits survivors, breaks trail, preserves heading/charge, counts actual movement
  ---
  duration_ms: 46.302875
  ...
# Subtest: entry collision is resolved before transit, and shield remains independent
ok 484 - entry collision is resolved before transit, and shield remains independent
  ---
  duration_ms: 1.343417
  ...
# Subtest: unsafe exit defers teleport for rider, pending trail, trail, bomb and blast hazards
ok 485 - unsafe exit defers teleport for rider, pending trail, trail, bomb and blast hazards
  ---
  duration_ms: 11.508833
  ...
# Subtest: portal grace is defensive for both riders, protects trails/walls and does not consume shield
ok 486 - portal grace is defensive for both riders, protects trails/walls and does not consume shield
  ---
  duration_ms: 0.650125
  ...
# Subtest: portal expiry, snapshot copying, compact geometry omission and round reset
ok 487 - portal expiry, snapshot copying, compact geometry omission and round reset
  ---
  duration_ms: 0.639125
  ...
# Subtest: portal pickup creates deterministic pair, records stats, replaces pair without clearing cooldown
ok 488 - portal pickup creates deterministic pair, records stats, replaces pair without clearing cooldown
  ---
  duration_ms: 1.979125
  ...
# Subtest: impossible placement leaves pickup and old pair unconsumed
ok 489 - impossible placement leaves pickup and old pair unconsumed
  ---
  duration_ms: 0.804292
  ...
# Subtest: reverse transit respects cooldown at its exact deadline after replacement
ok 490 - reverse transit respects cooldown at its exact deadline after replacement
  ---
  duration_ms: 1.708125
  ...
# Subtest: portal defensive grace expires exactly at the authoritative tick
ok 491 - portal defensive grace expires exactly at the authoritative tick
  ---
  duration_ms: 1.048583
  ...
# Subtest: concurrent riders preserve separate entry heights at the linked wall
ok 492 - concurrent riders preserve separate entry heights at the linked wall
  ---
  duration_ms: 0.563042
  ...
# Subtest: wall placement remains useful on an occupied five-rider field across seeds
ok 493 - wall placement remains useful on an occupied five-rider field across seeds
  ---
  duration_ms: 186.150708
  ...
# Subtest: authoritative overtime shrinks portal wall length and removes reclaimed walls from snapshots
ok 494 - authoritative overtime shrinks portal wall length and removes reclaimed walls from snapshots
  ---
  duration_ms: 0.523875
  ...
# Subtest: compressed linked wall reserves an exit for the first rider rather than overlapping arrivals
ok 495 - compressed linked wall reserves an exit for the first rider rather than overlapping arrivals
  ---
  duration_ms: 0.528666
  ...
# Subtest: placement sizes walls to one third of field, caps at 300 and reserves full corridor
ok 496 - placement sizes walls to one third of field, caps at 300 and reserves full corridor
  ---
  duration_ms: 0.638167
  ...
# Subtest: placement remains bounded for unsafe or insufficiently separated sites
ok 497 - placement remains bounded for unsafe or insufficiently separated sites
  ---
  duration_ms: 0.24425
  ...
# Subtest: full wall safety catches a hazard between sampled center and endpoints
ok 498 - full wall safety catches a hazard between sampled center and endpoints
  ---
  duration_ms: 0.103417
  ...
# Subtest: swept wall entry preserves heading and relative linked height
ok 499 - swept wall entry preserves heading and relative linked height
  ---
  duration_ms: 0.609834
  ...
# Subtest: both directions and earliest intersected wall work
ok 500 - both directions and earliest intersected wall work
  ---
  duration_ms: 0.082333
  ...
# Subtest: rounded endpoints detect vertical and tangent contact without phantom end extensions
ok 501 - rounded endpoints detect vertical and tangent contact without phantom end extensions
  ---
  duration_ms: 0.083166
  ...
# Subtest: cooldown, expiry, inside, stationary, moving away and short movement do not retrigger
ok 502 - cooldown, expiry, inside, stationary, moving away and short movement do not retrigger
  ---
  duration_ms: 0.09425
  ...
# Subtest: unsafe and out-of-field exits defer transit and safety receives actual offset exit
ok 503 - unsafe and out-of-field exits defer transit and safety receives actual offset exit
  ---
  duration_ms: 0.131292
  ...
# Subtest: shrinking trims walls and removes pairs whose centerline or usable ends are reclaimed
ok 504 - shrinking trims walls and removes pairs whose centerline or usable ends are reclaimed
  ---
  duration_ms: 0.196667
  ...
# Subtest: motion ledger boundary rejects malformed, unbounded and contradictory tick data
ok 505 - motion ledger boundary rejects malformed, unbounded and contradictory tick data
  ---
  duration_ms: 0.5485
  ...
# Subtest: local steering responds next frame using a partial step which never changes fixed replay
ok 506 - local steering responds next frame using a partial step which never changes fixed replay
  ---
  duration_ms: 10.647667
  ...
# Subtest: acknowledged held turn replays exactly with no pending events, including drunk offset
ok 507 - acknowledged held turn replays exactly with no pending events, including drunk offset
  ---
  duration_ms: 0.951583
  ...
# Subtest: fresh-input age neutralizes held controls at tick ten
ok 508 - fresh-input age neutralizes held controls at tick ten
  ---
  duration_ms: 1.898
  ...
# Subtest: press and release scheduled for same tick uses latest sample, received ack cannot retire either
ok 509 - press and release scheduled for same tick uses latest sample, received ack cannot retire either
  ---
  duration_ms: 0.932625
  ...
# Subtest: mismatched snapshot and application tick rejected atomically
ok 510 - mismatched snapshot and application tick rejected atomically
  ---
  duration_ms: 0.675959
  ...
# Subtest: applied result retires pending but continues authoritative held input
ok 511 - applied result retires pending but continues authoritative held input
  ---
  duration_ms: 0.643708
  ...
# Subtest: death and portal reset local motion and epoch invalidates timing
ok 512 - death and portal reset local motion and epoch invalidates timing
  ---
  duration_ms: 0.745917
  ...
# Subtest: clock retains conservative send sampled bounds and rejects pause stale and invalid RTT
ok 513 - clock retains conservative send sampled bounds and rejects pause stale and invalid RTT
  ---
  duration_ms: 0.078833
  ...
# Subtest: remote buffer uses coherent past state and fractional ticks without portal chords
ok 514 - remote buffer uses coherent past state and fractional ticks without portal chords
  ---
  duration_ms: 0.754667
  ...
# Subtest: spectator clock advances fractional render ticks without a player seat and resets scope
ok 515 - spectator clock advances fractional render ticks without a player seat and resets scope
  ---
  duration_ms: 1.08425
  ...
# Subtest: presentation connector is bounded and never mutates confirmed trails
ok 516 - presentation connector is bounded and never mutates confirmed trails
  ---
  duration_ms: 0.534083
  ...
# Subtest: inactive snapshots do not invent movement correction or smoothing offsets
ok 517 - inactive snapshots do not invent movement correction or smoothing offsets
  ---
  duration_ms: 1.854583
  ...
# Subtest: slow round trip or lagging snapshot never rejects input locally; host admission and the four-tick lead cap bound it (\#15)
ok 518 - slow round trip or lagging snapshot never rejects input locally; host admission and the four-tick lead cap bound it (\#15)
  ---
  duration_ms: 0.56775
  ...
# Subtest: transport-refused and stale inputs never count toward the bound; overflow drops the backlog instead of blocking (\#20)
ok 519 - transport-refused and stale inputs never count toward the bound; overflow drops the backlog instead of blocking (\#20)
  ---
  duration_ms: 6.470917
  ...
# Subtest: overflow first drops inputs behind the host window and only clears a fully fresh backlog (\#15 follow-up)
ok 520 - overflow first drops inputs behind the host window and only clears a fully fresh backlog (\#15 follow-up)
  ---
  duration_ms: 3.33475
  ...
# Subtest: a lost clock limits the preview but never the send (\#65)
ok 521 - a lost clock limits the preview but never the send (\#65)
  ---
  duration_ms: 1.187292
  ...
# Subtest: all semantic message variants validate without accepting extra fields
ok 522 - all semantic message variants validate without accepting extra fields
  ---
  duration_ms: 1.6195
  ...
# Subtest: untrusted message shapes, sizes, tokens and input sequences fail closed
ok 523 - untrusted message shapes, sizes, tokens and input sequences fail closed
  ---
  duration_ms: 0.280208
  ...
# Subtest: target aim accepts finite normalized coordinates only and rejects nested extras
ok 524 - target aim accepts finite normalized coordinates only and rejects nested extras
  ---
  duration_ms: 0.165333
  ...
# Subtest: serialized recipient acknowledgement preserves own zero and negative sequences without other seats
ok 525 - serialized recipient acknowledgement preserves own zero and negative sequences without other seats
  ---
  duration_ms: 0.79425
  ...
# Subtest: recipient ack envelopes preserve complete keyframe retry and unchanged world decoding
ok 526 - recipient ack envelopes preserve complete keyframe retry and unchanged world decoding
  ---
  duration_ms: 1.1285
  ...
# Subtest: candidates before the remote description are buffered, bounded at 64 and flushed in order
ok 527 - candidates before the remote description are buffered, bounded at 64 and flushed in order
  ---
  duration_ms: 2.613375
  ...
# Subtest: candidates arriving while a description is being applied wait, then apply; later ones apply directly
ok 528 - candidates arriving while a description is being applied wait, then apply; later ones apply directly
  ---
  duration_ms: 0.110291
  ...
# Subtest: answer-side candidates that arrive after the local answer are applied against the remote description
ok 529 - answer-side candidates that arrive after the local answer are applied against the remote description
  ---
  duration_ms: 0.1015
  ...
# Subtest: a restart offer changes the ufrag: old-generation candidates never poison it and new ones wait for it
ok 530 - a restart offer changes the ufrag: old-generation candidates never poison it and new ones wait for it
  ---
  duration_ms: 0.113792
  ...
# Subtest: browser rejection of a candidate is counted, not thrown into the signalling loop
ok 531 - browser rejection of a candidate is counted, not thrown into the signalling loop
  ---
  duration_ms: 0.103125
  ...
# Subtest: only actual changed heading counts, unchanged animation frames do not
ok 532 - only actual changed heading counts, unchanged animation frames do not
  ---
  duration_ms: 0.674958
  ...
# Subtest: clock-aligned render frames detect wrapped positive heading and reject the wrong direction
ok 533 - clock-aligned render frames detect wrapped positive heading and reject the wrong direction
  ---
  duration_ms: 0.113541
  ...
# Subtest: death, round transition, intoxication and live powerups invalidate the measurement
ok 534 - death, round transition, intoxication and live powerups invalidate the measurement
  ---
  duration_ms: 0.110625
  ...
# Subtest: turning, short, stale and missing baselines are rejected without cherry-picking
ok 535 - turning, short, stale and missing baselines are rejected without cherry-picking
  ---
  duration_ms: 0.074292
  ...
# Subtest: unchanged heading times out and incomplete capture is separately rejected
ok 536 - unchanged heading times out and incomplete capture is separately rejected
  ---
  duration_ms: 0.065875
  ...
# Subtest: one degree metric remains later than the first tiny numerical departure
ok 537 - one degree metric remains later than the first tiny numerical departure
  ---
  duration_ms: 0.06275
  ...
# Subtest: render continuity separates repeated authoritative ticks from animation cadence and attempt gaps
ok 538 - render continuity separates repeated authoritative ticks from animation cadence and attempt gaps
  ---
  duration_ms: 2.753417
  ...
# Subtest: return to lobby from lobby clears match state without inventing session points
ok 539 - return to lobby from lobby clears match state without inventing session points
  ---
  duration_ms: 9.595834
  ...
# Subtest: return to lobby from countdown clears match state without inventing session points
ok 540 - return to lobby from countdown clears match state without inventing session points
  ---
  duration_ms: 19.769416
  ...
# Subtest: return to lobby from playing clears match state without inventing session points
ok 541 - return to lobby from playing clears match state without inventing session points
  ---
  duration_ms: 0.626875
  ...
# Subtest: return to lobby from roundOver clears match state without inventing session points
ok 542 - return to lobby from roundOver clears match state without inventing session points
  ---
  duration_ms: 0.588084
  ...
# Subtest: return to lobby from matchOver clears match state without inventing session points
ok 543 - return to lobby from matchOver clears match state without inventing session points
  ---
  duration_ms: 0.670583
  ...
# Subtest: empty party can return to lobby and invalid scope is rejected before mutation
ok 544 - empty party can return to lobby and invalid scope is rejected before mutation
  ---
  duration_ms: 0.170917
  ...
# Subtest: pure rider kernel exactly matches authoritative turns including drunk offsets
ok 545 - pure rider kernel exactly matches authoritative turns including drunk offsets
  ---
  duration_ms: 38.282291
  ...
# Subtest: opposite controls cancel steering and pure motion leaves input pose unchanged
ok 546 - opposite controls cancel steering and pure motion leaves input pose unchanged
  ---
  duration_ms: 0.146958
  ...
# Subtest: short codes map the full67600 space and reject biased random tail
ok 547 - short codes map the full67600 space and reject biased random tail
  ---
  duration_ms: 0.6435
  ...
# Subtest: new and temporary legacy room identities validate without making codes secrets
ok 548 - new and temporary legacy room identities validate without making codes secrets
  ---
  duration_ms: 0.122
  ...
# Subtest: collision reservation is bounded and never masks noncollision failure
ok 549 - collision reservation is bounded and never masks noncollision failure
  ---
  duration_ms: 0.547
  ...
# Subtest: ordinary initial show is inert and permanent departure disposes the room
ok 550 - ordinary initial show is inert and permanent departure disposes the room
  ---
  duration_ms: 0.8065
  ...
# Subtest: BFCache restoration reloads stopped room exactly once instead of reviving its transport
ok 551 - BFCache restoration reloads stopped room exactly once instead of reviving its transport
  ---
  duration_ms: 0.079125
  ...
# Subtest: expired room stops before clearing runtime and never retries a reused public code
ok 552 - expired room stops before clearing runtime and never retries a reused public code
  ---
  duration_ms: 0.977833
  ...
# Subtest: temporary network failure retries while replaced host is terminal separately
ok 553 - temporary network failure retries while replaced host is terminal separately
  ---
  duration_ms: 0.112958
  ...
# Subtest: safeStorage falls back to an in-memory store when the underlying storage throws on access
ok 554 - safeStorage falls back to an in-memory store when the underlying storage throws on access
  ---
  duration_ms: 0.664666
  ...
# Subtest: safeStorage does not evaluate the storage accessor until a get/set/remove call is made
ok 555 - safeStorage does not evaluate the storage accessor until a get/set/remove call is made
  ---
  duration_ms: 0.082916
  ...
# Subtest: safeStorage passes through to real storage when it works
ok 556 - safeStorage passes through to real storage when it works
  ---
  duration_ms: 0.098334
  ...
# Subtest: createMemoryStorage never throws and reports missing keys as null
ok 557 - createMemoryStorage never throws and reports missing keys as null
  ---
  duration_ms: 0.0495
  ...
# Subtest: LAN AI management is authorized, shares seats, follows normal rounds and can be removed
ok 558 - LAN AI management is authorized, shares seats, follows normal rounds and can be removed
  ---
  duration_ms: 68.111083
  ...
# Subtest: LAN bot protocol rejects missing IDs, human IDs and unexpected action data
ok 559 - LAN bot protocol rejects missing IDs, human IDs and unexpected action data
  ---
  duration_ms: 3.934083
  ...
# Subtest: a reconnect cancels prior charge and accepts a fresh explicit press-release pair
ok 560 - a reconnect cancels prior charge and accepts a fresh explicit press-release pair
  ---
  duration_ms: 116.761083
  ...
# Subtest: match rematch resets scope and wins, then round-over automatically starts the next round
ok 561 - match rematch resets scope and wins, then round-over automatically starts the next round
  ---
  duration_ms: 63.738875
  ...
# Subtest: controller snapshots strip the full match statistics table
ok 562 - controller snapshots strip the full match statistics table
  ---
  duration_ms: 0.819875
  ...
# Subtest: five seats, sixth denial, full public snapshots and private host control
ok 563 - five seats, sixth denial, full public snapshots and private host control
  ---
  duration_ms: 101.614916
  ...
# Subtest: reconnect replaces the same seat, sequences continue, stale input becomes neutral, rapid bomb taps survive
ok 564 - reconnect replaces the same seat, sequences continue, stale input becomes neutral, rapid bomb taps survive
  ---
  duration_ms: 31.814292
  ...
# Subtest: admission rejects late/invalid joins, leave frees lobby seats and eliminates during play
ok 565 - admission rejects late/invalid joins, leave frees lobby seats and eliminates during play
  ---
  duration_ms: 27.677917
  ...
# Subtest: charge holds use authoritative ticks and launch only on explicit release
ok 566 - charge holds use authoritative ticks and launch only on explicit release
  ---
  duration_ms: 33.365208
  ...
# Subtest: cancel, stale input, and socket replacement discard charges and queued releases
ok 567 - cancel, stale input, and socket replacement discard charges and queued releases
  ---
  duration_ms: 16.119
  ...
# Subtest: typed injected clock drives heartbeat timeout and rate window without sleeping
ok 568 - typed injected clock drives heartbeat timeout and rate window without sleeping
  ---
  duration_ms: 8.811667
  ...
# Subtest: a flood of malformed frames is counted against the rate limit and closes the socket with 1008
ok 569 - a flood of malformed frames is counted against the rate limit and closes the socket with 1008
  ---
  duration_ms: 7.201166
  ...
# Subtest: invalid frames do not refresh lastSeen so the idle watchdog still prunes a garbage-only client
ok 570 - invalid frames do not refresh lastSeen so the idle watchdog still prunes a garbage-only client
  ---
  duration_ms: 3.081458
  ...
# Subtest: bounded catch-up discards sleep-sized backlogs
ok 571 - bounded catch-up discards sleep-sized backlogs
  ---
  duration_ms: 0.124708
  ...
# Subtest: a finished match can accept fresh phones after every original player leaves
ok 572 - a finished match can accept fresh phones after every original player leaves
  ---
  duration_ms: 14.376917
  ...
# Subtest: injected scheduler advances fixed ticks, caps catch-up, discards excess and cancels on close
ok 573 - injected scheduler advances fixed ticks, caps catch-up, discards excess and cancels on close
  ---
  duration_ms: 0.895
  ...
# Subtest: display receives 20Hz world state while phones receive compact 10Hz updates and measured input acknowledgments
ok 574 - display receives 20Hz world state while phones receive compact 10Hz updates and measured input acknowledgments
  ---
  duration_ms: 19.645833
  ...
# Subtest: late countdown joins wait safely, reconnect and enter next round automatically
ok 575 - late countdown joins wait safely, reconnect and enter next round automatically
  ---
  duration_ms: 25.512292
  ...
# Subtest: late playing joins wait safely, reconnect and enter next round automatically
ok 576 - late playing joins wait safely, reconnect and enter next round automatically
  ---
  duration_ms: 21.86825
  ...
# Subtest: target release aim survives newer input packets through real socket transport
ok 577 - target release aim survives newer input packets through real socket transport
  ---
  duration_ms: 12.024625
  ...
# Subtest: host can abort to lobby without losing phone seats or replaying buffered bomb releases
ok 578 - host can abort to lobby without losing phone seats or replaying buffered bomb releases
  ---
  duration_ms: 19.171625
  ...
# Subtest: serialized avatar joins assign an allowed head and reconnect preserves server identity
ok 579 - serialized avatar joins assign an allowed head and reconnect preserves server identity
  ---
  duration_ms: 4.280834
  ...
# Subtest: a joined controller can change only its own avatar during play without altering gameplay
ok 580 - a joined controller can change only its own avatar during play without altering gameplay
  ---
  duration_ms: 11.812041
  ...
# Subtest: phones that vanish in the lobby release their seats for newcomers and for the next start
ok 581 - phones that vanish in the lobby release their seats for newcomers and for the next start
  ---
  duration_ms: 7.247292
  ...
# Subtest: a full lobby reclaims a vanished seat for a newcomer without any host action
ok 582 - a full lobby reclaims a vanished seat for a newcomer without any host action
  ---
  duration_ms: 10.035708
  ...
# Subtest: a phone that vanishes mid-round keeps its seat for reconnection and never yields it to a newcomer
ok 583 - a phone that vanishes mid-round keeps its seat for reconnection and never yields it to a newcomer
  ---
  duration_ms: 14.031291
  ...
# Subtest: actual service exposes Cloud Run safe health aliases without requiring provider operations
ok 584 - actual service exposes Cloud Run safe health aliases without requiring provider operations
  ---
  duration_ms: 1015.273458
  ...
# Subtest: service transaction retries keep one logical connection/grant and fenced replacement
ok 585 - service transaction retries keep one logical connection/grant and fenced replacement
  ---
  duration_ms: 2.3935
  ...
# Subtest: service reserves creator slot and atomically bounds concurrent admission
ok 586 - service reserves creator slot and atomically bounds concurrent admission
  ---
  duration_ms: 0.473666
  ...
# Subtest: two gateways advertise actual remote members and route only signalling
ok 587 - two gateways advertise actual remote members and route only signalling
  ---
  duration_ms: 1.193042
  ...
# Subtest: mesh signalling permits guest pairs while rejecting foreign room and replaced target scopes
ok 588 - mesh signalling permits guest pairs while rejecting foreign room and replaced target scopes
  ---
  duration_ms: 0.464292
  ...
# Subtest: guest mesh signals retain source replacement and cross-room membership fences
ok 589 - guest mesh signals retain source replacement and cross-room membership fences
  ---
  duration_ms: 0.642791
  ...
# Subtest: fast bus after delayed metadata emits new source membership before SDP
ok 590 - fast bus after delayed metadata emits new source membership before SDP
  ---
  duration_ms: 1.969917
  ...
# Subtest: expired and duplicate bus packets never repeat SDP; old replacement source is rejected
ok 591 - expired and duplicate bus packets never repeat SDP; old replacement source is rejected
  ---
  duration_ms: 1.485417
  ...
# Subtest: time renewals preserve exact authority and stale close cannot revoke replacement
ok 592 - time renewals preserve exact authority and stale close cannot revoke replacement
  ---
  duration_ms: 0.669542
  ...
# Subtest: idle teardown and immediate rejoin serialize a new subscription before admission
ok 593 - idle teardown and immediate rejoin serialize a new subscription before admission
  ---
  duration_ms: 0.572917
  ...
# Subtest: bus failure and slow receiver fail explicitly without keeping hidden relay queues
ok 594 - bus failure and slow receiver fail explicitly without keeping hidden relay queues
  ---
  duration_ms: 0.374917
  ...
# Subtest: runtime metadata and bus schemas reject corrupt scope and gameplay frames
ok 595 - runtime metadata and bus schemas reject corrupt scope and gameplay frames
  ---
  duration_ms: 0.351959
  ...
# Subtest: v2 renewal accepts GrantIdentity without timestamps at the actual JSON boundary
ok 596 - v2 renewal accepts GrantIdentity without timestamps at the actual JSON boundary
  ---
  duration_ms: 0.315333
  ...
# Subtest: failed bus is drained before a queued new connection can mark it ready
ok 597 - failed bus is drained before a queued new connection can mark it ready
  ---
  duration_ms: 0.389208
  ...
# Subtest: short-code transactional collisions preserve the live room and retry only bounded conflicts
ok 598 - short-code transactional collisions preserve the live room and retry only bounded conflicts
  ---
  duration_ms: 0.785667
  ...
# Subtest: guest keepalives never extend host-session lifetime and exact expiry rejects admission
ok 599 - guest keepalives never extend host-session lifetime and exact expiry rejects admission
  ---
  duration_ms: 0.280708
  ...
# Subtest: only the current host extends reconnect grace and replacement close cannot shorten it
ok 600 - only the current host extends reconnect grace and replacement close cannot shorten it
  ---
  duration_ms: 0.185042
  ...
# Subtest: host end is authorized, immediate and cannot end a reused code with an old capability
ok 601 - host end is authorized, immediate and cannot end a reused code with an old capability
  ---
  duration_ms: 0.55825
  ...
# Subtest: cached signalling refuses expired rooms before asynchronous TTL deletion
ok 602 - cached signalling refuses expired rooms before asynchronous TTL deletion
  ---
  duration_ms: 0.542125
  ...
# Subtest: gateway expiry timer closes silent sockets without depending on TTL deletion or traffic
ok 603 - gateway expiry timer closes silent sockets without depending on TTL deletion or traffic
  ---
  duration_ms: 8.839083
  ...
# Subtest: delayed old-incarnation heartbeat or read cannot roll back a reused room view
ok 604 - delayed old-incarnation heartbeat or read cannot roll back a reused room view
  ---
  duration_ms: 2.53825
  ...
# Subtest: delayed old admission cannot replace a newly observed room incarnation
ok 605 - delayed old admission cannot replace a newly observed room incarnation
  ---
  duration_ms: 2.480208
  ...
# Subtest: cancelled metadata watch callbacks cannot mutate a recreated room view
ok 606 - cancelled metadata watch callbacks cannot mutate a recreated room view
  ---
  duration_ms: 0.490167
  ...
# Subtest: direct new admission rotates an active old watch before its delayed callbacks arrive
ok 607 - direct new admission rotates an active old watch before its delayed callbacks arrive
  ---
  duration_ms: 0.902709
  ...
# Subtest: shell reflects remaining travel and exposes the true collision path
ok 608 - shell reflects remaining travel and exposes the true collision path
  ---
  duration_ms: 0.86575
  ...
# Subtest: corners reflect both axes and shrinking bounds clamp safely
ok 609 - corners reflect both axes and shrinking bounds clamp safely
  ---
  duration_ms: 0.093583
  ...
# Subtest: shell ricochets off a tail without crossing it and keeps its speed
ok 610 - shell ricochets off a tail without crossing it and keeps its speed
  ---
  duration_ms: 1.022167
  ...
# Subtest: diagonal tails and exposed endpoints reflect instead of tunnelling
ok 611 - diagonal tails and exposed endpoints reflect instead of tunnelling
  ---
  duration_ms: 0.289375
  ...
# Subtest: failure notice classifies only press/release gestures, never neutral or held heartbeats
ok 612 - failure notice classifies only press/release gestures, never neutral or held heartbeats
  ---
  duration_ms: 0.409208
  ...
# Subtest: shot notice persists three seconds independently and another failure restarts the deadline
ok 613 - shot notice persists three seconds independently and another failure restarts the deadline
  ---
  duration_ms: 0.145542
  ...
# Subtest: every candidate shape Chrome and Safari emit passes the signalling boundary
ok 614 - every candidate shape Chrome and Safari emit passes the signalling boundary
  ---
  duration_ms: 0.473583
  ...
# Subtest: descriptions from localDescription.toJSON() pass; anything else is rejected
ok 615 - descriptions from localDescription.toJSON() pass; anything else is rejected
  ---
  duration_ms: 0.26225
  ...
# Subtest: connect() while the previous socket is still CONNECTING closes it instead of orphaning it
ok 616 - connect() while the previous socket is still CONNECTING closes it instead of orphaning it
  ---
  duration_ms: 1.325541
  ...
# Subtest: connect() with no prior socket does not attempt to close anything
ok 617 - connect() with no prior socket does not attempt to close anything
  ---
  duration_ms: 0.141541
  ...
# Subtest: a real disconnect on the current socket reports status and reconnects
ok 618 - a real disconnect on the current socket reports status and reconnects
  ---
  duration_ms: 0.112584
  ...
# Subtest: send() only transmits once the current socket reports OPEN, and close() is idempotent-safe
ok 619 - send() only transmits once the current socket reports OPEN, and close() is idempotent-safe
  ---
  duration_ms: 0.103542
  ...
# Subtest: an inbound pong reports round-trip time instead of reaching onMessage
ok 620 - an inbound pong reports round-trip time instead of reaching onMessage
  ---
  duration_ms: 0.683875
  ...
# Subtest: a host error reply survives 200 ms of ticks and world frames, then the connection status returns
ok 621 - a host error reply survives 200 ms of ticks and world frames, then the connection status returns
  ---
  duration_ms: 0.926458
  ...
# Subtest: unchanged recurring status is emitted once however many ticks and frames restate it
ok 622 - unchanged recurring status is emitted once however many ticks and frames restate it
  ---
  duration_ms: 0.238416
  ...
# Subtest: the recurring status that returns after a notice is the latest one, not the one it replaced
ok 623 - the recurring status that returns after a notice is the latest one, not the one it replaced
  ---
  duration_ms: 0.119667
  ...
# Subtest: a join error survives the 500 ms join retry cadence without restating itself
ok 624 - a join error survives the 500 ms join retry cadence without restating itself
  ---
  duration_ms: 0.157208
  ...
# Subtest: a later notice replaces a live notice and extends the hold
ok 625 - a later notice replaces a live notice and extends the hold
  ---
  duration_ms: 0.093667
  ...
# Subtest: a notice raised before any connection status is never replaced by a silent refresh
ok 626 - a notice raised before any connection status is never replaced by a silent refresh
  ---
  duration_ms: 0.11725
  ...
# Subtest: a rejected input frame flashes without holding the line or hiding a real error
ok 627 - a rejected input frame flashes without holding the line or hiding a real error
  ---
  duration_ms: 0.230292
  ...
# Subtest: a terminal notice is never overwritten by recurring status or by later notices
ok 628 - a terminal notice is never overwritten by recurring status or by later notices
  ---
  duration_ms: 0.137167
  ...
# Subtest: target collection arms one normal-strength bomb and preserves volley upgrades
ok 629 - target collection arms one normal-strength bomb and preserves volley upgrades
  ---
  duration_ms: 12.487541
  ...
# Subtest: targeting requires pickup and clamps to the current safe field
ok 630 - targeting requires pickup and clamps to the current safe field
  ---
  duration_ms: 1.016083
  ...
# Subtest: cancel, rejected release and death clear preview without consuming; next round resets
ok 631 - cancel, rejected release and death clear preview without consuming; next round resets
  ---
  duration_ms: 0.984791
  ...
# Subtest: queued release uses its own aim rather than a later packet in the same server tick
ok 632 - queued release uses its own aim rather than a later packet in the same server tick
  ---
  duration_ms: 1.1805
  ...
# Subtest: Target detonates on the release tick, with damage and protection resolved immediately
ok 633 - Target detonates on the release tick, with damage and protection resolved immediately
  ---
  duration_ms: 1.853791
  ...
# Subtest: instant Target blast chains nearby bombs in the same tick
ok 634 - instant Target blast chains nearby bombs in the same tick
  ---
  duration_ms: 1.171792
  ...
# Subtest: host clock replies are bound, single-use, bounded and invalidated at recovery
ok 635 - host clock replies are bound, single-use, bounded and invalidated at recovery
  ---
  duration_ms: 0.89125
  ...
# Subtest: trail clipping preserves contained geometry identity and timestamps
ok 636 - trail clipping preserves contained geometry identity and timestamps
  ---
  duration_ms: 0.708625
  ...
# Subtest: trail clipping trims crossings on every edge in both directions
ok 637 - trail clipping trims crossings on every edge in both directions
  ---
  duration_ms: 1.177625
  ...
# Subtest: trail clipping keeps closed tangent edges and corner contacts
ok 638 - trail clipping keeps closed tangent edges and corner contacts
  ---
  duration_ms: 0.094333
  ...
# Subtest: trail clipping removes exterior points, parallel lines and disjoint diagonal segments
ok 639 - trail clipping removes exterior points, parallel lines and disjoint diagonal segments
  ---
  duration_ms: 0.125916
  ...
# Subtest: overtime trims dead and living trails before collision and snapshot, retaining disconnected pieces
ok 640 - overtime trims dead and living trails before collision and snapshot, retaining disconnected pieces
  ---
  duration_ms: 11.503375
  ...
# Subtest: star, shield and portal grace bounce trails cannot start outside the newly closed field
ok 641 - star, shield and portal grace bounce trails cannot start outside the newly closed field
  ---
  duration_ms: 2.325792
  ...
# Subtest: overtime clipping preserves portal entry and exit discontinuity
ok 642 - overtime clipping preserves portal entry and exit discontinuity
  ---
  duration_ms: 1.097375
  ...
# Subtest: Worker persists an incarnation and allocates authority to the current host connection only
ok 643 - Worker persists an incarnation and allocates authority to the current host connection only
  ---
  duration_ms: 17.944667
  ...
# Subtest: Worker fences host replacement and delayed close without overlapping lease validity
ok 644 - Worker fences host replacement and delayed close without overlapping lease validity
  ---
  duration_ms: 2.450583
  ...
# Subtest: Worker renews only an active exact grant from its current host, with authenticated clock echo
ok 645 - Worker renews only an active exact grant from its current host, with authenticated clock echo
  ---
  duration_ms: 3.062584
  ...
# Subtest: Worker routes only current authenticated endpoints and includes source connection scope
ok 646 - Worker routes only current authenticated endpoints and includes source connection scope
  ---
  duration_ms: 2.944583
  ...
# Subtest: Worker serializes simultaneous host reservations and retains fencing through hibernation state
ok 647 - Worker serializes simultaneous host reservations and retains fencing through hibernation state
  ---
  duration_ms: 1.055708
  ...
# Subtest: Worker rejects malformed clock requests and bounds six active memberships while permitting replacement
ok 648 - Worker rejects malformed clock requests and bounds six active memberships while permitting replacement
  ---
  duration_ms: 5.90575
  ...
# Subtest: Worker reserves creator capacity when invitees arrive before the host
ok 649 - Worker reserves creator capacity when invitees arrive before the host
  ---
  duration_ms: 3.572167
  ...
# Subtest: Worker rejects gameplay relay even between valid host and guest sockets
ok 650 - Worker rejects gameplay relay even between valid host and guest sockets
  ---
  duration_ms: 2.21825
  ...
# Subtest: Worker expires at90seconds without host heartbeat even while guests keep sending
ok 651 - Worker expires at90seconds without host heartbeat even while guests keep sending
  ---
  duration_ms: 1.384125
  ...
# Subtest: Worker end requires host capability and code reuse clears prior authority
ok 652 - Worker end requires host capability and code reuse clears prior authority
  ---
  duration_ms: 2.742875
  ...
# Subtest: Worker current host heartbeats extend deadline while stale closes do not
ok 653 - Worker current host heartbeats extend deadline while stale closes do not
  ---
  duration_ms: 1.584791
  ...
1..653
# tests 653
# suites 0
# pass 653
# fail 0
# cancelled 0
# skipped 0
# todo 0
# duration_ms 17175.539583
--------------------------|---------|----------|---------|---------|--------------------------------
File                      | % Stmts | % Branch | % Funcs | % Lines | Uncovered Line #s              
--------------------------|---------|----------|---------|---------|--------------------------------
All files                 |   99.62 |    94.43 |   99.23 |   99.62 |                                
 client                   |     100 |    97.94 |    98.3 |     100 |                                
  audio-director.ts       |     100 |    98.38 |     100 |     100 | 77                             
  controller-keyboard.ts  |     100 |      100 |     100 |     100 |                                
  controller-pointers.ts  |     100 |    98.48 |   91.66 |     100 | 56                             
  controller-state.ts     |     100 |    98.95 |     100 |     100 | 81                             
  render-snapshot.ts      |     100 |       90 |     100 |     100 | 37-45                          
  snapshot-stream.ts      |     100 |      100 |     100 |     100 |                                
 online                   |   99.73 |    93.18 |   99.05 |   99.73 |                                
  action-replication.ts   |     100 |    89.94 |     100 |     100 | ...135,142,153,159,162,164-166 
  authority-grace.ts      |     100 |      100 |     100 |     100 |                                
  authority-status.ts     |     100 |      100 |     100 |     100 |                                
  authority.ts            |     100 |      100 |     100 |     100 |                                
  checkpoint.ts           |     100 |    92.22 |     100 |     100 | ...112,114,117-119,121,137,141 
  direct-clock.ts         |     100 |    98.98 |     100 |     100 | 75                             
  direct-control.ts       |     100 |      100 |     100 |     100 |                                
  direct-heartbeat.ts     |     100 |    95.52 |     100 |     100 | 19,86,95,100,105,107           
  direct-ingress.ts       |     100 |      100 |     100 |     100 |                                
  direct-origin.ts        |     100 |    97.26 |     100 |     100 | 62,74                          
  direct-presentation.ts  |     100 |    98.46 |     100 |     100 | 28                             
  direct-room-state.ts    |     100 |     94.5 |     100 |     100 | ...,92,100,105,116,124,141-142 
  direct-segment.ts       |     100 |    92.32 |   96.96 |     100 | ...201,210,251,290,301,312,327 
  direct-stream.ts        |     100 |    98.75 |     100 |     100 | 42,159                         
  host-session.ts         |   99.49 |    89.79 |     100 |   99.49 | 41                             
  ice-config.ts           |     100 |    97.36 |     100 |     100 | 13                             
  ice-signal.ts           |     100 |       92 |     100 |     100 | 9,18                           
  keyframe-delivery.ts    |     100 |      100 |     100 |     100 |                                
  link-callback.ts        |     100 |      100 |     100 |     100 |                                
  link-diagnostics.ts     |     100 |       84 |     100 |     100 | 16,20,33,39-42                 
  link-health.ts          |     100 |      100 |     100 |     100 |                                
  link-restart.ts         |     100 |      100 |     100 |     100 |                                
  link-send-gate.ts       |     100 |      100 |     100 |     100 |                                
  local-runtime.ts        |     100 |    89.58 |     100 |     100 | 33,54,61,71-73                 
  mobile-play-policy.ts   |     100 |      100 |     100 |     100 |                                
  prediction-clock.ts     |     100 |    98.03 |     100 |     100 | 37                             
  prediction.ts           |     100 |    87.15 |     100 |     100 | ...1,84-85,106,114-115,118-120 
  recipient-ack.ts        |     100 |      100 |     100 |     100 |                                
  remote-signal.ts        |   95.34 |    94.73 |     100 |   95.34 | 36-37                          
  response-measurement.ts |     100 |    98.52 |     100 |     100 | 25                             
  rollback-world.ts       |     100 |    91.91 |     100 |     100 | ...205,228,236,244-246,253,269 
  room-lifecycle.ts       |     100 |      100 |     100 |     100 |                                
  room-socket-close.ts    |     100 |      100 |     100 |     100 |                                
  runtime.ts              |   98.86 |    90.21 |   93.93 |   98.86 | 36-39,348-349                  
  status-notices.ts       |     100 |      100 |     100 |     100 |                                
  world-codec.ts          |     100 |     86.4 |      90 |     100 | ...64,66,68,71-75,86,88-95,100 
 server                   |    98.2 |     92.2 |     100 |    98.2 |                                
  bomb-input.ts           |     100 |      100 |     100 |     100 |                                
  index.ts                |    97.9 |    90.95 |     100 |    97.9 | 60,74,283-286                  
 service                  |     100 |      100 |     100 |     100 |                                
  signal.ts               |     100 |      100 |     100 |     100 |                                
 shared                   |   99.59 |    96.85 |     100 |   99.59 |                                
  action-log.ts           |     100 |       96 |     100 |     100 | 40,44,75-76,113                
  avatars.ts              |     100 |      100 |     100 |     100 |                                
  blast-geometry.ts       |     100 |      100 |     100 |     100 |                                
  bomb-launch.ts          |     100 |      100 |     100 |     100 |                                
  bot-controller.ts       |     100 |      100 |     100 |     100 |                                
  deterministic-math.ts   |     100 |      100 |     100 |     100 |                                
  direct-input.ts         |     100 |      100 |     100 |     100 |                                
  drunk.ts                |     100 |      100 |     100 |     100 |                                
  duration-text.ts        |     100 |      100 |     100 |     100 |                                
  game.ts                 |   99.44 |    95.82 |     100 |   99.44 | 342-343,730-731,1154-1156      
  gun.ts                  |     100 |    88.23 |     100 |     100 | 26,31                          
  launch-modifiers.ts     |     100 |      100 |     100 |     100 |                                
  leaderboard.ts          |   96.63 |    94.33 |     100 |   96.63 | 46-47,89-90                    
  match-recap.ts          |     100 |    95.71 |     100 |     100 | 23,83,86                       
  match-stats.ts          |     100 |    98.36 |     100 |     100 | 181                            
  pickup-weights.ts       |     100 |       90 |     100 |     100 | 16                             
  portal.ts               |     100 |      100 |     100 |     100 |                                
  protocol.ts             |     100 |      100 |     100 |     100 |                                
  rider-motion.ts         |     100 |      100 |     100 |     100 |                                
  room-code.ts            |     100 |      100 |     100 |     100 |                                
  room-settings.ts        |     100 |    92.85 |     100 |     100 | 27                             
  shell.ts                |     100 |    93.47 |     100 |     100 | 15,47-50                       
  trail-clipping.ts       |     100 |      100 |     100 |     100 |                                
--------------------------|---------|----------|---------|---------|--------------------------------
