
> fuse-riders@1.0.0 test:coverage
> c8 tsx --test tests/*.test.ts

TAP version 13
# Subtest: accepted host actions replay complete lifecycle, bots, timeout cancellation and resets
ok 1 - accepted host actions replay complete lifecycle, bots, timeout cancellation and resets
  ---
  duration_ms: 4213.364542
  ...
# Subtest: replica game checkpoint preserves connected and charging state without host recovery sanitization
ok 2 - replica game checkpoint preserves connected and charging state without host recovery sanitization
  ---
  duration_ms: 2.683125
  ...
# Subtest: steady held input records only changes; bomb edges never persist into later ticks
ok 3 - steady held input records only changes; bomb edges never persist into later ticks
  ---
  duration_ms: 1.934458
  ...
# Subtest: MessagePack tuples and malformed operations are bounded
ok 4 - MessagePack tuples and malformed operations are bounded
  ---
  duration_ms: 2.127792
  ...
# Subtest: real encoded sender/receiver: duplicate, dropped and reordered batches repair without divergent commit
ok 5 - real encoded sender/receiver: duplicate, dropped and reordered batches repair without divergent commit
  ---
  duration_ms: 4.622209
  ...
# Subtest: invalid transaction and repeated hash mismatch never replace healthy state; fresh baseline repairs
ok 6 - invalid transaction and repeated hash mismatch never replace healthy state; fresh baseline repairs
  ---
  duration_ms: 1.817916
  ...
# Subtest: checkpoint chunk loss, reordering, corruption and timeout are bounded
ok 7 - checkpoint chunk loss, reordering, corruption and timeout are bounded
  ---
  duration_ms: 3.564208
  ...
# Subtest: decoder rejects nested allocation bombs before decoding and accepts ordinary envelopes
ok 8 - decoder rejects nested allocation bombs before decoding and accepts ordinary envelopes
  ---
  duration_ms: 6.675
  ...
# Subtest: checkpoint and action identity validation agree, including history bounds and legal slot reuse
ok 9 - checkpoint and action identity validation agree, including history bounds and legal slot reuse
  ---
  duration_ms: 69.126167
  ...
# Subtest: newer checkpoint generations cannot erase same-tick accepted lifecycle operations
ok 10 - newer checkpoint generations cannot erase same-tick accepted lifecycle operations
  ---
  duration_ms: 1.481958
  ...
# Subtest: hash comparison survives backpressure precisely on twentieth ticks
ok 11 - hash comparison survives backpressure precisely on twentieth ticks
  ---
  duration_ms: 8.012875
  ...
# Subtest: missing middle checkpoint chunk times out, throttled pump recovers with a fresh generation
ok 12 - missing middle checkpoint chunk times out, throttled pump recovers with a fresh generation
  ---
  duration_ms: 77.032208
  ...
# Subtest: signed-zero headings and arena-coordinate bomb targets survive checkpoint suffix replay
ok 13 - signed-zero headings and arena-coordinate bomb targets survive checkpoint suffix replay
  ---
  duration_ms: 2.181
  ...
# Subtest: host refuses a new historical identity before replay/checkpoint capacity is exceeded
ok 14 - host refuses a new historical identity before replay/checkpoint capacity is exceeded
  ---
  duration_ms: 2.38575
  ...
# Subtest: signed-zero local aim is normalized before MessagePack checkpoint and action capture
ok 15 - signed-zero local aim is normalized before MessagePack checkpoint and action capture
  ---
  duration_ms: 2.949625
  ...
# Subtest: MessagePack action changes carry full applied ticks across sparse input and bomb transitions
ok 16 - MessagePack action changes carry full applied ticks across sparse input and bomb transitions
  ---
  duration_ms: 2.032167
  ...
# Subtest: absolute action ticks above uint16 replay independently of previous held timestamps
ok 17 - absolute action ticks above uint16 replay independently of previous held timestamps
  ---
  duration_ms: 0.522541
  ...
# Subtest: action tick mismatch and legacy replay checkpoints preserve healthy receiver state
ok 18 - action tick mismatch and legacy replay checkpoints preserve healthy receiver state
  ---
  duration_ms: 1.506917
  ...
# Subtest: assets resolve once under a Pages base and preserve external URLs
ok 19 - assets resolve once under a Pages base and preserve external URLs
  ---
  duration_ms: 0.456459
  ...
# Subtest: audio requires gesture unlock, routes independent mute and volume, and tolerates refusal
ok 20 - audio requires gesture unlock, routes independent mute and volume, and tolerates refusal
  ---
  duration_ms: 0.985625
  ...
# Subtest: original score loops with bounded scheduling and no background catch-up
ok 21 - original score loops with bounded scheduling and no background catch-up
  ---
  duration_ms: 0.503042
  ...
# Subtest: authoritative effects coalesce volleys, reject stale events and baseline reconnects silently
ok 22 - authoritative effects coalesce volleys, reject stale events and baseline reconnects silently
  ---
  duration_ms: 0.312
  ...
# Subtest: pickup cues use authoritative collection events and reconnect baseline stays silent
ok 23 - pickup cues use authoritative collection events and reconnect baseline stays silent
  ---
  duration_ms: 0.096333
  ...
# Subtest: engine emits collection once only after a real pickup is consumed
ok 24 - engine emits collection once only after a real pickup is consumed
  ---
  duration_ms: 18.882958
  ...
# Subtest: older round snapshots cannot reset scope or stop music
ok 25 - older round snapshots cannot reset scope or stop music
  ---
  duration_ms: 0.189
  ...
# Subtest: eight original scores have long arrangements, distinct melodies and bounded valid voices
ok 26 - eight original scores have long arrangements, distinct melodies and bounded valid voices
  ---
  duration_ms: 13.290916
  ...
# Subtest: playlist completes an arrangement, rotates all eight tunes and retains mute and volume
ok 27 - playlist completes an arrangement, rotates all eight tunes and retains mute and volume
  ---
  duration_ms: 0.754833
  ...
# Subtest: new rounds advance playlist once; repeated snapshots and reconnects do not rewind it
ok 28 - new rounds advance playlist once; repeated snapshots and reconnects do not rewind it
  ---
  duration_ms: 0.118667
  ...
# Subtest: enabled audio plays in the lobby and intermissions and explicit enable confirms output
ok 29 - enabled audio plays in the lobby and intermissions and explicit enable confirms output
  ---
  duration_ms: 0.098875
  ...
# Subtest: two jazz tunes swing in tempo and use soft walking bass and seventh chords
ok 30 - two jazz tunes swing in tempo and use soft walking bass and seventh chords
  ---
  duration_ms: 0.153292
  ...
# Subtest: director schedules swung offbeats without catch-up bursts
ok 31 - director schedules swung offbeats without catch-up bursts
  ---
  duration_ms: 0.104375
  ...
# Subtest: gun launch plays a layered cannon cue
ok 32 - gun launch plays a layered cannon cue
  ---
  duration_ms: 0.102333
  ...
# Subtest: a host stall over the clock threshold pauses advancing but keeps seat scopes; queued and old-scope inputs still apply
ok 33 - a host stall over the clock threshold pauses advancing but keeps seat scopes; queued and old-scope inputs still apply
  ---
  duration_ms: 27.713084
  ...
# Subtest: a single time sample above the lease guard pauses for one sample period without rotating seat scopes
ok 34 - a single time sample above the lease guard pauses for one sample period without rotating seat scopes
  ---
  duration_ms: 6.017292
  ...
# Subtest: continuous non-permission beyond the grace clears seats exactly once; a fresh certification re-arms it
ok 35 - continuous non-permission beyond the grace clears seats exactly once; a fresh certification re-arms it
  ---
  duration_ms: 21.240459
  ...
# Subtest: a lease that actually lapses under a healthy clock stops advancing at once and clears seats after the grace
ok 36 - a lease that actually lapses under a healthy clock stops advancing at once and clears seats after the grace
  ---
  duration_ms: 5.788833
  ...
# Subtest: AuthorityGrace fires once per outage, only after prior permission, and reset() scopes it to one authority
ok 37 - AuthorityGrace fires once per outage, only after prior permission, and reset() scopes it to one authority
  ---
  duration_ms: 0.288125
  ...
# Subtest: authority recovery clears a stale pause once without overwriting subsequent command errors
ok 38 - authority recovery clears a stale pause once without overwriting subsequent command errors
  ---
  duration_ms: 0.446959
  ...
# Subtest: a sustained pause announces itself once; further ticks preserve the notice on screen
ok 39 - a sustained pause announces itself once; further ticks preserve the notice on screen
  ---
  duration_ms: 0.081167
  ...
# Subtest: initial permission produces confirmed status and sustained permission stays silent
ok 40 - initial permission produces confirmed status and sustained permission stays silent
  ---
  duration_ms: 0.050291
  ...
# Subtest: ten distinct avatar ids address exactly ten atlas cells
ok 41 - ten distinct avatar ids address exactly ten atlas cells
  ---
  duration_ms: 2.695291
  ...
# Subtest: default and selected heads appear in authoritative snapshots without changing slot color
ok 42 - default and selected heads appear in authoritative snapshots without changing slot color
  ---
  duration_ms: 8.925916
  ...
# Subtest: live avatar messages only accept a known head and no player override
ok 43 - live avatar messages only accept a known head and no player override
  ---
  duration_ms: 0.15475
  ...
# Subtest: disk uses radial distance rather than bounding square or cross
ok 44 - disk uses radial distance rather than bounding square or cross
  ---
  duration_ms: 0.826625
  ...
# Subtest: swept disk detects crossing, tangent, radius padding and endpoint misses
ok 45 - swept disk detects crossing, tangent, radius padding and endpoint misses
  ---
  duration_ms: 0.180667
  ...
# Subtest: ordered bomb edges survive a between-tick tap, while held resends do not repeat presses
ok 46 - ordered bomb edges survive a between-tick tap, while held resends do not repeat presses
  ---
  duration_ms: 0.777958
  ...
# Subtest: interruption discards even a queued release and requires a neutral handshake
ok 47 - interruption discards even a queued release and requires a neutral handshake
  ---
  duration_ms: 0.094042
  ...
# Subtest: overflow cancels the bounded queue and a later fresh press can recover
ok 48 - overflow cancels the bounded queue and a later fresh press can recover
  ---
  duration_ms: 0.063917
  ...
# Subtest: target input preserves per-release aim despite later packets and caller mutation
ok 49 - target input preserves per-release aim despite later packets and caller mutation
  ---
  duration_ms: 0.107458
  ...
# Subtest: maps charge ticks linearly between accepted minimum and maximum
ok 50 - maps charge ticks linearly between accepted minimum and maximum
  ---
  duration_ms: 0.413
  ...
# Subtest: projects along the release angle and clamps each coordinate to safe bounds
ok 51 - projects along the release angle and clamps each coordinate to safe bounds
  ---
  duration_ms: 0.595333
  ...
# Subtest: AI is deterministic, uses its injected random stream and never mutates the observed world
ok 52 - AI is deterministic, uses its injected random stream and never mutates the observed world
  ---
  duration_ms: 24.438
  ...
# Subtest: AI is neutral when absent, dead, disconnected or waiting for next round
ok 53 - AI is neutral when absent, dead, disconnected or waiting for next round
  ---
  duration_ms: 1.030291
  ...
# Subtest: AI turns away from imminent walls, trails and rider paths
ok 54 - AI turns away from imminent walls, trails and rider paths
  ---
  duration_ms: 5.595708
  ...
# Subtest: AI considers expired and recent own trails, pickups, blasts, shells and drunk heading without changing physics
ok 55 - AI considers expired and recent own trails, pickups, blasts, shells and drunk heading without changing physics
  ---
  duration_ms: 1.776208
  ...
# Subtest: AI presses, holds and releases ordinary bombs through the same charge/cooldown rules
ok 56 - AI presses, holds and releases ordinary bombs through the same charge/cooldown rules
  ---
  duration_ms: 20.439708
  ...
# Subtest: AI target/gun/shell shots use normal input actions and target aim is bounded
ok 57 - AI target/gun/shell shots use normal input actions and target aim is bounded
  ---
  duration_ms: 8.762416
  ...
# Subtest: Host alone can manage AI, five shared slots are enforced, and a solo host can start
ok 58 - Host alone can manage AI, five shared slots are enforced, and a solo host can start
  ---
  duration_ms: 0.989625
  ...
# Subtest: AI arriving during a match waits and appears in the next round without a timed click
ok 59 - AI arriving during a match waits and appears in the next round without a timed click
  ---
  duration_ms: 62.455792
  ...
# Subtest: AI removal/reset frees its slot without converting humans or reusing old bot identity
ok 60 - AI removal/reset frees its slot without converting humans or reusing old bot identity
  ---
  duration_ms: 0.282416
  ...
# Subtest: Checkpoint v3 restores only validated bot ownership and rejects malformed registries atomically
ok 61 - Checkpoint v3 restores only validated bot ownership and rejects malformed registries atomically
  ---
  duration_ms: 5.588625
  ...
# Subtest: visual projection uses authoritative tick spacing during packet bursts
ok 62 - visual projection uses authoritative tick spacing during packet bursts
  ---
  duration_ms: 0.607167
  ...
# Subtest: visual projection freezes after 50 ms and never projects death or non-playing phases
ok 63 - visual projection freezes after 50 ms and never projects death or non-playing phases
  ---
  duration_ms: 0.082125
  ...
# Subtest: visual projection does not cross round, match, membership or timestamp boundaries
ok 64 - visual projection does not cross round, match, membership or timestamp boundaries
  ---
  duration_ms: 0.088833
  ...
# Subtest: visual projection snaps a portal transit and resumes on the next ordinary movement pair
ok 65 - visual projection snaps a portal transit and resumes on the next ordinary movement pair
  ---
  duration_ms: 0.077375
  ...
# Subtest: multitouch retains a control until its final pointer releases
ok 66 - multitouch retains a control until its final pointer releases
  ---
  duration_ms: 0.54625
  ...
# Subtest: fast bomb tap and cancellation always send the falling edge
ok 67 - fast bomb tap and cancellation always send the falling edge
  ---
  duration_ms: 0.1025
  ...
# Subtest: pointer cancellation never launches and lost capture after release is a no-op
ok 68 - pointer cancellation never launches and lost capture after release is a no-op
  ---
  duration_ms: 0.082625
  ...
# Subtest: reconnect can force a neutral sample to rearm bomb edges
ok 69 - reconnect can force a neutral sample to rearm bomb edges
  ---
  duration_ms: 0.057833
  ...
# Subtest: held-state resend advances sequence while idle resend stays silent
ok 70 - held-state resend advances sequence while idle resend stays silent
  ---
  duration_ms: 0.076042
  ...
# Subtest: snapshot acceptance handles opaque match ids without lexicographic ordering
ok 71 - snapshot acceptance handles opaque match ids without lexicographic ordering
  ---
  duration_ms: 0.129833
  ...
# Subtest: snapshot acceptance rejects an older round in the active match
ok 72 - snapshot acceptance rejects an older round in the active match
  ---
  duration_ms: 0.047375
  ...
# Subtest: target preview projects for at most one tick and stays inside the arena
ok 73 - target preview projects for at most one tick and stays inside the arena
  ---
  duration_ms: 0.098417
  ...
# Subtest: shell visuals advance between server ticks and reflect off walls without changing authority
ok 74 - shell visuals advance between server ticks and reflect off walls without changing authority
  ---
  duration_ms: 0.219791
  ...
# Subtest: public smoke exercises real gateway socket boundaries and emits no credentials
ok 75 - public smoke exercises real gateway socket boundaries and emits no credentials
  ---
  duration_ms: 56.322709
  ...
# Subtest: public smoke stops on broken CORS and reports only a safe check label
ok 76 - public smoke stops on broken CORS and reports only a safe check label
  ---
  duration_ms: 14.985958
  ...
# Subtest: public smoke rejects plaintext and credential-bearing production origins before requests
ok 77 - public smoke rejects plaintext and credential-bearing production origins before requests
  ---
  duration_ms: 3283.101958
  ...
# Subtest: arrows share held state and Space emits exactly one press and release despite repeats
ok 78 - arrows share held state and Space emits exactly one press and release despite repeats
  ---
  duration_ms: 1.003
  ...
# Subtest: pointer ownership survives keyboard release and cancellation
ok 79 - pointer ownership survives keyboard release and cancellation
  ---
  duration_ms: 0.107625
  ...
# Subtest: menu/focus/visibility cancellation never fires and repeat after reset cannot restart charge
ok 80 - menu/focus/visibility cancellation never fires and repeat after reset cannot restart charge
  ---
  duration_ms: 0.093416
  ...
# Subtest: blocked and unrelated keys retain normal browser handling
ok 81 - blocked and unrelated keys retain normal browser handling
  ---
  duration_ms: 0.058459
  ...
# Subtest: blocked new key clears previously held keys without releasing a bomb
ok 82 - blocked new key clears previously held keys without releasing a bomb
  ---
  duration_ms: 0.116292
  ...
# Subtest: browser modifier shortcuts remain untouched while keyup releases an earlier plain hold
ok 83 - browser modifier shortcuts remain untouched while keyup releases an earlier plain hold
  ---
  duration_ms: 0.118083
  ...
# Subtest: A and D aliases retain independent held ownership from arrow keys
ok 84 - A and D aliases retain independent held ownership from arrow keys
  ---
  duration_ms: 0.076375
  ...
# Subtest: keyboard ArrowLeft/ArrowRight and Space share serialized steering and charge/release semantics
ok 85 - keyboard ArrowLeft/ArrowRight and Space share serialized steering and charge/release semantics
  ---
  duration_ms: 1.276042
  ...
# Subtest: keyboard KeyA/KeyD and Space share serialized steering and charge/release semantics
ok 86 - keyboard KeyA/KeyD and Space share serialized steering and charge/release semantics
  ---
  duration_ms: 0.119667
  ...
# Subtest: arrow and letter aliases keep steering until both keys are released
ok 87 - arrow and letter aliases keep steering until both keys are released
  ---
  duration_ms: 0.27
  ...
# Subtest: keyboard and pointer holds do not release each other
ok 88 - keyboard and pointer holds do not release each other
  ---
  duration_ms: 0.253
  ...
# Subtest: focus/lifecycle cancellation never fires or reactivates a held key on repeat
ok 89 - focus/lifecycle cancellation never fires or reactivates a held key on repeat
  ---
  duration_ms: 0.170916
  ...
# Subtest: typing, disabled contexts and browser shortcuts are left alone, but keyup still releases
ok 90 - typing, disabled contexts and browser shortcuts are left alone, but keyup still releases
  ---
  duration_ms: 0.137042
  ...
# Subtest: recycled pointer ownership cancels old steering and makes both buttons reusable
ok 91 - recycled pointer ownership cancels old steering and makes both buttons reusable
  ---
  duration_ms: 0.137334
  ...
# Subtest: global release works if capture throws and leaves simultaneous touches intact
ok 92 - global release works if capture throws and leaves simultaneous touches intact
  ---
  duration_ms: 0.107791
  ...
# Subtest: lost capture and clear cancel charge without accidental release, then recover immediately
ok 93 - lost capture and clear cancel charge without accidental release, then recover immediately
  ---
  duration_ms: 0.123375
  ...
# Subtest: disabled buttons, unrelated capture loss, right clicks and duplicate terminal events do nothing
ok 94 - disabled buttons, unrelated capture loss, right clicks and duplicate terminal events do nothing
  ---
  duration_ms: 0.816834
  ...
# Subtest: input model independently repairs pointer reassignment and preserves duplicate down
ok 95 - input model independently repairs pointer reassignment and preserves duplicate down
  ---
  duration_ms: 0.099916
  ...
# Subtest: held drag enters, switches and exits buttons without tapping; hovering does not press
ok 96 - held drag enters, switches and exits buttons without tapping; hovering does not press
  ---
  duration_ms: 0.200667
  ...
# Subtest: Target aim keeps its thumb while sliding across other controls
ok 97 - Target aim keeps its thumb while sliding across other controls
  ---
  duration_ms: 0.535041
  ...
# Subtest: cancelled or cleared contacts cannot slide-reactivate before lifting
ok 98 - cancelled or cleared contacts cannot slide-reactivate before lifting
  ---
  duration_ms: 0.189166
  ...
# Subtest: target trackpad uses relative motion, throttles packets and sends final release coordinates
ok 99 - target trackpad uses relative motion, throttles packets and sends final release coordinates
  ---
  duration_ms: 0.985834
  ...
# Subtest: aim clamps the board and other fingers cannot move it; cancellation clears it
ok 100 - aim clamps the board and other fingers cannot move it; cancellation clears it
  ---
  duration_ms: 0.134625
  ...
# Subtest: second Fire contact inherits aim without a jump, refresh does not reset active aim
ok 101 - second Fire contact inherits aim without a jump, refresh does not reset active aim
  ---
  duration_ms: 0.079
  ...
# Subtest: ordinary controls send no aim and invalid positions do not corrupt it
ok 102 - ordinary controls send no aim and invalid positions do not corrupt it
  ---
  duration_ms: 0.075375
  ...
# Subtest: host intention waits for permission, latest wins, expires and cannot cross authority reset
ok 103 - host intention waits for permission, latest wins, expires and cannot cross authority reset
  ---
  duration_ms: 0.7535
  ...
# Subtest: release or cancel after round/match completion stays replayable through late rollback and finality
ok 104 - release or cancel after round/match completion stays replayable through late rollback and finality
  ---
  duration_ms: 96.677625
  ...
# Subtest: wire actions use full uint32 ticks and strict bounded MessagePack tuples
ok 105 - wire actions use full uint32 ticks and strict bounded MessagePack tuples
  ---
  duration_ms: 0.602541
  ...
# Subtest: independent stream fills holes, permits older repairs after watermark, ignores reordered watermarks
ok 106 - independent stream fills holes, permits older repairs after watermark, ignores reordered watermarks
  ---
  duration_ms: 0.1325
  ...
# Subtest: conflicting IDs, incomparable promises, chronological inversion and reused gesture are atomic faults
ok 107 - conflicting IDs, incomparable promises, chronological inversion and reused gesture are atomic faults
  ---
  duration_ms: 0.208166
  ...
# Subtest: whole world advances with no action packets, then bounded rollback exactly reconstructs late actions
ok 108 - whole world advances with no action packets, then bounded rollback exactly reconstructs late actions
  ---
  duration_ms: 26.442417
  ...
# Subtest: all same-tick press/release packet permutations yield exactly one identical shot
ok 109 - all same-tick press/release packet permutations yield exactly one identical shot
  ---
  duration_ms: 43.641042
  ...
# Subtest: replacement press restarts charge; old release cannot fire the newer gesture
ok 110 - replacement press restarts charge; old release cannot fire the newer gesture
  ---
  duration_ms: 7.395458
  ...
# Subtest: missing press never invents charge; cancel and aiming preserve per-action target order
ok 111 - missing press never invents charge; cancel and aiming preserve per-action target order
  ---
  duration_ms: 4.614625
  ...
# Subtest: idle repair delivers a lost final release; receipt loss never duplicates shots
ok 112 - idle repair delivers a lost final release; receipt loss never duplicates shots
  ---
  duration_ms: 4.472875
  ...
# Subtest: origin immediately sends newest plus old gap records; backpressure repair is paced and bounded
ok 113 - origin immediately sends newest plus old gap records; backpressure repair is paced and bounded
  ---
  duration_ms: 60.310459
  ...
# Subtest: finality waits for cross-channel input gaps, then emits derived effects exactly once
ok 114 - finality waits for cross-channel input gaps, then emits derived effects exactly once
  ---
  duration_ms: 13.241583
  ...
# Subtest: finalized bootstrap uses applied prefixes, leaving already received future actions for suffix replay
ok 115 - finalized bootstrap uses applied prefixes, leaving already received future actions for suffix replay
  ---
  duration_ms: 15.269708
  ...
# Subtest: speculation pauses at its fixed bound and resumes after verified finality
ok 116 - speculation pauses at its fixed bound and resumes after verified finality
  ---
  duration_ms: 40.292208
  ...
# Subtest: malformed/future/wrong-owner/stale-segment messages do not alter healthy world
ok 117 - malformed/future/wrong-owner/stale-segment messages do not alter healthy world
  ---
  duration_ms: 11.084667
  ...
# Subtest: invalid bootstrap, changed rules, corrupt state and wrong scope never instantiate a replica
ok 118 - invalid bootstrap, changed rules, corrupt state and wrong scope never instantiate a replica
  ---
  duration_ms: 10.283667
  ...
# Subtest: encoded history budget rejects growth atomically rather than discarding rollback dependencies
ok 119 - encoded history budget rejects growth atomically rather than discarding rollback dependencies
  ---
  duration_ms: 4.643834
  ...
# Subtest: six independently advancing replicas converge through delayed/reordered delivery for five streams
ok 120 - six independently advancing replicas converge through delayed/reordered delivery for five streams
  ---
  duration_ms: 6599.522958
  ...
# Subtest: new completeness cuts preserve older promises and already certified progress
ok 121 - new completeness cuts preserve older promises and already certified progress
  ---
  duration_ms: 0.181
  ...
# Subtest: watermark cuts, including empty periods, have a hard retention bound
ok 122 - watermark cuts, including empty periods, have a hard retention bound
  ---
  duration_ms: 0.683334
  ...
# Subtest: bootstrap rejects a rehashed impossible gesture state, not only corrupt hashes
ok 123 - bootstrap rejects a rehashed impossible gesture state, not only corrupt hashes
  ---
  duration_ms: 1.240875
  ...
# Subtest: older complete finality advances while newer certificates still await input repair
ok 124 - older complete finality advances while newer certificates still await input repair
  ---
  duration_ms: 27.704833
  ...
# Subtest: pending certificates normalize prefix order and reject conflicts without bypassing a bad older hash
ok 125 - pending certificates normalize prefix order and reject conflicts without bypassing a bad older hash
  ---
  duration_ms: 10.305792
  ...
# Subtest: pending finality has a forty-tick bound and encoded-byte admission is atomic
ok 126 - pending finality has a forty-tick bound and encoded-byte admission is atomic
  ---
  duration_ms: 9.582916
  ...
# Subtest: lost receipts retain the oldest gap without starving rotation through the unacknowledged tail
ok 127 - lost receipts retain the oldest gap without starving rotation through the unacknowledged tail
  ---
  duration_ms: 0.523583
  ...
# Subtest: delivery exact cuts exclude future groups and cannot contradict retained actions
ok 128 - delivery exact cuts exclude future groups and cannot contradict retained actions
  ---
  duration_ms: 0.102333
  ...
# Subtest: remote future staging derives from both clock uncertainties without extending the execution horizon
ok 129 - remote future staging derives from both clock uncertainties without extending the execution horizon
  ---
  duration_ms: 13.370125
  ...
# Subtest: recovery distinguishes invalid action admission from verified finality disagreement
ok 130 - recovery distinguishes invalid action admission from verified finality disagreement
  ---
  duration_ms: 4.137042
  ...
# Subtest: combined progress rejects late conflicts atomically, including pending finality and events
ok 131 - combined progress rejects late conflicts atomically, including pending finality and events
  ---
  duration_ms: 11.791458
  ...
# Subtest: compact control admits only complete bounded clock and finality schemas
ok 132 - compact control admits only complete bounded clock and finality schemas
  ---
  duration_ms: 1.591292
  ...
# Subtest: each pair elects one initiator, with the follower initiating clock exchanges
ok 133 - each pair elects one initiator, with the follower initiating clock exchanges
  ---
  duration_ms: 0.444542
  ...
# Subtest: quiet healthy pairs exchange one request/reply per second and confirm both directions
ok 134 - quiet healthy pairs exchange one request/reply per second and confirm both directions
  ---
  duration_ms: 5.805042
  ...
# Subtest: lost replies and rejected enqueues retry with fresh IDs then return to the quiet cadence
ok 135 - lost replies and rejected enqueues retry with fresh IDs then return to the quiet cadence
  ---
  duration_ms: 1.044417
  ...
# Subtest: one-sided loss cannot keep the responder healthy with fresh requests alone
ok 136 - one-sided loss cannot keep the responder healthy with fresh requests alone
  ---
  duration_ms: 2.667417
  ...
# Subtest: replayed or reordered heartbeat IDs cannot reinstall data or refresh acknowledgement time
ok 137 - replayed or reordered heartbeat IDs cannot reinstall data or refresh acknowledgement time
  ---
  duration_ms: 1.958958
  ...
# Subtest: late or unsolicited replies cannot qualify a clock or link
ok 138 - late or unsolicited replies cannot qualify a clock or link
  ---
  duration_ms: 0.182958
  ...
# Subtest: shape, nested alias/nonce, role and byte checks precede application acceptance
ok 139 - shape, nested alias/nonce, role and byte checks precede application acceptance
  ---
  duration_ms: 0.524209
  ...
# Subtest: a rejected application candidate consumes no incoming identity or health evidence
ok 140 - a rejected application candidate consumes no incoming identity or health evidence
  ---
  duration_ms: 0.1395
  ...
# Subtest: fast qualification is bounded, stop clears attempts, and sequence exhaustion never wraps
ok 141 - fast qualification is bounded, stop clears attempts, and sequence exhaustion never wraps
  ---
  duration_ms: 6.778625
  ...
# Subtest: maximum integer cuts, receipts and certificate fit the complete fast packet budget
ok 142 - maximum integer cuts, receipts and certificate fit the complete fast packet budget
  ---
  duration_ms: 5.004375
  ...
# Subtest: non-clock pairs accept delayed liveness evidence only within its 2.5 second window
ok 143 - non-clock pairs accept delayed liveness evidence only within its 2.5 second window
  ---
  duration_ms: 0.263792
  ...
# Subtest: stopping a scope inside application callbacks prevents sends and acknowledgement installation
ok 144 - stopping a scope inside application callbacks prevents sends and acknowledgement installation
  ---
  duration_ms: 0.149291
  ...
# Subtest: synchronous request and reply delivery preserves pending correlation and quiet cadence
ok 145 - synchronous request and reply delivery preserves pending correlation and quiet cadence
  ---
  duration_ms: 0.174792
  ...
# Subtest: a responder stopped while constructing or sending its reply cannot establish remote proof
ok 146 - a responder stopped while constructing or sending its reply cannot establish remote proof
  ---
  duration_ms: 0.18075
  ...
# Subtest: one-second exchanges carry real correlated clock samples without separate probes
ok 147 - one-second exchanges carry real correlated clock samples without separate probes
  ---
  duration_ms: 3.36775
  ...
# Subtest: immutable roster permissions authorize disjoint action and receipt slot flows
ok 148 - immutable roster permissions authorize disjoint action and receipt slot flows
  ---
  duration_ms: 0.595417
  ...
# Subtest: flow burst and refill are exact, and repeated binding never refills them
ok 149 - flow burst and refill are exact, and repeated binding never refills them
  ---
  duration_ms: 0.418542
  ...
# Subtest: five legitimate100Hz stream flows preserve their separate liveness allowance
ok 150 - five legitimate100Hz stream flows preserve their separate liveness allowance
  ---
  duration_ms: 15.561833
  ...
# Subtest: liveness has a reserved burst even when all five flow bursts are used
ok 151 - liveness has a reserved burst even when all five flow bursts are used
  ---
  duration_ms: 0.369542
  ...
# Subtest: packet limits apply before parsing and the association budget survives alias changes
ok 152 - packet limits apply before parsing and the association budget survives alias changes
  ---
  duration_ms: 0.445833
  ...
# Subtest: one aggregate consumes one reserved token after every nested slot is authorized
ok 153 - one aggregate consumes one reserved token after every nested slot is authorized
  ---
  duration_ms: 0.196708
  ...
# Subtest: seeded jitter reorders fast actions but keeps reliable messages ordered and copies queued binary data
ok 154 - seeded jitter reorders fast actions but keeps reliable messages ordered and copies queued binary data
  ---
  duration_ms: 1.044292
  ...
# Subtest: fast loss leaves reliable delivery intact and shared sender bandwidth delays both channels
ok 155 - fast loss leaves reliable delivery intact and shared sender bandwidth delays both channels
  ---
  duration_ms: 0.100125
  ...
# Subtest: fixture queues are bounded and report overflow and closed sends explicitly
ok 156 - fixture queues are bounded and report overflow and closed sends explicitly
  ---
  duration_ms: 4.330584
  ...
# Subtest: per-channel buffered amount excludes propagation delay after shared serialization and resets on stop
ok 157 - per-channel buffered amount excludes propagation delay after shared serialization and resets on stop
  ---
  duration_ms: 0.106166
  ...
# Subtest: held controls emit only edges, with independent wire and UI sequence numbering
ok 158 - held controls emit only edges, with independent wire and UI sequence numbering
  ---
  duration_ms: 1.253167
  ...
# Subtest: a local change group is atomic until the caller installs the candidate
ok 159 - a local change group is atomic until the caller installs the candidate
  ---
  duration_ms: 1.142042
  ...
# Subtest: all subscriber candidates admit a full group before bytes, and failed enqueue retains it for repair
ok 160 - all subscriber candidates admit a full group before bytes, and failed enqueue retains it for repair
  ---
  duration_ms: 0.508958
  ...
# Subtest: press replacement, missing press, release and neutral cancellation preserve gesture semantics
ok 161 - press replacement, missing press, release and neutral cancellation preserve gesture semantics
  ---
  duration_ms: 0.111375
  ...
# Subtest: origin exact cuts cannot cover future actions or permit a later action before the cut
ok 162 - origin exact cuts cannot cover future actions or permit a later action before the cut
  ---
  duration_ms: 0.150667
  ...
# Subtest: invalid local frames and exhausted ticks consume neither revisions nor actions
ok 163 - invalid local frames and exhausted ticks consume neither revisions nor actions
  ---
  duration_ms: 0.201417
  ...
# Subtest: future start requires coordinator confirmation, and both clocks advance without gameplay packets
ok 164 - future start requires coordinator confirmation, and both clocks advance without gameplay packets
  ---
  duration_ms: 0.576
  ...
# Subtest: lowest RTT filtering tolerates valid asymmetric delay without a false four-tick fault
ok 165 - lowest RTT filtering tolerates valid asymmetric delay without a false four-tick fault
  ---
  duration_ms: 0.107959
  ...
# Subtest: running clock slews in either direction at one tick per second and never moves backward
ok 166 - running clock slews in either direction at one tick per second and never moves backward
  ---
  duration_ms: 0.208208
  ...
# Subtest: scope fences, expired and reordered replies cannot move time or refresh readiness
ok 167 - scope fences, expired and reordered replies cannot move time or refresh readiness
  ---
  duration_ms: 0.153334
  ...
# Subtest: discrepancy and monotonic-clock faults stay latched, including on the coordinator
ok 168 - discrepancy and monotonic-clock faults stay latched, including on the coordinator
  ---
  duration_ms: 0.132959
  ...
# Subtest: stale baseline recovery remains conservative, and a failed release cannot revive after a fresh sample
ok 169 - stale baseline recovery remains conservative, and a failed release cannot revive after a fresh sample
  ---
  duration_ms: 0.139875
  ...
# Subtest: origin bounds unpublished tick frontiers and publishing a cut restores capacity atomically
ok 170 - origin bounds unpublished tick frontiers and publishing a cut restores capacity atomically
  ---
  duration_ms: 15.286375
  ...
# Subtest: expiry cannot turn an uncertain idle clock into a qualified projection
ok 171 - expiry cannot turn an uncertain idle clock into a qualified projection
  ---
  duration_ms: 0.130625
  ...
# Subtest: uncertainty admission persists even when no read occurs before samples expire
ok 172 - uncertainty admission persists even when no read occurs before samples expire
  ---
  duration_ms: 0.163
  ...
# Subtest: heartbeat nonces are unique, bounded and correlated with pending clock samples
ok 173 - heartbeat nonces are unique, bounded and correlated with pending clock samples
  ---
  duration_ms: 0.1225
  ...
# Subtest: quiet clock projection grows drift uncertainty and retains it after sample expiry
ok 174 - quiet clock projection grows drift uncertainty and retains it after sample expiry
  ---
  duration_ms: 0.089042
  ...
# Subtest: drift during an asymmetric clock exchange remains inside the reported interval
ok 175 - drift during an asymmetric clock exchange remains inside the reported interval
  ---
  duration_ms: 0.075958
  ...
# Subtest: a prepared clock reply cannot consume the live nonce until its whole aggregate is adopted
ok 176 - a prepared clock reply cannot consume the live nonce until its whole aggregate is adopted
  ---
  duration_ms: 0.126
  ...
# Subtest: initial room preparation accepts tick-stamped snapshots and rejects unknown snapshot fields
ok 177 - initial room preparation accepts tick-stamped snapshots and rejects unknown snapshot fields
  ---
  duration_ms: 9.549625
  ...
# Subtest: lifecycle changes reproduce validated management operations with neutral input state
ok 178 - lifecycle changes reproduce validated management operations with neutral input state
  ---
  duration_ms: 22.096166
  ...
# Subtest: lifecycle checkpoint validation fences the actual old state and leaves healthy state untouched
ok 179 - lifecycle checkpoint validation fences the actual old state and leaves healthy state untouched
  ---
  duration_ms: 10.934959
  ...
# Subtest: controller status contains no world geometry and cannot change stream ownership
ok 180 - controller status contains no world geometry and cannot change stream ownership
  ---
  duration_ms: 6.246834
  ...
# Subtest: room catalogs and delegation validate identities and mode-specific simulator ownership
ok 181 - room catalogs and delegation validate identities and mode-specific simulator ownership
  ---
  duration_ms: 3.217167
  ...
# Subtest: played lobby catalog reconstructs the exact nonzero-tick checkpoint and ordered historical scores
ok 182 - played lobby catalog reconstructs the exact nonzero-tick checkpoint and ordered historical scores
  ---
  duration_ms: 2.191375
  ...
# Subtest: full-view preparation rejects a valid checkpoint paired with a different phase, round or status
ok 183 - full-view preparation rejects a valid checkpoint paired with a different phase, round or status
  ---
  duration_ms: 37.612708
  ...
# Subtest: serialized reuse references and ACKs enforce closed tuples, bounds and non-tick operations
ok 184 - serialized reuse references and ACKs enforce closed tuples, bounds and non-tick operations
  ---
  duration_ms: 5.422292
  ...
# Subtest: local reuse and checkpoint derivation produce identical bytes and reject altered base or output proofs atomically
ok 185 - local reuse and checkpoint derivation produce identical bytes and reject altered base or output proofs atomically
  ---
  duration_ms: 53.919375
  ...
# Subtest: reuse eligibility retains the original authority and source/local connections across roster changes
ok 186 - reuse eligibility retains the original authority and source/local connections across roster changes
  ---
  duration_ms: 0.566167
  ...
# Subtest: a reference cannot bypass a newer finalized fence on fallback
ok 187 - a reference cannot bypass a newer finalized fence on fallback
  ---
  duration_ms: 6.853125
  ...
# Subtest: runtime activates direct simulators, starts a match and sends actions directly between guests
ok 188 - runtime activates direct simulators, starts a match and sends actions directly between guests
  ---
  duration_ms: 308.480458
  ...
# Subtest: a failed first recovery enqueue is retried and replaces the paused segment
ok 189 - a failed first recovery enqueue is retried and replaces the paused segment
  ---
  duration_ms: 227.848583
  ...
# Subtest: an unavailable recovery coordinator produces a bounded visible fresh-lobby state
ok 190 - an unavailable recovery coordinator produces a bounded visible fresh-lobby state
  ---
  duration_ms: 204.246208
  ...
# Subtest: a release without a usable tick freezes its gesture before a fresh clock can resume input
ok 191 - a release without a usable tick freezes its gesture before a fresh clock can resume input
  ---
  duration_ms: 466.758
  ...
# Subtest: a refreshed delegated TV without a simulation base pauses instead of creating a new match
ok 192 - a refreshed delegated TV without a simulation base pauses instead of creating a new match
  ---
  duration_ms: 77.22775
  ...
# Subtest: creator refresh in a settled lobby preserves the checkpoint and can switch to shared TV mode
ok 193 - creator refresh in a settled lobby preserves the checkpoint and can switch to shared TV mode
  ---
  duration_ms: 253.887875
  ...
# Subtest: a refreshed guest can rejoin with a fresh command sequence on its replacement connection
ok 194 - a refreshed guest can rejoin with a fresh command sequence on its replacement connection
  ---
  duration_ms: 77.806458
  ...
# Subtest: four healthy connection rebuilds do not consume the corrupt-state recovery budget
ok 195 - four healthy connection rebuilds do not consume the corrupt-state recovery budget
  ---
  duration_ms: 226.632583
  ...
# Subtest: a running recovery episode cannot reset its deadline through clock readiness without finality
ok 196 - a running recovery episode cannot reset its deadline through clock readiness without finality
  ---
  duration_ms: 406.429333
  ...
# Subtest: a delegated coordinator stops retrying an unavailable creator after the plan-request deadline
ok 197 - a delegated coordinator stops retrying an unavailable creator after the plan-request deadline
  ---
  duration_ms: 66.135583
  ...
# Subtest: a delayed current-alias activation cannot resume a latched recovery timeout
ok 198 - a delayed current-alias activation cannot resume a latched recovery timeout
  ---
  duration_ms: 343.424958
  ...
# Subtest: a guest returns after a service-observed departure and lobby seat removal
ok 199 - a guest returns after a service-observed departure and lobby seat removal
  ---
  duration_ms: 77.689083
  ...
# Subtest: invalid future actions do not consume the checkpoint and hash recovery budget
ok 200 - invalid future actions do not consume the checkpoint and hash recovery budget
  ---
  duration_ms: 148.702125
  ...
# Subtest: conflicting metadata for an installed preparation charges one corrupt recovery attempt
ok 201 - conflicting metadata for an installed preparation charges one corrupt recovery attempt
  ---
  duration_ms: 68.913541
  ...
# Subtest: checkpoint backpressure pauses preparation and resumes the same transfer after drain
ok 202 - checkpoint backpressure pauses preparation and resumes the same transfer after drain
  ---
  duration_ms: 64.843417
  ...
# Subtest: header and header-ACK enqueue failures retry delivery without substituting for readiness
ok 203 - header and header-ACK enqueue failures retry delivery without substituting for readiness
  ---
  duration_ms: 75.253583
  ...
# Subtest: stale or malformed header acknowledgements cannot stop preparation delivery
ok 204 - stale or malformed header acknowledgements cannot stop preparation delivery
  ---
  duration_ms: 44.641042
  ...
# Subtest: checkpoint chunks alternate eligible recipients with one successful enqueue per scheduler tick
ok 205 - checkpoint chunks alternate eligible recipients with one successful enqueue per scheduler tick
  ---
  duration_ms: 48.099292
  ...
# Subtest: synchronous authority replacement during a chunk send retires the old transfer immediately
ok 206 - synchronous authority replacement during a chunk send retires the old transfer immediately
  ---
  duration_ms: 35.710166
  ...
# Subtest: synchronous end during a header send stops other recipient sends in the same tick
ok 207 - synchronous end during a header send stops other recipient sends in the same tick
  ---
  duration_ms: 36.752833
  ...
# Subtest: persistent checkpoint backpressure cannot extend the recovery deadline indefinitely
ok 208 - persistent checkpoint backpressure cannot extend the recovery deadline indefinitely
  ---
  duration_ms: 264.868041
  ...
# Subtest: new creator plans cannot postpone an unfinished guest recovery episode indefinitely
ok 209 - new creator plans cannot postpone an unfinished guest recovery episode indefinitely
  ---
  duration_ms: 260.358083
  ...
# Subtest: an accepted plan without a preparation header times out visibly
ok 210 - an accepted plan without a preparation header times out visibly
  ---
  duration_ms: 258.335417
  ...
# Subtest: new plans without any headers cannot restart the guest availability deadline
ok 211 - new plans without any headers cannot restart the guest availability deadline
  ---
  duration_ms: 254.405041
  ...
# Subtest: settled room metadata stops repeating until a lifecycle change
ok 212 - settled room metadata stops repeating until a lifecycle change
  ---
  duration_ms: 90.015583
  ...
# Subtest: a rejected plan enqueue and missing acknowledgement retry without reinstalling the plan
ok 213 - a rejected plan enqueue and missing acknowledgement retry without reinstalling the plan
  ---
  duration_ms: 75.503
  ...
# Subtest: stale and foreign acknowledgements cannot stop paced plan delivery, even with duplicate hellos
ok 214 - stale and foreign acknowledgements cannot stop paced plan delivery, even with duplicate hellos
  ---
  duration_ms: 59.935333
  ...
# Subtest: only an identical current plan duplicate receives another delivery acknowledgement
ok 215 - only an identical current plan duplicate receives another delivery acknowledgement
  ---
  duration_ms: 59.221458
  ...
# Subtest: delegated setup request retries do not resend an already acknowledged room plan
ok 216 - delegated setup request retries do not resend an already acknowledged room plan
  ---
  duration_ms: 37.818042
  ...
# Subtest: an intentionally idle shared lobby does not keep a previous simulation recovery deadline running
ok 217 - an intentionally idle shared lobby does not keep a previous simulation recovery deadline running
  ---
  duration_ms: 274.630833
  ...
# Subtest: freezing a runtime deactivates its installed alias before another preparation
ok 218 - freezing a runtime deactivates its installed alias before another preparation
  ---
  duration_ms: 62.584834
  ...
# Subtest: exact lifecycle bases activate without checkpoint chunks even when the bulk lane is blocked
ok 219 - exact lifecycle bases activate without checkpoint chunks even when the bulk lane is blocked
  ---
  duration_ms: 99.373125
  ...
# Subtest: only a peer without an eligible base downloads the lifecycle payload
ok 220 - only a peer without an eligible base downloads the lifecycle payload
  ---
  duration_ms: 99.784459
  ...
# Subtest: a conflicting payload ACK fails the current preparation without accepting a new transfer mode
ok 221 - a conflicting payload ACK fails the current preparation without accepting a new transfer mode
  ---
  duration_ms: 42.693833
  ...
# Subtest: six live segments independently advance and finalize continuous inputs under loss and reordering
ok 222 - six live segments independently advance and finalize continuous inputs under loss and reordering
  ---
  duration_ms: 2018.02975
  ...
# Subtest: shared TV is the only simulator while five controller origins send directly to it
ok 223 - shared TV is the only simulator while five controller origins send directly to it
  ---
  duration_ms: 48.562292
  ...
# Subtest: coordinator traffic is unnecessary for immediate peer actions, then clock/finality loss pauses safely
ok 224 - coordinator traffic is unnecessary for immediate peer actions, then clock/finality loss pauses safely
  ---
  duration_ms: 178.539
  ...
# Subtest: provisional eliminations cannot publish death or placements before verified finality
ok 225 - provisional eliminations cannot publish death or placements before verified finality
  ---
  duration_ms: 3.121375
  ...
# Subtest: controller finality is coordinator-scoped and conflicting progress cannot overwrite the accepted fence
ok 226 - controller finality is coordinator-scoped and conflicting progress cannot overwrite the accepted fence
  ---
  duration_ms: 7.103
  ...
# Subtest: asymmetric clock samples and opposite follower errors retain valid future actions without executing early
ok 227 - asymmetric clock samples and opposite follower errors retain valid future actions without executing early
  ---
  duration_ms: 381.105667
  ...
# Subtest: initial progress grace is bounded and replayed base cuts cannot postpone it
ok 228 - initial progress grace is bounded and replayed base cuts cannot postpone it
  ---
  duration_ms: 101.905708
  ...
# Subtest: replayed progress cannot prevent bounded synchronization when an origin falls silent
ok 229 - replayed progress cannot prevent bounded synchronization when an origin falls silent
  ---
  duration_ms: 172.0955
  ...
# Subtest: uncertain clocks stop input, cuts and world advancement, and a failed release never revives
ok 230 - uncertain clocks stop input, cuts and world advancement, and a failed release never revives
  ---
  duration_ms: 2.561958
  ...
# Subtest: quiet gameplay has one heartbeat exchange per pair per second and no idle action or clock loop
ok 231 - quiet gameplay has one heartbeat exchange per pair per second and no idle action or clock loop
  ---
  duration_ms: 3089.8135
  ...
# {"durationMs":10000,"counts":{"pulse":300,"final":50},"applicationUploadBytesPerSecond":[{"peer":"p0","bytes":611},{"peer":"p1","bytes":101},{"peer":"p2","bytes":101},{"peer":"p3","bytes":101},{"peer":"p4","bytes":101},{"peer":"tv","bytes":79}]}
# Subtest: a heartbeat with an unauthorized nested receipt cannot install its otherwise valid cut
ok 232 - a heartbeat with an unauthorized nested receipt cannot install its otherwise valid cut
  ---
  duration_ms: 17.817833
  ...
# Subtest: newer or duplicate confirmation requests cannot postpone failed delivery expiry
ok 233 - newer or duplicate confirmation requests cannot postpone failed delivery expiry
  ---
  duration_ms: 0.477709
  ...
# Subtest: a reordered old piggyback receipt does not discard a fresh clock sample
ok 234 - a reordered old piggyback receipt does not discard a fresh clock sample
  ---
  duration_ms: 0.486791
  ...
# Subtest: countdown transition is publicly confirmed promptly between periodic certificate ticks
ok 235 - countdown transition is publicly confirmed promptly between periodic certificate ticks
  ---
  duration_ms: 28.602667
  ...
# Subtest: an enqueued but lost certificate pulse cannot cancel reliable finality retry
ok 236 - an enqueued but lost certificate pulse cannot cancel reliable finality retry
  ---
  duration_ms: 7.984792
  ...
# Subtest: integrated sway remains within 15 degrees and leaves zero heading drift for many seeded effects
ok 237 - integrated sway remains within 15 degrees and leaves zero heading drift for many seeded effects
  ---
  duration_ms: 17.476083
  ...
# Subtest: two-second cycle preserves phase during refresh and smooth onset/expiry
ok 238 - two-second cycle preserves phase during refresh and smooth onset/expiry
  ---
  duration_ms: 0.152667
  ...
# Subtest: engine adds bounded sway to ordinary steering and restores intended heading at expiry
ok 239 - engine adds bounded sway to ordinary steering and restores intended heading at expiry
  ---
  duration_ms: 13.985209
  ...
# Subtest: late refresh stays bounded and leaves no residual at the extended deadline
ok 240 - late refresh stays bounded and leaves no residual at the extended deadline
  ---
  duration_ms: 0.14675
  ...
# Subtest: durationText rounds whole seconds before splitting minutes so 59.95s never renders as "60s"
ok 241 - durationText rounds whole seconds before splitting minutes so 59.95s never renders as "60s"
  ---
  duration_ms: 0.386792
  ...
# Subtest: spawns two through five players evenly on a circle with clockwise tangent headings
ok 242 - spawns two through five players evenly on a circle with clockwise tangent headings
  ---
  duration_ms: 1.37725
  ...
# Subtest: replaying the same accepted inputs produces the same snapshots and events
ok 243 - replaying the same accepted inputs produces the same snapshots and events
  ---
  duration_ms: 68.238625
  ...
# Subtest: trail segments remain active through T+159 and expire exactly at T+160
ok 244 - trail segments remain active through T+159 and expire exactly at T+160
  ---
  duration_ms: 0.509667
  ...
# Subtest: a due blast removes an intersecting segment before trail collision
ok 245 - a due blast removes an intersecting segment before trail collision
  ---
  duration_ms: 0.544
  ...
# Subtest: swept movement collides with an old trail even when the endpoint has crossed it
ok 246 - swept movement collides with an old trail even when the endpoint has crossed it
  ---
  duration_ms: 0.427041
  ...
# Subtest: recent self trail is ignored but becomes lethal at the exact grace boundary
ok 247 - recent self trail is ignored but becomes lethal at the exact grace boundary
  ---
  duration_ms: 0.716
  ...
# Subtest: head-on swept rider collision eliminates both and produces a draw
ok 248 - head-on swept rider collision eliminates both and produces a draw
  ---
  duration_ms: 0.456458
  ...
# Subtest: bomb input charges, launches on release, caps one live bomb, chains once, and observes cooldown
ok 249 - bomb input charges, launches on release, caps one live bomb, chains once, and observes cooldown
  ---
  duration_ms: 0.807042
  ...
# Subtest: quick bomb action bursts launch at minimum range and cancel paths never launch
ok 250 - quick bomb action bursts launch at minimum range and cancel paths never launch
  ---
  duration_ms: 0.618292
  ...
# Subtest: charged launches cap and clamp to the active safe interior
ok 251 - charged launches cap and clamp to the active safe interior
  ---
  duration_ms: 0.384584
  ...
# Subtest: a flying bomb cannot explode or chain-trigger before landing
ok 252 - a flying bomb cannot explode or chain-trigger before landing
  ---
  duration_ms: 0.405417
  ...
# Subtest: Triple Shot releases one deterministic straight three-bomb volley
ok 253 - Triple Shot releases one deterministic straight three-bomb volley
  ---
  duration_ms: 0.670667
  ...
# Subtest: invalid release and cancellation preserve launch modifiers
ok 254 - invalid release and cancellation preserve launch modifiers
  ---
  duration_ms: 0.382084
  ...
# Subtest: round wins score once, first to three ends the match, and rematch resets wins and scope
ok 255 - round wins score once, first to three ends the match, and rematch resets wins and scope
  ---
  duration_ms: 3.718375
  ...
# Subtest: overtime inset updates before collision and a 90-second unresolved round draws
ok 256 - overtime inset updates before collision and a 90-second unresolved round draws
  ---
  duration_ms: 0.737459
  ...
# Subtest: lifecycle commands enforce phase, capacity, identity, and connected-player guards
ok 257 - lifecycle commands enforce phase, capacity, identity, and connected-player guards
  ---
  duration_ms: 0.444709
  ...
# Subtest: wall and explosion causes are authoritative, clipped, and blast visuals expire exactly
ok 258 - wall and explosion causes are authoritative, clipped, and blast visuals expire exactly
  ---
  duration_ms: 0.782667
  ...
# Subtest: a finished match can replace every seat and start a clean rematch without restarting the server
ok 259 - a finished match can replace every seat and start a clean rematch without restarting the server
  ---
  duration_ms: 0.394166
  ...
# Subtest: the larger arena and seeded pickup schedule replay deterministically
ok 260 - the larger arena and seeded pickup schedule replay deterministically
  ---
  duration_ms: 0.654583
  ...
# Subtest: blast pickups cap at level two and affect bombs placed on the collection tick
ok 261 - blast pickups cap at level two and affect bombs placed on the collection tick
  ---
  duration_ms: 1.658583
  ...
# Subtest: a star collected on the swept path rescues and reflects a wall hit, then expires sharply
ok 262 - a star collected on the swept path rescues and reflects a wall hit, then expires sharply
  ---
  duration_ms: 0.599292
  ...
# Subtest: star head contact kills only a normal rider while two stars pass through
ok 263 - star head contact kills only a normal rider while two stars pass through
  ---
  duration_ms: 0.714875
  ...
# Subtest: pickup expiry, active cap, and impossible safe interior stay bounded
ok 264 - pickup expiry, active cap, and impossible safe interior stay bounded
  ---
  duration_ms: 1.868166
  ...
# Subtest: beer pickup debuffs every other living rider, refreshes, and keeps the collector unchanged
ok 265 - beer pickup debuffs every other living rider, refreshes, and keeps the collector unchanged
  ---
  duration_ms: 1.066375
  ...
# Subtest: drunk wobble expires at the strict tick boundary and resets between rounds
ok 266 - drunk wobble expires at the strict tick boundary and resets between rounds
  ---
  duration_ms: 0.457458
  ...
# Subtest: modifier pickups arm one use, refresh without stacking, and reset between rounds
ok 267 - modifier pickups arm one use, refresh without stacking, and reset between rounds
  ---
  duration_ms: 0.460292
  ...
# Subtest: orbit shields absorb a whole clustered hazard tick and grace protects until strict expiry
ok 268 - orbit shields absorb a whole clustered hazard tick and grace protects until strict expiry
  ---
  duration_ms: 0.9595
  ...
# Subtest: two shields both break on contact while Star preserves its stored shield
ok 269 - two shields both break on contact while Star preserves its stored shield
  ---
  duration_ms: 0.70925
  ...
# Subtest: shield break reflects an outward wall sweep and records the bounce
ok 270 - shield break reflects an outward wall sweep and records the bounce
  ---
  duration_ms: 0.3655
  ...
# Subtest: countdown leave is stamped, scored once, and a later join receives no prior-round award
ok 271 - countdown leave is stamped, scored once, and a later join receives no prior-round award
  ---
  duration_ms: 0.944292
  ...
# Subtest: overlapping blast owners receive no speculative elimination credit
ok 272 - overlapping blast owners receive no speculative elimination credit
  ---
  duration_ms: 0.583291
  ...
# Subtest: match-over recap is frozen and deeply detached from engine state
ok 273 - match-over recap is frozen and deeply detached from engine state
  ---
  duration_ms: 0.428292
  ...
# Subtest: Five Shot survives Triple collection and cancellation, then launches five with one cooldown
ok 274 - Five Shot survives Triple collection and cancellation, then launches five with one cooldown
  ---
  duration_ms: 0.615458
  ...
# Subtest: radial blast hits diagonal riders, clears diagonal trails and chains diagonal bombs
ok 275 - radial blast hits diagonal riders, clears diagonal trails and chains diagonal bombs
  ---
  duration_ms: 0.532083
  ...
# Subtest: bomb landing hits a rider before detonation, respecting star and shield
ok 276 - bomb landing hits a rider before detonation, respecting star and shield
  ---
  duration_ms: 1.584875
  ...
# Subtest: a bomb landing inside an active blast chains immediately
ok 277 - a bomb landing inside an active blast chains immediately
  ---
  duration_ms: 0.438334
  ...
# Subtest: blast preview is harmless before the fuse, both in flight and after landing
ok 278 - blast preview is harmless before the fuse, both in flight and after landing
  ---
  duration_ms: 1.821625
  ...
# Subtest: bomb skips riders along flight and only snipes at its landing position
ok 279 - bomb skips riders along flight and only snipes at its landing position
  ---
  duration_ms: 1.654708
  ...
# Subtest: landing step never uses blast radius for contact damage
ok 280 - landing step never uses blast radius for contact damage
  ---
  duration_ms: 2.303875
  ...
# Subtest: shell persists beyond five seconds and permits another shot after cooldown
ok 281 - shell persists beyond five seconds and permits another shot after cooldown
  ---
  duration_ms: 2.196875
  ...
# Subtest: shell body hits once, shield absorbs it, and no blast radius is produced
ok 282 - shell body hits once, shield absorbs it, and no blast radius is produced
  ---
  duration_ms: 1.060375
  ...
# Subtest: Gun pickup fires one bullet at twice rider speed and cuts a traversable trail gap
ok 283 - Gun pickup fires one bullet at twice rider speed and cuts a traversable trail gap
  ---
  duration_ms: 1.015125
  ...
# Subtest: gun head and wall impacts explode
ok 284 - gun head and wall impacts explode
  ---
  duration_ms: 0.986541
  ...
# Subtest: stopwatch caps at two levels, changes only future own bombs and resets next round
ok 285 - stopwatch caps at two levels, changes only future own bombs and resets next round
  ---
  duration_ms: 3.819042
  ...
# Subtest: first stopwatch level produces a one-and-a-half second fuse
ok 286 - first stopwatch level produces a one-and-a-half second fuse
  ---
  duration_ms: 0.539167
  ...
# Subtest: live shell bounces off a rider trail without damage or resetting its lifetime
ok 287 - live shell bounces off a rider trail without damage or resetting its lifetime
  ---
  duration_ms: 0.585
  ...
# Subtest: gun explodes against the trail directly behind a rider and kills the rider
ok 288 - gun explodes against the trail directly behind a rider and kills the rider
  ---
  duration_ms: 0.505125
  ...
# Subtest: a blast clears trails whether it came from a landed bomb or a gun projectile hitting a rider
ok 289 - a blast clears trails whether it came from a landed bomb or a gun projectile hitting a rider
  ---
  duration_ms: 5.158375
  ...
# Subtest: a fixed-rounds match ends on the standings leader even when another rider wins the final round
ok 290 - a fixed-rounds match ends on the standings leader even when another rider wins the final round
  ---
  duration_ms: 1.249834
  ...
# Subtest: a drawn final round still awards the fixed-rounds match to the standings leader
ok 291 - a drawn final round still awards the fixed-rounds match to the standings leader
  ---
  duration_ms: 0.715375
  ...
# Subtest: a fixed-rounds leader who also wins the final round is credited exactly once
ok 292 - a fixed-rounds leader who also wins the final round is credited exactly once
  ---
  duration_ms: 0.6595
  ...
# Subtest: a fixed-rounds match tied at the final round ends without a match winner
ok 293 - a fixed-rounds match tied at the final round ends without a match winner
  ---
  duration_ms: 0.68675
  ...
# Subtest: gun speed is twice rider speed with a bounded nearby steering correction
ok 294 - gun speed is twice rider speed with a bounded nearby steering correction
  ---
  duration_ms: 5.058167
  ...
# Subtest: gun holes split trails precisely, keeping expiry metadata and distant trails
ok 295 - gun holes split trails precisely, keeping expiry metadata and distant trails
  ---
  duration_ms: 0.157542
  ...
# Subtest: defaults carry two STUN providers and no TURN
ok 296 - defaults carry two STUN providers and no TURN
  ---
  duration_ms: 0.736833
  ...
# Subtest: service ICE lists are validated at the client boundary and fall back to defaults
ok 297 - service ICE lists are validated at the client boundary and fall back to defaults
  ---
  duration_ms: 0.243583
  ...
# Subtest: peer connections wait for the ICE fetch instead of negotiating with the initial list (issue \#27)
ok 298 - peer connections wait for the ICE fetch instead of negotiating with the initial list (issue \#27)
  ---
  duration_ms: 0.265084
  ...
# Subtest: a failed ICE fetch yields the STUN defaults, never an empty list
ok 299 - a failed ICE fetch yields the STUN defaults, never an empty list
  ---
  duration_ms: 0.189875
  ...
# Subtest: a hung ICE fetch falls back to the STUN defaults when the abort bound fires, even if the fetch ignores the signal
ok 300 - a hung ICE fetch falls back to the STUN defaults when the abort bound fires, even if the fetch ignores the signal
  ---
  duration_ms: 0.159
  ...
# Subtest: candidate types are read from the candidate line without keeping addresses
ok 301 - candidate types are read from the candidate line without keeping addresses
  ---
  duration_ms: 0.457959
  ...
# Subtest: ufrag and fingerprint readers tolerate missing lines
ok 302 - ufrag and fingerprint readers tolerate missing lines
  ---
  duration_ms: 0.504542
  ...
# Subtest: restart offers keep the DTLS certificate; a recreated connection does not
ok 303 - restart offers keep the DTLS certificate; a recreated connection does not
  ---
  duration_ms: 0.068375
  ...
# Subtest: candidates are scoped to the ICE generation named by their ufrag
ok 304 - candidates are scoped to the ICE generation named by their ufrag
  ---
  duration_ms: 0.106834
  ...
# Subtest: Ink affects only other living riders, refreshes three seconds and snapshots without changing steering
ok 305 - Ink affects only other living riders, refreshes three seconds and snapshots without changing steering
  ---
  duration_ms: 26.0705
  ...
# Subtest: Ink clears at the next round
ok 306 - Ink clears at the next round
  ---
  duration_ms: 1.123875
  ...
# Subtest: join survives authority setup and failed delivery until roster confirmation
ok 307 - join survives authority setup and failed delivery until roster confirmation
  ---
  duration_ms: 1.205875
  ...
# Subtest: lost baseline retries identical full envelope on bounded clock, not dependent deltas
ok 308 - lost baseline retries identical full envelope on bounded clock, not dependent deltas
  ---
  duration_ms: 1.206709
  ...
# Subtest: lost ACK can acknowledge exact previously accepted duplicate without applying it twice
ok 309 - lost ACK can acknowledge exact previously accepted duplicate without applying it twice
  ---
  duration_ms: 0.472375
  ...
# Subtest: old generation stream sequence match and round ACKs cannot retire current baseline
ok 310 - old generation stream sequence match and round ACKs cannot retire current baseline
  ---
  duration_ms: 0.12625
  ...
# Subtest: five-second expiry bounds retained baseline and repeated poll/resync cannot flood retries
ok 311 - five-second expiry bounds retained baseline and repeated poll/resync cannot flood retries
  ---
  duration_ms: 0.287458
  ...
# Subtest: baseline is accepted before any dependent delta; ACK loss does not corrupt next decode
ok 312 - baseline is accepted before any dependent delta; ACK loss does not corrupt next decode
  ---
  duration_ms: 0.220167
  ...
# Subtest: creates a deterministic straight triple fan with seven points per bomb
ok 313 - creates a deterministic straight triple fan with seven points per bomb
  ---
  duration_ms: 1.1325
  ...
# Subtest: all fan paths clamp to safe bounds
ok 314 - all fan paths clamp to safe bounds
  ---
  duration_ms: 0.732041
  ...
# Subtest: rejects invalid geometry
ok 315 - rejects invalid geometry
  ---
  duration_ms: 0.193542
  ...
# Subtest: awards five-player placement points
ok 316 - awards five-player placement points
  ---
  duration_ms: 0.881
  ...
# Subtest: two participants use winner five and runner-up three
ok 317 - two participants use winner five and runner-up three
  ---
  duration_ms: 0.081458
  ...
# Subtest: averages simultaneous elimination places exactly
ok 318 - averages simultaneous elimination places exactly
  ---
  duration_ms: 0.116542
  ...
# Subtest: does not mutate participants and rejects invalid groups
ok 319 - does not mutate participants and rejects invalid groups
  ---
  duration_ms: 0.185958
  ...
# Subtest: survivors share the top occupied ranks at timeout and points remain conserved
ok 320 - survivors share the top occupied ranks at timeout and points remain conserved
  ---
  duration_ms: 0.090459
  ...
# Subtest: score application validates the complete result before mutating totals
ok 321 - score application validates the complete result before mutating totals
  ---
  duration_ms: 0.148166
  ...
# Subtest: accumulates repeated matches and preserves departures
ok 322 - accumulates repeated matches and preserves departures
  ---
  duration_ms: 0.140375
  ...
# Subtest: returns copies in score order with deterministic tie break
ok 323 - returns copies in score order with deterministic tie break
  ---
  duration_ms: 6.124625
  ...
# Subtest: legendSrc routes pickup legend icons through assetUrl so they work under a Pages base path
ok 324 - legendSrc routes pickup legend icons through assetUrl so they work under a Pages base path
  ---
  duration_ms: 0.471125
  ...
# Subtest: queued retired-channel pongs cannot certify a new RTC link whose probe IDs restarted
ok 325 - queued retired-channel pongs cannot certify a new RTC link whose probe IDs restarted
  ---
  duration_ms: 0.519875
  ...
# Subtest: a replaced channel on the same live link cannot update state or expose stale errors
ok 326 - a replaced channel on the same live link cannot update state or expose stale errors
  ---
  duration_ms: 0.075916
  ...
# Subtest: retired peer callbacks cannot replace the current data channel even with identical service identity
ok 327 - retired peer callbacks cannot replace the current data channel even with identical service identity
  ---
  duration_ms: 0.062542
  ...
# Subtest: pulse proof is scoped to the captured active binding and two live undrained channels
ok 328 - pulse proof is scoped to the captured active binding and two live undrained channels
  ---
  duration_ms: 0.108042
  ...
# Subtest: the reason names the first missing step in the direct-link pipeline
ok 329 - the reason names the first missing step in the direct-link pipeline
  ---
  duration_ms: 0.659916
  ...
# Subtest: the panel text is redacted and complete
ok 330 - the panel text is redacted and complete
  ---
  duration_ms: 0.324459
  ...
# Subtest: restarts are due every interval and stop after the bounded budget
ok 331 - restarts are due every interval and stop after the bounded budget
  ---
  duration_ms: 0.438458
  ...
# Subtest: fresh health restores the budget and retires the attempt in flight
ok 332 - fresh health restores the budget and retires the attempt in flight
  ---
  duration_ms: 0.076125
  ...
# Subtest: idle health checks every 200 ms do not retire anything
ok 333 - idle health checks every 200 ms do not retire anything
  ---
  duration_ms: 0.055084
  ...
# Subtest: only the newest attempt can complete
ok 334 - only the newest attempt can complete
  ---
  duration_ms: 0.049625
  ...
# Subtest: aggregate transfer budget counts other peers, both lanes and the encoded envelope while reserving control headroom
ok 335 - aggregate transfer budget counts other peers, both lanes and the encoded envelope while reserving control headroom
  ---
  duration_ms: 0.487375
  ...
# Subtest: deferred fast health replies recheck visibility and both lanes without depending on reliable backlog
ok 336 - deferred fast health replies recheck visibility and both lanes without depending on reliable backlog
  ---
  duration_ms: 0.139625
  ...
# Subtest: healthy open channel under the buffer limit is permitted for gameplay and probes
ok 337 - healthy open channel under the buffer limit is permitted for gameplay and probes
  ---
  duration_ms: 0.066667
  ...
# Subtest: a closing signal recorded before the DOM readyState changes blocks gameplay and probe sends
ok 338 - a closing signal recorded before the DOM readyState changes blocks gameplay and probe sends
  ---
  duration_ms: 0.050916
  ...
# Subtest: bulk transfer idle permission requires an open, fully drained, undrained action channel
ok 339 - bulk transfer idle permission requires an open, fully drained, undrained action channel
  ---
  duration_ms: 0.135834
  ...
# Subtest: solo starts one human and four AI without browser services, ready only on start
ok 340 - solo starts one human and four AI without browser services, ready only on start
  ---
  duration_ms: 10.879166
  ...
# Subtest: fixed ticks publish the ordinary game and matching zero-RTT motion clock
ok 341 - fixed ticks publish the ordinary game and matching zero-RTT motion clock
  ---
  duration_ms: 23.671
  ...
# Subtest: visibility suspension clears held controls and old scope, with no hidden catch-up
ok 342 - visibility suspension clears held controls and old scope, with no hidden catch-up
  ---
  duration_ms: 7.053917
  ...
# Subtest: lobby settings and rematch use ordinary commands, stop disposes callbacks
ok 343 - lobby settings and rematch use ordinary commands, stop disposes callbacks
  ---
  duration_ms: 0.5495
  ...
# Subtest: fire edges stamped from a stalled wall-clock estimate are admitted for the next authority tick (\#43)
ok 344 - fire edges stamped from a stalled wall-clock estimate are admitted for the next authority tick (\#43)
  ---
  duration_ms: 20.176875
  ...
# Subtest: a hold resend that estimated an earlier tick cannot skip the solo press (\#43)
ok 345 - a hold resend that estimated an earlier tick cannot skip the solo press (\#43)
  ---
  duration_ms: 6.650375
  ...
# Subtest: distances render as whole arena units and durations reuse the shared formatter
ok 346 - distances render as whole arena units and durations reuse the shared formatter
  ---
  duration_ms: 0.459041
  ...
# Subtest: empty statistics produce an empty recap with no placeholder awards or totals
ok 347 - empty statistics produce an empty recap with no placeholder awards or totals
  ---
  duration_ms: 0.524125
  ...
# Subtest: a single rider stands alone as champion, wins every non-zero award and fills the table
ok 348 - a single rider stands alone as champion, wins every non-zero award and fills the table
  ---
  duration_ms: 0.396042
  ...
# Subtest: podium centres champions, keeps side places in seat order and excludes placements beyond third
ok 349 - podium centres champions, keeps side places in seat order and excludes placements beyond third
  ---
  duration_ms: 0.106083
  ...
# Subtest: a tied first place shows every champion in the centre and no second place
ok 350 - a tied first place shows every champion in the centre and no second place
  ---
  duration_ms: 0.10925
  ...
# Subtest: a match where nobody won any round places everyone on the podium as champions
ok 351 - a match where nobody won any round places everyone on the podium as champions
  ---
  duration_ms: 0.087916
  ...
# Subtest: awards share ties by joining names in placement order and skip counters nobody raised
ok 352 - awards share ties by joining names in placement order and skip counters nobody raised
  ---
  duration_ms: 0.115959
  ...
# Subtest: all-zero statistics yield no awards while the podium and table still render
ok 353 - all-zero statistics yield no awards while the podium and table still render
  ---
  duration_ms: 0.078375
  ...
# Subtest: singular award details read naturally
ok 354 - singular award details read naturally
  ---
  duration_ms: 0.079042
  ...
# Subtest: comparison rows order by placement then seat and format every recorded counter
ok 355 - comparison rows order by placement then seat and format every recorded counter
  ---
  duration_ms: 0.093708
  ...
# Subtest: match totals sum the recorded counters across riders
ok 356 - match totals sum the recorded counters across riders
  ---
  duration_ms: 0.078041
  ...
# Subtest: the signature changes with any rendered figure and is order independent
ok 357 - the signature changes with any rendered figure and is order independent
  ---
  duration_ms: 0.094125
  ...
# Subtest: recap ignores riders with an unset placement rather than inventing a podium slot
ok 358 - recap ignores riders with an unset placement rather than inventing a podium slot
  ---
  duration_ms: 0.059375
  ...
# Subtest: records authoritative actions and returns detached snapshots
ok 359 - records authoritative actions and returns detached snapshots
  ---
  duration_ms: 1.515958
  ...
# Subtest: tracks round draws, longest survival and competition-ranked win ties
ok 360 - tracks round draws, longest survival and competition-ranked win ties
  ---
  duration_ms: 0.150792
  ...
# Subtest: validates references, distances and round membership
ok 361 - validates references, distances and round membership
  ---
  duration_ms: 0.355458
  ...
# Subtest: never credits self deaths and updates an existing participant identity
ok 362 - never credits self deaths and updates an existing participant identity
  ---
  duration_ms: 0.066667
  ...
# Subtest: a joined phone is the same landscape controller in every phase (\#13)
ok 363 - a joined phone is the same landscape controller in every phase (\#13)
  ---
  duration_ms: 0.806208
  ...
# Subtest: unjoined, display-only, desktop and mouse views keep the normal layout
ok 364 - unjoined, display-only, desktop and mouse views keep the normal layout
  ---
  duration_ms: 0.117625
  ...
# Subtest: an ended room is not joined play on any phone size or phase
ok 365 - an ended room is not joined play on any phone size or phase
  ---
  duration_ms: 0.214584
  ...
# Subtest: one validated nearby probe qualifies immediately; high RTT restores conservative delay
ok 366 - one validated nearby probe qualifies immediately; high RTT restores conservative delay
  ---
  duration_ms: 0.58925
  ...
# Subtest: stale, paused and explicit reset lose qualification; rejected samples do not extend freshness
ok 367 - stale, paused and explicit reset lose qualification; rejected samples do not extend freshness
  ---
  duration_ms: 0.127125
  ...
# Subtest: regional60ms never qualifies and a fresh scope is independently classified
ok 368 - regional60ms never qualifies and a fresh scope is independently classified
  ---
  duration_ms: 0.076083
  ...
# Subtest: half-tick presentation never rewinds or extrapolates; missing clock remains newest only
ok 369 - half-tick presentation never rewinds or extrapolates; missing clock remains newest only
  ---
  duration_ms: 0.424333
  ...
# Subtest: clock discontinuity clears the old clock even when observed before rendering
ok 370 - clock discontinuity clears the old clock even when observed before rendering
  ---
  duration_ms: 0.132167
  ...
# Subtest: rejected excessive RTT cancels fast classification and exact40ms boundary qualifies
ok 371 - rejected excessive RTT cancels fast classification and exact40ms boundary qualifies
  ---
  duration_ms: 0.052708
  ...
# Subtest: clock diagnostics are read-only and cannot refresh a sample or mutate its scope
ok 372 - clock diagnostics are read-only and cannot refresh a sample or mutate its scope
  ---
  duration_ms: 0.063792
  ...
# Subtest: empty and invalid clock observations cannot enable fast presentation
ok 373 - empty and invalid clock observations cannot enable fast presentation
  ---
  duration_ms: 0.06025
  ...
# Subtest: replacement reservation fences partitions and rejects delayed old renewals
ok 374 - replacement reservation fences partitions and rejects delayed old renewals
  ---
  duration_ms: 0.798166
  ...
# Subtest: clock uncertainty prevents overlapping old and new authorization
ok 375 - clock uncertainty prevents overlapping old and new authorization
  ---
  duration_ms: 0.215916
  ...
# Subtest: clock stops after suspension or stale samples, resuming only after fresh sample
ok 376 - clock stops after suspension or stale samples, resuming only after fresh sample
  ---
  duration_ms: 0.093291
  ...
# Subtest: clock rejects bad samples and conservative intervals crossing lease boundaries
ok 377 - clock rejects bad samples and conservative intervals crossing lease boundaries
  ---
  duration_ms: 0.088958
  ...
# Subtest: grant boundary validation rejects malformed values and exhausted epochs
ok 378 - grant boundary validation rejects malformed values and exhausted epochs
  ---
  duration_ms: 0.289916
  ...
# Subtest: checkpoint restore is atomic on the malformed sequences regression
ok 379 - checkpoint restore is atomic on the malformed sequences regression
  ---
  duration_ms: 11.125875
  ...
# Subtest: checkpoint restores exact physics, pending preferences and neutral disconnected identities
ok 380 - checkpoint restores exact physics, pending preferences and neutral disconnected identities
  ---
  duration_ms: 4.444666
  ...
# Subtest: checkpoint rejects missing required game maps and nested fields
ok 381 - checkpoint rejects missing required game maps and nested fields
  ---
  duration_ms: 58.491458
  ...
# Subtest: checkpoint rejects schema incompatibility, foreign host and unsafe shape extensions
ok 382 - checkpoint rejects schema incompatibility, foreign host and unsafe shape extensions
  ---
  duration_ms: 11.841083
  ...
# Subtest: checkpoint rejects invalid sequences, duplicate map keys and cross references
ok 383 - checkpoint rejects invalid sequences, duplicate map keys and cross references
  ---
  duration_ms: 12.075291
  ...
# Subtest: checkpoint rejects nonfinite values, excessive bytes/depth and oversized nested trails
ok 384 - checkpoint rejects nonfinite values, excessive bytes/depth and oversized nested trails
  ---
  duration_ms: 22.401625
  ...
# Subtest: real countdown, playing and round transitions produce restorable bounded checkpoints
ok 385 - real countdown, playing and round transitions produce restorable bounded checkpoints
  ---
  duration_ms: 284.539208
  ...
# Subtest: checkpoint validates bombs, shell lifetime sentinel, pickups and portal geometry
ok 386 - checkpoint validates bombs, shell lifetime sentinel, pickups and portal geometry
  ---
  duration_ms: 2.920417
  ...
# Subtest: checkpoint rejects oversized history, malformed maps and missing participant statistics
ok 387 - checkpoint rejects oversized history, malformed maps and missing participant statistics
  ---
  duration_ms: 25.409583
  ...
# Subtest: room settings reject malformed values, restore safe defaults and allow all drops off
ok 388 - room settings reject malformed values, restore safe defaults and allow all drops off
  ---
  duration_ms: 0.951125
  ...
# Subtest: rooms isolate players and only the host can start or change rules
ok 389 - rooms isolate players and only the host can start or change rules
  ---
  duration_ms: 7.544667
  ...
# Subtest: fixed one-round rooms finish after one round
ok 390 - fixed one-round rooms finish after one round
  ---
  duration_ms: 2.417166
  ...
# Subtest: world deltas reconstruct split, removed and appended trails and recover via keyframe
ok 391 - world deltas reconstruct split, removed and appended trails and recover via keyframe
  ---
  duration_ms: 1.159042
  ...
# Subtest: fresh encoder after reconnection replaces old stream without accepting retired frames
ok 392 - fresh encoder after reconnection replaces old stream without accepting retired frames
  ---
  duration_ms: 0.230208
  ...
# Subtest: host checkpoint restores world and sequence numbers without replaying held fire
ok 393 - host checkpoint restores world and sequence numbers without replaying held fire
  ---
  duration_ms: 14.317667
  ...
# Subtest: field patches update joins and clear optional charge state without repeating identity
ok 394 - field patches update joins and clear optional charge state without repeating identity
  ---
  duration_ms: 0.542417
  ...
# Subtest: delayed unseen old keyframe cannot roll a newer generation backward
ok 395 - delayed unseen old keyframe cannot roll a newer generation backward
  ---
  duration_ms: 0.108916
  ...
# Subtest: invalid higher generation and corrupt trail patches cannot mutate accepted baseline
ok 396 - invalid higher generation and corrupt trail patches cannot mutate accepted baseline
  ---
  duration_ms: 0.306125
  ...
# Subtest: online return to lobby preserves transport simulation time
ok 397 - online return to lobby preserves transport simulation time
  ---
  duration_ms: 0.134166
  ...
# Subtest: guests that vanish in the lobby free their seats and the removal replicates to guests
ok 398 - guests that vanish in the lobby free their seats and the removal replicates to guests
  ---
  duration_ms: 0.457375
  ...
# Subtest: a guest lost mid-round keeps its seat until the match ends, then a newcomer reclaims it
ok 399 - a guest lost mid-round keeps its seat until the match ends, then a newcomer reclaims it
  ---
  duration_ms: 1.339083
  ...
# Subtest: a rematch drops the riders that were lost during the finished match
ok 400 - a rematch drops the riders that were lost during the finished match
  ---
  duration_ms: 0.872917
  ...
# Subtest: a whole round of chained deltas stays exact without any periodic re-baseline
ok 401 - a whole round of chained deltas stays exact without any periodic re-baseline
  ---
  duration_ms: 210.839541
  ...
# Subtest: Pages invites preserve project path while API requests use configured backend
ok 402 - Pages invites preserve project path while API requests use configured backend
  ---
  duration_ms: 0.510875
  ...
# Subtest: local origin default and endpoint boundaries are explicit
ok 403 - local origin default and endpoint boundaries are explicit
  ---
  duration_ms: 0.291875
  ...
# Subtest: failed press plus fresh held resends cannot invent charge or fire on release
ok 404 - failed press plus fresh held resends cannot invent charge or fire on release
  ---
  duration_ms: 12.699875
  ...
# Subtest: lost final release without other held controls cancels within ten ticks and is never retried
ok 405 - lost final release without other held controls cancels within ten ticks and is never retried
  ---
  duration_ms: 7.349625
  ...
# Subtest: steering heartbeat after lost release carries bomb false and safely cancels instead of firing
ok 406 - steering heartbeat after lost release carries bomb false and safely cancels instead of firing
  ---
  duration_ms: 0.866
  ...
# Subtest: ordered-but-delayed release expires rather than replaying after network recovery
ok 407 - ordered-but-delayed release expires rather than replaying after network recovery
  ---
  duration_ms: 1.226041
  ...
# Subtest: first fresh press after countdown and explicit lobby reset fires without a neutral packet
ok 408 - first fresh press after countdown and explicit lobby reset fires without a neutral packet
  ---
  duration_ms: 19.427792
  ...
# Subtest: idle watchdog without a held gesture does not block the first fresh shot
ok 409 - idle watchdog without a held gesture does not block the first fresh shot
  ---
  duration_ms: 3.193833
  ...
# Subtest: new scope rejects old held/release packets but accepts a fresh press
ok 410 - new scope rejects old held/release packets but accepts a fresh press
  ---
  duration_ms: 3.072792
  ...
# Subtest: watchdog still suppresses interrupted held gestures until an actual release
ok 411 - watchdog still suppresses interrupted held gestures until an actual release
  ---
  duration_ms: 1.642833
  ...
# Subtest: receipt is not application: future steering waits and reports exact application tick
ok 412 - receipt is not application: future steering waits and reports exact application tick
  ---
  duration_ms: 10.504375
  ...
# Subtest: same-tick newest movement wins while all outcomes are acknowledged
ok 413 - same-tick newest movement wins while all outcomes are acknowledged
  ---
  duration_ms: 0.834916
  ...
# Subtest: older future slot cannot undo newer applied movement and exact result acknowledgements preserve pending input
ok 414 - older future slot cannot undo newer applied movement and exact result acknowledgements preserve pending input
  ---
  duration_ms: 0.821333
  ...
# Subtest: held acknowledged steering continues then expires at ten ticks without fresh application
ok 415 - held acknowledged steering continues then expires at ten ticks without fresh application
  ---
  duration_ms: 2.367208
  ...
# Subtest: same-tick press/release survives steering supersession, duplicates cannot launch twice
ok 416 - same-tick press/release survives steering supersession, duplicates cannot launch twice
  ---
  duration_ms: 2.984125
  ...
# Subtest: a press stamped later than the following hold sample is still processed first in sequence order (\#43)
ok 417 - a press stamped later than the following hold sample is still processed first in sequence order (\#43)
  ---
  duration_ms: 0.761542
  ...
# Subtest: old-scope release cannot cancel current charge; expired current release cancels without firing
ok 418 - old-scope release cannot cancel current charge; expired current release cancels without firing
  ---
  duration_ms: 0.752875
  ...
# Subtest: disconnect, match changes and restore create fresh neutral scope while preserving received highwater
ok 419 - disconnect, match changes and restore create fresh neutral scope while preserving received highwater
  ---
  duration_ms: 3.093208
  ...
# Subtest: queue and result history are bounded and overflow forces explicit neutral resync
ok 420 - queue and result history are bounded and overflow forces explicit neutral resync
  ---
  duration_ms: 1.000292
  ...
# Subtest: malformed timing and aim cannot apply motion or keep an invalid release charging
ok 421 - malformed timing and aim cannot apply motion or keep an invalid release charging
  ---
  duration_ms: 0.5955
  ...
# Subtest: queued release is discarded on disconnect and cannot fire into a rejoined control scope
ok 422 - queued release is discarded on disconnect and cannot fire into a rejoined control scope
  ---
  duration_ms: 0.649916
  ...
# Subtest: paused old-alias endpoint restores outbound health before acknowledging a new checkpoint header
ok 423 - paused old-alias endpoint restores outbound health before acknowledging a new checkpoint header
  ---
  duration_ms: 1.361958
  ...
# Subtest: direct-only path resumes on two fresh acknowledgements without relay quarantine
ok 424 - direct-only path resumes on two fresh acknowledgements without relay quarantine
  ---
  duration_ms: 0.084167
  ...
# Subtest: three-second blackhole after long healthy uptime retains channel and recovers on fresh probes
ok 425 - three-second blackhole after long healthy uptime retains channel and recovers on fresh probes
  ---
  duration_ms: 0.153917
  ...
# Subtest: restart requires eight continuously unhealthy seconds, reset by recovered health
ok 426 - restart requires eight continuously unhealthy seconds, reset by recovered health
  ---
  duration_ms: 0.05775
  ...
# Subtest: expired duplicate and pre-failure probes cannot keep blackholed path healthy
ok 427 - expired duplicate and pre-failure probes cannot keep blackholed path healthy
  ---
  duration_ms: 0.345666
  ...
# Subtest: pulse mode preserves fresh acknowledgement time and never revives expired evidence
ok 428 - pulse mode preserves fresh acknowledgement time and never revives expired evidence
  ---
  duration_ms: 0.073167
  ...
# Subtest: pause is irreversible within an alias and late application proof cannot reactivate it
ok 429 - pause is irreversible within an alias and late application proof cannot reactivate it
  ---
  duration_ms: 0.071958
  ...
# Subtest: effects do not replay on repeated snapshots or across authority/match reset
ok 430 - effects do not replay on repeated snapshots or across authority/match reset
  ---
  duration_ms: 0.754584
  ...
# Subtest: bomb flight sprite follows segmented path while damage radius stays at landing point
ok 431 - bomb flight sprite follows segmented path while damage radius stays at landing point
  ---
  duration_ms: 0.448041
  ...
# Subtest: death transitions occur once and backward presentation resets cosmetic history
ok 432 - death transitions occur once and backward presentation resets cosmetic history
  ---
  duration_ms: 0.103833
  ...
# Subtest: flight fallback clamps before launch and shells never use bomb arcs
ok 433 - flight fallback clamps before launch and shells never use bomb arcs
  ---
  duration_ms: 0.071083
  ...
# Subtest: a continuous bend is one stroke with the exact supplied vertices
ok 434 - a continuous bend is one stroke with the exact supplied vertices
  ---
  duration_ms: 0.870959
  ...
# Subtest: portal jumps, deleted ticks and clipped segments remain separate strokes
ok 435 - portal jumps, deleted ticks and clipped segments remain separate strokes
  ---
  duration_ms: 0.17625
  ...
# Subtest: history survives fractional motion, a changing predicted tip and equivalent deserialized snapshots
ok 436 - history survives fractional motion, a changing predicted tip and equivalent deserialized snapshots
  ---
  duration_ms: 0.519208
  ...
# Subtest: history refreshes for trail holes, clipping, expiry, death, identity, scope and reset
ok 437 - history refreshes for trail holes, clipping, expiry, death, identity, scope and reset
  ---
  duration_ms: 0.13275
  ...
# Subtest: a fresh trail follows the interpolated head by at most one simulation step
ok 438 - a fresh trail follows the interpolated head by at most one simulation step
  ---
  duration_ms: 0.141083
  ...
# Subtest: head interpolation never extends a stale, destroyed, teleported or dead trail
ok 439 - head interpolation never extends a stale, destroyed, teleported or dead trail
  ---
  duration_ms: 0.104333
  ...
# Subtest: arena backing follows displayed size and screen density without changing world aspect
ok 440 - arena backing follows displayed size and screen density without changing world aspect
  ---
  duration_ms: 0.835458
  ...
# Subtest: arena backing bounds oversized displays and survives hidden or unavailable density
ok 441 - arena backing bounds oversized displays and survives hidden or unavailable density
  ---
  duration_ms: 0.081208
  ...
# Subtest: weighted table gives Five one third Triple probability with deterministic intervals
ok 442 - weighted table gives Five one third Triple probability with deterministic intervals
  ---
  duration_ms: 20.478333
  ...
# Subtest: Star is removed while remaining relative weights are preserved
ok 443 - Star is removed while remaining relative weights are preserved
  ---
  duration_ms: 0.161083
  ...
# Subtest: powerup pacing ramps every twenty seconds and stays bounded in overtime
ok 444 - powerup pacing ramps every twenty seconds and stays bounded in overtime
  ---
  duration_ms: 0.432125
  ...
# Subtest: portal transits survivors, breaks trail, preserves heading/charge, counts actual movement
ok 445 - portal transits survivors, breaks trail, preserves heading/charge, counts actual movement
  ---
  duration_ms: 11.717583
  ...
# Subtest: entry collision is resolved before transit, and shield remains independent
ok 446 - entry collision is resolved before transit, and shield remains independent
  ---
  duration_ms: 1.374791
  ...
# Subtest: unsafe exit defers teleport for rider, pending trail, trail, bomb and blast hazards
ok 447 - unsafe exit defers teleport for rider, pending trail, trail, bomb and blast hazards
  ---
  duration_ms: 6.572833
  ...
# Subtest: portal grace is defensive for both riders, protects trails/walls and does not consume shield
ok 448 - portal grace is defensive for both riders, protects trails/walls and does not consume shield
  ---
  duration_ms: 1.190459
  ...
# Subtest: portal expiry, snapshot copying, compact geometry omission and round reset
ok 449 - portal expiry, snapshot copying, compact geometry omission and round reset
  ---
  duration_ms: 1.54925
  ...
# Subtest: portal pickup creates deterministic pair, records stats, replaces pair without clearing cooldown
ok 450 - portal pickup creates deterministic pair, records stats, replaces pair without clearing cooldown
  ---
  duration_ms: 1.995667
  ...
# Subtest: impossible placement leaves pickup and old pair unconsumed
ok 451 - impossible placement leaves pickup and old pair unconsumed
  ---
  duration_ms: 0.799791
  ...
# Subtest: reverse transit respects cooldown at its exact deadline after replacement
ok 452 - reverse transit respects cooldown at its exact deadline after replacement
  ---
  duration_ms: 2.043208
  ...
# Subtest: portal defensive grace expires exactly at the authoritative tick
ok 453 - portal defensive grace expires exactly at the authoritative tick
  ---
  duration_ms: 1.063833
  ...
# Subtest: concurrent riders preserve separate entry heights at the linked wall
ok 454 - concurrent riders preserve separate entry heights at the linked wall
  ---
  duration_ms: 0.58025
  ...
# Subtest: wall placement remains useful on an occupied five-rider field across seeds
ok 455 - wall placement remains useful on an occupied five-rider field across seeds
  ---
  duration_ms: 97.25
  ...
# Subtest: authoritative overtime shrinks portal wall length and removes reclaimed walls from snapshots
ok 456 - authoritative overtime shrinks portal wall length and removes reclaimed walls from snapshots
  ---
  duration_ms: 0.518
  ...
# Subtest: compressed linked wall reserves an exit for the first rider rather than overlapping arrivals
ok 457 - compressed linked wall reserves an exit for the first rider rather than overlapping arrivals
  ---
  duration_ms: 0.520042
  ...
# Subtest: placement sizes walls to one third of field, caps at 300 and reserves full corridor
ok 458 - placement sizes walls to one third of field, caps at 300 and reserves full corridor
  ---
  duration_ms: 0.649291
  ...
# Subtest: placement remains bounded for unsafe or insufficiently separated sites
ok 459 - placement remains bounded for unsafe or insufficiently separated sites
  ---
  duration_ms: 0.294958
  ...
# Subtest: full wall safety catches a hazard between sampled center and endpoints
ok 460 - full wall safety catches a hazard between sampled center and endpoints
  ---
  duration_ms: 0.102542
  ...
# Subtest: swept wall entry preserves heading and relative linked height
ok 461 - swept wall entry preserves heading and relative linked height
  ---
  duration_ms: 0.620833
  ...
# Subtest: both directions and earliest intersected wall work
ok 462 - both directions and earliest intersected wall work
  ---
  duration_ms: 0.083834
  ...
# Subtest: rounded endpoints detect vertical and tangent contact without phantom end extensions
ok 463 - rounded endpoints detect vertical and tangent contact without phantom end extensions
  ---
  duration_ms: 0.085167
  ...
# Subtest: cooldown, expiry, inside, stationary, moving away and short movement do not retrigger
ok 464 - cooldown, expiry, inside, stationary, moving away and short movement do not retrigger
  ---
  duration_ms: 0.108583
  ...
# Subtest: unsafe and out-of-field exits defer transit and safety receives actual offset exit
ok 465 - unsafe and out-of-field exits defer transit and safety receives actual offset exit
  ---
  duration_ms: 0.135083
  ...
# Subtest: shrinking trims walls and removes pairs whose centerline or usable ends are reclaimed
ok 466 - shrinking trims walls and removes pairs whose centerline or usable ends are reclaimed
  ---
  duration_ms: 0.200459
  ...
# Subtest: motion ledger boundary rejects malformed, unbounded and contradictory tick data
ok 467 - motion ledger boundary rejects malformed, unbounded and contradictory tick data
  ---
  duration_ms: 0.591625
  ...
# Subtest: local steering responds next frame using a partial step which never changes fixed replay
ok 468 - local steering responds next frame using a partial step which never changes fixed replay
  ---
  duration_ms: 16.764667
  ...
# Subtest: acknowledged held turn replays exactly with no pending events, including drunk offset
ok 469 - acknowledged held turn replays exactly with no pending events, including drunk offset
  ---
  duration_ms: 4.013791
  ...
# Subtest: fresh-input age neutralizes held controls at tick ten
ok 470 - fresh-input age neutralizes held controls at tick ten
  ---
  duration_ms: 0.632917
  ...
# Subtest: press and release scheduled for same tick uses latest sample, received ack cannot retire either
ok 471 - press and release scheduled for same tick uses latest sample, received ack cannot retire either
  ---
  duration_ms: 0.606375
  ...
# Subtest: mismatched snapshot and application tick rejected atomically
ok 472 - mismatched snapshot and application tick rejected atomically
  ---
  duration_ms: 0.764958
  ...
# Subtest: applied result retires pending but continues authoritative held input
ok 473 - applied result retires pending but continues authoritative held input
  ---
  duration_ms: 0.575333
  ...
# Subtest: death and portal reset local motion and epoch invalidates timing
ok 474 - death and portal reset local motion and epoch invalidates timing
  ---
  duration_ms: 0.563583
  ...
# Subtest: clock retains conservative send sampled bounds and rejects pause stale and invalid RTT
ok 475 - clock retains conservative send sampled bounds and rejects pause stale and invalid RTT
  ---
  duration_ms: 0.088917
  ...
# Subtest: remote buffer uses coherent past state and fractional ticks without portal chords
ok 476 - remote buffer uses coherent past state and fractional ticks without portal chords
  ---
  duration_ms: 1.308208
  ...
# Subtest: spectator clock advances fractional render ticks without a player seat and resets scope
ok 477 - spectator clock advances fractional render ticks without a player seat and resets scope
  ---
  duration_ms: 0.5825
  ...
# Subtest: presentation connector is bounded and never mutates confirmed trails
ok 478 - presentation connector is bounded and never mutates confirmed trails
  ---
  duration_ms: 0.601625
  ...
# Subtest: inactive snapshots do not invent movement correction or smoothing offsets
ok 479 - inactive snapshots do not invent movement correction or smoothing offsets
  ---
  duration_ms: 1.738625
  ...
# Subtest: slow round trip or lagging snapshot never rejects input locally; host admission and the four-tick lead cap bound it (\#15)
ok 480 - slow round trip or lagging snapshot never rejects input locally; host admission and the four-tick lead cap bound it (\#15)
  ---
  duration_ms: 0.570292
  ...
# Subtest: transport-refused and stale inputs never count toward the bound; overflow drops the backlog instead of blocking (\#20)
ok 481 - transport-refused and stale inputs never count toward the bound; overflow drops the backlog instead of blocking (\#20)
  ---
  duration_ms: 1.872
  ...
# Subtest: overflow first drops inputs behind the host window and only clears a fully fresh backlog (\#15 follow-up)
ok 482 - overflow first drops inputs behind the host window and only clears a fully fresh backlog (\#15 follow-up)
  ---
  duration_ms: 0.7005
  ...
# Subtest: a lost clock limits the preview but never the send (\#65)
ok 483 - a lost clock limits the preview but never the send (\#65)
  ---
  duration_ms: 0.546542
  ...
# Subtest: all semantic message variants validate without accepting extra fields
ok 484 - all semantic message variants validate without accepting extra fields
  ---
  duration_ms: 1.858125
  ...
# Subtest: untrusted message shapes, sizes, tokens and input sequences fail closed
ok 485 - untrusted message shapes, sizes, tokens and input sequences fail closed
  ---
  duration_ms: 0.306792
  ...
# Subtest: target aim accepts finite normalized coordinates only and rejects nested extras
ok 486 - target aim accepts finite normalized coordinates only and rejects nested extras
  ---
  duration_ms: 0.17275
  ...
# Subtest: serialized recipient acknowledgement preserves own zero and negative sequences without other seats
ok 487 - serialized recipient acknowledgement preserves own zero and negative sequences without other seats
  ---
  duration_ms: 0.731041
  ...
# Subtest: recipient ack envelopes preserve complete keyframe retry and unchanged world decoding
ok 488 - recipient ack envelopes preserve complete keyframe retry and unchanged world decoding
  ---
  duration_ms: 1.953542
  ...
# Subtest: candidates before the remote description are buffered, bounded at 64 and flushed in order
ok 489 - candidates before the remote description are buffered, bounded at 64 and flushed in order
  ---
  duration_ms: 1.657959
  ...
# Subtest: candidates arriving while a description is being applied wait, then apply; later ones apply directly
ok 490 - candidates arriving while a description is being applied wait, then apply; later ones apply directly
  ---
  duration_ms: 0.107958
  ...
# Subtest: answer-side candidates that arrive after the local answer are applied against the remote description
ok 491 - answer-side candidates that arrive after the local answer are applied against the remote description
  ---
  duration_ms: 0.097417
  ...
# Subtest: a restart offer changes the ufrag: old-generation candidates never poison it and new ones wait for it
ok 492 - a restart offer changes the ufrag: old-generation candidates never poison it and new ones wait for it
  ---
  duration_ms: 0.106417
  ...
# Subtest: browser rejection of a candidate is counted, not thrown into the signalling loop
ok 493 - browser rejection of a candidate is counted, not thrown into the signalling loop
  ---
  duration_ms: 0.098875
  ...
# Subtest: only actual changed heading counts, unchanged animation frames do not
ok 494 - only actual changed heading counts, unchanged animation frames do not
  ---
  duration_ms: 0.644333
  ...
# Subtest: clock-aligned render frames detect wrapped positive heading and reject the wrong direction
ok 495 - clock-aligned render frames detect wrapped positive heading and reject the wrong direction
  ---
  duration_ms: 0.105791
  ...
# Subtest: death, round transition, intoxication and live powerups invalidate the measurement
ok 496 - death, round transition, intoxication and live powerups invalidate the measurement
  ---
  duration_ms: 0.107542
  ...
# Subtest: turning, short, stale and missing baselines are rejected without cherry-picking
ok 497 - turning, short, stale and missing baselines are rejected without cherry-picking
  ---
  duration_ms: 0.069875
  ...
# Subtest: unchanged heading times out and incomplete capture is separately rejected
ok 498 - unchanged heading times out and incomplete capture is separately rejected
  ---
  duration_ms: 0.068041
  ...
# Subtest: one degree metric remains later than the first tiny numerical departure
ok 499 - one degree metric remains later than the first tiny numerical departure
  ---
  duration_ms: 0.061375
  ...
# Subtest: render continuity separates repeated authoritative ticks from animation cadence and attempt gaps
ok 500 - render continuity separates repeated authoritative ticks from animation cadence and attempt gaps
  ---
  duration_ms: 2.97725
  ...
# Subtest: return to lobby from lobby clears match state without inventing session points
ok 501 - return to lobby from lobby clears match state without inventing session points
  ---
  duration_ms: 9.482792
  ...
# Subtest: return to lobby from countdown clears match state without inventing session points
ok 502 - return to lobby from countdown clears match state without inventing session points
  ---
  duration_ms: 1.310042
  ...
# Subtest: return to lobby from playing clears match state without inventing session points
ok 503 - return to lobby from playing clears match state without inventing session points
  ---
  duration_ms: 0.57475
  ...
# Subtest: return to lobby from roundOver clears match state without inventing session points
ok 504 - return to lobby from roundOver clears match state without inventing session points
  ---
  duration_ms: 0.562042
  ...
# Subtest: return to lobby from matchOver clears match state without inventing session points
ok 505 - return to lobby from matchOver clears match state without inventing session points
  ---
  duration_ms: 0.636
  ...
# Subtest: empty party can return to lobby and invalid scope is rejected before mutation
ok 506 - empty party can return to lobby and invalid scope is rejected before mutation
  ---
  duration_ms: 0.132208
  ...
# Subtest: pure rider kernel exactly matches authoritative turns including drunk offsets
ok 507 - pure rider kernel exactly matches authoritative turns including drunk offsets
  ---
  duration_ms: 19.80625
  ...
# Subtest: opposite controls cancel steering and pure motion leaves input pose unchanged
ok 508 - opposite controls cancel steering and pure motion leaves input pose unchanged
  ---
  duration_ms: 0.083417
  ...
# Subtest: short codes map the full67600 space and reject biased random tail
ok 509 - short codes map the full67600 space and reject biased random tail
  ---
  duration_ms: 0.633917
  ...
# Subtest: new and temporary legacy room identities validate without making codes secrets
ok 510 - new and temporary legacy room identities validate without making codes secrets
  ---
  duration_ms: 0.11925
  ...
# Subtest: collision reservation is bounded and never masks noncollision failure
ok 511 - collision reservation is bounded and never masks noncollision failure
  ---
  duration_ms: 0.52475
  ...
# Subtest: ordinary initial show is inert and permanent departure disposes the room
ok 512 - ordinary initial show is inert and permanent departure disposes the room
  ---
  duration_ms: 0.763458
  ...
# Subtest: BFCache restoration reloads stopped room exactly once instead of reviving its transport
ok 513 - BFCache restoration reloads stopped room exactly once instead of reviving its transport
  ---
  duration_ms: 0.077542
  ...
# Subtest: expired room stops before clearing runtime and never retries a reused public code
ok 514 - expired room stops before clearing runtime and never retries a reused public code
  ---
  duration_ms: 0.738709
  ...
# Subtest: temporary network failure retries while replaced host is terminal separately
ok 515 - temporary network failure retries while replaced host is terminal separately
  ---
  duration_ms: 0.08325
  ...
# Subtest: safeStorage falls back to an in-memory store when the underlying storage throws on access
ok 516 - safeStorage falls back to an in-memory store when the underlying storage throws on access
  ---
  duration_ms: 0.477208
  ...
# Subtest: safeStorage does not evaluate the storage accessor until a get/set/remove call is made
ok 517 - safeStorage does not evaluate the storage accessor until a get/set/remove call is made
  ---
  duration_ms: 0.075625
  ...
# Subtest: safeStorage passes through to real storage when it works
ok 518 - safeStorage passes through to real storage when it works
  ---
  duration_ms: 0.086458
  ...
# Subtest: createMemoryStorage never throws and reports missing keys as null
ok 519 - createMemoryStorage never throws and reports missing keys as null
  ---
  duration_ms: 0.048666
  ...
# Subtest: LAN AI management is authorized, shares seats, follows normal rounds and can be removed
ok 520 - LAN AI management is authorized, shares seats, follows normal rounds and can be removed
  ---
  duration_ms: 51.808166
  ...
# Subtest: LAN bot protocol rejects missing IDs, human IDs and unexpected action data
ok 521 - LAN bot protocol rejects missing IDs, human IDs and unexpected action data
  ---
  duration_ms: 0.48275
  ...
# Subtest: a reconnect cancels prior charge and accepts a fresh explicit press-release pair
ok 522 - a reconnect cancels prior charge and accepts a fresh explicit press-release pair
  ---
  duration_ms: 106.965167
  ...
# Subtest: match rematch resets scope and wins, then round-over automatically starts the next round
ok 523 - match rematch resets scope and wins, then round-over automatically starts the next round
  ---
  duration_ms: 54.793375
  ...
# Subtest: controller snapshots strip the full match statistics table
ok 524 - controller snapshots strip the full match statistics table
  ---
  duration_ms: 0.84875
  ...
# Subtest: five seats, sixth denial, full public snapshots and private host control
ok 525 - five seats, sixth denial, full public snapshots and private host control
  ---
  duration_ms: 71.571917
  ...
# Subtest: reconnect replaces the same seat, sequences continue, stale input becomes neutral, rapid bomb taps survive
ok 526 - reconnect replaces the same seat, sequences continue, stale input becomes neutral, rapid bomb taps survive
  ---
  duration_ms: 24.190208
  ...
# Subtest: admission rejects late/invalid joins, leave frees lobby seats and eliminates during play
ok 527 - admission rejects late/invalid joins, leave frees lobby seats and eliminates during play
  ---
  duration_ms: 24.736083
  ...
# Subtest: charge holds use authoritative ticks and launch only on explicit release
ok 528 - charge holds use authoritative ticks and launch only on explicit release
  ---
  duration_ms: 15.211916
  ...
# Subtest: cancel, stale input, and socket replacement discard charges and queued releases
ok 529 - cancel, stale input, and socket replacement discard charges and queued releases
  ---
  duration_ms: 14.7795
  ...
# Subtest: typed injected clock drives heartbeat timeout and rate window without sleeping
ok 530 - typed injected clock drives heartbeat timeout and rate window without sleeping
  ---
  duration_ms: 4.38475
  ...
# Subtest: a flood of malformed frames is counted against the rate limit and closes the socket with 1008
ok 531 - a flood of malformed frames is counted against the rate limit and closes the socket with 1008
  ---
  duration_ms: 4.987459
  ...
# Subtest: invalid frames do not refresh lastSeen so the idle watchdog still prunes a garbage-only client
ok 532 - invalid frames do not refresh lastSeen so the idle watchdog still prunes a garbage-only client
  ---
  duration_ms: 2.742209
  ...
# Subtest: bounded catch-up discards sleep-sized backlogs
ok 533 - bounded catch-up discards sleep-sized backlogs
  ---
  duration_ms: 0.099458
  ...
# Subtest: a finished match can accept fresh phones after every original player leaves
ok 534 - a finished match can accept fresh phones after every original player leaves
  ---
  duration_ms: 19.285458
  ...
# Subtest: injected scheduler advances fixed ticks, caps catch-up, discards excess and cancels on close
ok 535 - injected scheduler advances fixed ticks, caps catch-up, discards excess and cancels on close
  ---
  duration_ms: 0.481542
  ...
# Subtest: display receives 20Hz world state while phones receive compact 10Hz updates and measured input acknowledgments
ok 536 - display receives 20Hz world state while phones receive compact 10Hz updates and measured input acknowledgments
  ---
  duration_ms: 11.226833
  ...
# Subtest: late countdown joins wait safely, reconnect and enter next round automatically
ok 537 - late countdown joins wait safely, reconnect and enter next round automatically
  ---
  duration_ms: 12.554042
  ...
# Subtest: late playing joins wait safely, reconnect and enter next round automatically
ok 538 - late playing joins wait safely, reconnect and enter next round automatically
  ---
  duration_ms: 11.4495
  ...
# Subtest: target release aim survives newer input packets through real socket transport
ok 539 - target release aim survives newer input packets through real socket transport
  ---
  duration_ms: 8.167375
  ...
# Subtest: host can abort to lobby without losing phone seats or replaying buffered bomb releases
ok 540 - host can abort to lobby without losing phone seats or replaying buffered bomb releases
  ---
  duration_ms: 9.363708
  ...
# Subtest: serialized avatar joins assign an allowed head and reconnect preserves server identity
ok 541 - serialized avatar joins assign an allowed head and reconnect preserves server identity
  ---
  duration_ms: 2.593834
  ...
# Subtest: a joined controller can change only its own avatar during play without altering gameplay
ok 542 - a joined controller can change only its own avatar during play without altering gameplay
  ---
  duration_ms: 9.092167
  ...
# Subtest: phones that vanish in the lobby release their seats for newcomers and for the next start
ok 543 - phones that vanish in the lobby release their seats for newcomers and for the next start
  ---
  duration_ms: 4.841042
  ...
# Subtest: a full lobby reclaims a vanished seat for a newcomer without any host action
ok 544 - a full lobby reclaims a vanished seat for a newcomer without any host action
  ---
  duration_ms: 6.002708
  ...
# Subtest: a phone that vanishes mid-round keeps its seat for reconnection and never yields it to a newcomer
ok 545 - a phone that vanishes mid-round keeps its seat for reconnection and never yields it to a newcomer
  ---
  duration_ms: 12.179458
  ...
# Subtest: actual service exposes Cloud Run safe health aliases without requiring provider operations
ok 546 - actual service exposes Cloud Run safe health aliases without requiring provider operations
  ---
  duration_ms: 794.642458
  ...
# Subtest: service transaction retries keep one logical connection/grant and fenced replacement
ok 547 - service transaction retries keep one logical connection/grant and fenced replacement
  ---
  duration_ms: 1.924167
  ...
# Subtest: service reserves creator slot and atomically bounds concurrent admission
ok 548 - service reserves creator slot and atomically bounds concurrent admission
  ---
  duration_ms: 0.48875
  ...
# Subtest: two gateways advertise actual remote members and route only signalling
ok 549 - two gateways advertise actual remote members and route only signalling
  ---
  duration_ms: 1.225417
  ...
# Subtest: mesh signalling permits guest pairs while rejecting foreign room and replaced target scopes
ok 550 - mesh signalling permits guest pairs while rejecting foreign room and replaced target scopes
  ---
  duration_ms: 0.475375
  ...
# Subtest: guest mesh signals retain source replacement and cross-room membership fences
ok 551 - guest mesh signals retain source replacement and cross-room membership fences
  ---
  duration_ms: 0.662417
  ...
# Subtest: fast bus after delayed metadata emits new source membership before SDP
ok 552 - fast bus after delayed metadata emits new source membership before SDP
  ---
  duration_ms: 1.76275
  ...
# Subtest: expired and duplicate bus packets never repeat SDP; old replacement source is rejected
ok 553 - expired and duplicate bus packets never repeat SDP; old replacement source is rejected
  ---
  duration_ms: 0.398333
  ...
# Subtest: time renewals preserve exact authority and stale close cannot revoke replacement
ok 554 - time renewals preserve exact authority and stale close cannot revoke replacement
  ---
  duration_ms: 0.526542
  ...
# Subtest: idle teardown and immediate rejoin serialize a new subscription before admission
ok 555 - idle teardown and immediate rejoin serialize a new subscription before admission
  ---
  duration_ms: 0.302041
  ...
# Subtest: bus failure and slow receiver fail explicitly without keeping hidden relay queues
ok 556 - bus failure and slow receiver fail explicitly without keeping hidden relay queues
  ---
  duration_ms: 0.348666
  ...
# Subtest: runtime metadata and bus schemas reject corrupt scope and gameplay frames
ok 557 - runtime metadata and bus schemas reject corrupt scope and gameplay frames
  ---
  duration_ms: 0.353833
  ...
# Subtest: v2 renewal accepts GrantIdentity without timestamps at the actual JSON boundary
ok 558 - v2 renewal accepts GrantIdentity without timestamps at the actual JSON boundary
  ---
  duration_ms: 0.287125
  ...
# Subtest: failed bus is drained before a queued new connection can mark it ready
ok 559 - failed bus is drained before a queued new connection can mark it ready
  ---
  duration_ms: 0.37925
  ...
# Subtest: short-code transactional collisions preserve the live room and retry only bounded conflicts
ok 560 - short-code transactional collisions preserve the live room and retry only bounded conflicts
  ---
  duration_ms: 0.789666
  ...
# Subtest: guest keepalives never extend host-session lifetime and exact expiry rejects admission
ok 561 - guest keepalives never extend host-session lifetime and exact expiry rejects admission
  ---
  duration_ms: 0.266542
  ...
# Subtest: only the current host extends reconnect grace and replacement close cannot shorten it
ok 562 - only the current host extends reconnect grace and replacement close cannot shorten it
  ---
  duration_ms: 0.182375
  ...
# Subtest: host end is authorized, immediate and cannot end a reused code with an old capability
ok 563 - host end is authorized, immediate and cannot end a reused code with an old capability
  ---
  duration_ms: 0.553375
  ...
# Subtest: cached signalling refuses expired rooms before asynchronous TTL deletion
ok 564 - cached signalling refuses expired rooms before asynchronous TTL deletion
  ---
  duration_ms: 0.530125
  ...
# Subtest: gateway expiry timer closes silent sockets without depending on TTL deletion or traffic
ok 565 - gateway expiry timer closes silent sockets without depending on TTL deletion or traffic
  ---
  duration_ms: 5.769875
  ...
# Subtest: delayed old-incarnation heartbeat or read cannot roll back a reused room view
ok 566 - delayed old-incarnation heartbeat or read cannot roll back a reused room view
  ---
  duration_ms: 2.61725
  ...
# Subtest: delayed old admission cannot replace a newly observed room incarnation
ok 567 - delayed old admission cannot replace a newly observed room incarnation
  ---
  duration_ms: 2.059334
  ...
# Subtest: cancelled metadata watch callbacks cannot mutate a recreated room view
ok 568 - cancelled metadata watch callbacks cannot mutate a recreated room view
  ---
  duration_ms: 0.749667
  ...
# Subtest: direct new admission rotates an active old watch before its delayed callbacks arrive
ok 569 - direct new admission rotates an active old watch before its delayed callbacks arrive
  ---
  duration_ms: 0.352958
  ...
# Subtest: shell reflects remaining travel and exposes the true collision path
ok 570 - shell reflects remaining travel and exposes the true collision path
  ---
  duration_ms: 2.342208
  ...
# Subtest: corners reflect both axes and shrinking bounds clamp safely
ok 571 - corners reflect both axes and shrinking bounds clamp safely
  ---
  duration_ms: 0.109834
  ...
# Subtest: shell ricochets off a tail without crossing it and keeps its speed
ok 572 - shell ricochets off a tail without crossing it and keeps its speed
  ---
  duration_ms: 0.270541
  ...
# Subtest: diagonal tails and exposed endpoints reflect instead of tunnelling
ok 573 - diagonal tails and exposed endpoints reflect instead of tunnelling
  ---
  duration_ms: 0.096916
  ...
# Subtest: failure notice classifies only press/release gestures, never neutral or held heartbeats
ok 574 - failure notice classifies only press/release gestures, never neutral or held heartbeats
  ---
  duration_ms: 0.405084
  ...
# Subtest: shot notice persists three seconds independently and another failure restarts the deadline
ok 575 - shot notice persists three seconds independently and another failure restarts the deadline
  ---
  duration_ms: 0.091708
  ...
# Subtest: every candidate shape Chrome and Safari emit passes the signalling boundary
ok 576 - every candidate shape Chrome and Safari emit passes the signalling boundary
  ---
  duration_ms: 0.511416
  ...
# Subtest: descriptions from localDescription.toJSON() pass; anything else is rejected
ok 577 - descriptions from localDescription.toJSON() pass; anything else is rejected
  ---
  duration_ms: 0.416875
  ...
# Subtest: connect() while the previous socket is still CONNECTING closes it instead of orphaning it
ok 578 - connect() while the previous socket is still CONNECTING closes it instead of orphaning it
  ---
  duration_ms: 1.055
  ...
# Subtest: connect() with no prior socket does not attempt to close anything
ok 579 - connect() with no prior socket does not attempt to close anything
  ---
  duration_ms: 0.121792
  ...
# Subtest: a real disconnect on the current socket reports status and reconnects
ok 580 - a real disconnect on the current socket reports status and reconnects
  ---
  duration_ms: 0.105
  ...
# Subtest: send() only transmits once the current socket reports OPEN, and close() is idempotent-safe
ok 581 - send() only transmits once the current socket reports OPEN, and close() is idempotent-safe
  ---
  duration_ms: 0.097875
  ...
# Subtest: an inbound pong reports round-trip time instead of reaching onMessage
ok 582 - an inbound pong reports round-trip time instead of reaching onMessage
  ---
  duration_ms: 0.609584
  ...
# Subtest: a host error reply survives 200 ms of ticks and world frames, then the connection status returns
ok 583 - a host error reply survives 200 ms of ticks and world frames, then the connection status returns
  ---
  duration_ms: 2.200958
  ...
# Subtest: unchanged recurring status is emitted once however many ticks and frames restate it
ok 584 - unchanged recurring status is emitted once however many ticks and frames restate it
  ---
  duration_ms: 0.652875
  ...
# Subtest: the recurring status that returns after a notice is the latest one, not the one it replaced
ok 585 - the recurring status that returns after a notice is the latest one, not the one it replaced
  ---
  duration_ms: 0.143792
  ...
# Subtest: a join error survives the 500 ms join retry cadence without restating itself
ok 586 - a join error survives the 500 ms join retry cadence without restating itself
  ---
  duration_ms: 0.168209
  ...
# Subtest: a later notice replaces a live notice and extends the hold
ok 587 - a later notice replaces a live notice and extends the hold
  ---
  duration_ms: 0.097667
  ...
# Subtest: a notice raised before any connection status is never replaced by a silent refresh
ok 588 - a notice raised before any connection status is never replaced by a silent refresh
  ---
  duration_ms: 0.120334
  ...
# Subtest: a rejected input frame flashes without holding the line or hiding a real error
ok 589 - a rejected input frame flashes without holding the line or hiding a real error
  ---
  duration_ms: 0.146291
  ...
# Subtest: a terminal notice is never overwritten by recurring status or by later notices
ok 590 - a terminal notice is never overwritten by recurring status or by later notices
  ---
  duration_ms: 0.142958
  ...
# Subtest: target collection arms one normal-strength bomb and preserves volley upgrades
ok 591 - target collection arms one normal-strength bomb and preserves volley upgrades
  ---
  duration_ms: 10.696125
  ...
# Subtest: targeting requires pickup and clamps to the current safe field
ok 592 - targeting requires pickup and clamps to the current safe field
  ---
  duration_ms: 1.022833
  ...
# Subtest: cancel, rejected release and death clear preview without consuming; next round resets
ok 593 - cancel, rejected release and death clear preview without consuming; next round resets
  ---
  duration_ms: 0.98425
  ...
# Subtest: queued release uses its own aim rather than a later packet in the same server tick
ok 594 - queued release uses its own aim rather than a later packet in the same server tick
  ---
  duration_ms: 0.852333
  ...
# Subtest: Target detonates on the release tick, with damage and protection resolved immediately
ok 595 - Target detonates on the release tick, with damage and protection resolved immediately
  ---
  duration_ms: 2.195417
  ...
# Subtest: instant Target blast chains nearby bombs in the same tick
ok 596 - instant Target blast chains nearby bombs in the same tick
  ---
  duration_ms: 0.53725
  ...
# Subtest: host clock replies are bound, single-use, bounded and invalidated at recovery
ok 597 - host clock replies are bound, single-use, bounded and invalidated at recovery
  ---
  duration_ms: 0.513209
  ...
# Subtest: trail clipping preserves contained geometry identity and timestamps
ok 598 - trail clipping preserves contained geometry identity and timestamps
  ---
  duration_ms: 0.569792
  ...
# Subtest: trail clipping trims crossings on every edge in both directions
ok 599 - trail clipping trims crossings on every edge in both directions
  ---
  duration_ms: 0.5215
  ...
# Subtest: trail clipping keeps closed tangent edges and corner contacts
ok 600 - trail clipping keeps closed tangent edges and corner contacts
  ---
  duration_ms: 0.073041
  ...
# Subtest: trail clipping removes exterior points, parallel lines and disjoint diagonal segments
ok 601 - trail clipping removes exterior points, parallel lines and disjoint diagonal segments
  ---
  duration_ms: 0.065167
  ...
# Subtest: overtime trims dead and living trails before collision and snapshot, retaining disconnected pieces
ok 602 - overtime trims dead and living trails before collision and snapshot, retaining disconnected pieces
  ---
  duration_ms: 9.712458
  ...
# Subtest: star, shield and portal grace bounce trails cannot start outside the newly closed field
ok 603 - star, shield and portal grace bounce trails cannot start outside the newly closed field
  ---
  duration_ms: 1.761583
  ...
# Subtest: overtime clipping preserves portal entry and exit discontinuity
ok 604 - overtime clipping preserves portal entry and exit discontinuity
  ---
  duration_ms: 0.914
  ...
# Subtest: Worker persists an incarnation and allocates authority to the current host connection only
ok 605 - Worker persists an incarnation and allocates authority to the current host connection only
  ---
  duration_ms: 17.791375
  ...
# Subtest: Worker fences host replacement and delayed close without overlapping lease validity
ok 606 - Worker fences host replacement and delayed close without overlapping lease validity
  ---
  duration_ms: 2.714
  ...
# Subtest: Worker renews only an active exact grant from its current host, with authenticated clock echo
ok 607 - Worker renews only an active exact grant from its current host, with authenticated clock echo
  ---
  duration_ms: 1.759833
  ...
# Subtest: Worker routes only current authenticated endpoints and includes source connection scope
ok 608 - Worker routes only current authenticated endpoints and includes source connection scope
  ---
  duration_ms: 3.344667
  ...
# Subtest: Worker serializes simultaneous host reservations and retains fencing through hibernation state
ok 609 - Worker serializes simultaneous host reservations and retains fencing through hibernation state
  ---
  duration_ms: 0.929042
  ...
# Subtest: Worker rejects malformed clock requests and bounds six active memberships while permitting replacement
ok 610 - Worker rejects malformed clock requests and bounds six active memberships while permitting replacement
  ---
  duration_ms: 2.728583
  ...
# Subtest: Worker reserves creator capacity when invitees arrive before the host
ok 611 - Worker reserves creator capacity when invitees arrive before the host
  ---
  duration_ms: 3.603542
  ...
# Subtest: Worker rejects gameplay relay even between valid host and guest sockets
ok 612 - Worker rejects gameplay relay even between valid host and guest sockets
  ---
  duration_ms: 0.916875
  ...
# Subtest: Worker expires at90seconds without host heartbeat even while guests keep sending
ok 613 - Worker expires at90seconds without host heartbeat even while guests keep sending
  ---
  duration_ms: 1.189875
  ...
# Subtest: Worker end requires host capability and code reuse clears prior authority
ok 614 - Worker end requires host capability and code reuse clears prior authority
  ---
  duration_ms: 1.492541
  ...
# Subtest: Worker current host heartbeats extend deadline while stale closes do not
ok 615 - Worker current host heartbeats extend deadline while stale closes do not
  ---
  duration_ms: 1.678666
  ...
1..615
# tests 615
# suites 0
# pass 615
# fail 0
# cancelled 0
# skipped 0
# todo 0
# duration_ms 7480.854708
--------------------------|---------|----------|---------|---------|--------------------------------
File                      | % Stmts | % Branch | % Funcs | % Lines | Uncovered Line #s              
--------------------------|---------|----------|---------|---------|--------------------------------
All files                 |    99.2 |    94.04 |   98.89 |    99.2 |                                
 client                   |     100 |    97.94 |    98.3 |     100 |                                
  audio-director.ts       |     100 |    98.38 |     100 |     100 | 77                             
  controller-keyboard.ts  |     100 |      100 |     100 |     100 |                                
  controller-pointers.ts  |     100 |    98.48 |   91.66 |     100 | 56                             
  controller-state.ts     |     100 |    98.95 |     100 |     100 | 81                             
  render-snapshot.ts      |     100 |       90 |     100 |     100 | 37-45                          
  snapshot-stream.ts      |     100 |      100 |     100 |     100 |                                
 online                   |   98.86 |    92.47 |   98.52 |   98.86 |                                
  action-replication.ts   |     100 |    89.94 |     100 |     100 | ...135,142,153,159,162,164-166 
  authority-grace.ts      |     100 |      100 |     100 |     100 |                                
  authority-status.ts     |     100 |      100 |     100 |     100 |                                
  authority.ts            |     100 |      100 |     100 |     100 |                                
  checkpoint.ts           |     100 |    92.22 |     100 |     100 | ...112,114,117-119,121,137,141 
  direct-clock.ts         |     100 |    98.98 |     100 |     100 | 75                             
  direct-control.ts       |     100 |      100 |     100 |     100 |                                
  direct-heartbeat.ts     |     100 |    95.52 |     100 |     100 | 19,86,95,100,105,107           
  direct-ingress.ts       |     100 |      100 |     100 |     100 |                                
  direct-origin.ts        |     100 |    95.58 |     100 |     100 | 53,57,69                       
  direct-room-state.ts    |     100 |    92.44 |     100 |     100 | ...,92,100,105,112,120,137-138 
  direct-segment.ts       |     100 |    90.78 |   96.42 |     100 | ...222,231,261,263,272,283,295 
  direct-stream.ts        |     100 |    98.74 |     100 |     100 | 42,159                         
  host-session.ts         |   99.49 |    89.79 |     100 |   99.49 | 41                             
  ice-config.ts           |     100 |    97.36 |     100 |     100 | 13                             
  ice-signal.ts           |     100 |       92 |     100 |     100 | 9,18                           
  keyframe-delivery.ts    |     100 |      100 |     100 |     100 |                                
  link-callback.ts        |     100 |      100 |     100 |     100 |                                
  link-diagnostics.ts     |     100 |       84 |     100 |     100 | 16,20,33,39-42                 
  link-health.ts          |     100 |      100 |     100 |     100 |                                
  link-restart.ts         |     100 |      100 |     100 |     100 |                                
  link-send-gate.ts       |     100 |      100 |     100 |     100 |                                
  local-runtime.ts        |     100 |    89.58 |     100 |     100 | 33,54,61,71-73                 
  mobile-play-policy.ts   |     100 |      100 |     100 |     100 |                                
  prediction-clock.ts     |     100 |    98.03 |     100 |     100 | 37                             
  prediction.ts           |    97.6 |    87.61 |     100 |    97.6 | 105-107                        
  recipient-ack.ts        |     100 |      100 |     100 |     100 |                                
  remote-signal.ts        |   95.34 |    94.73 |     100 |   95.34 | 36-37                          
  response-measurement.ts |     100 |    98.52 |     100 |     100 | 25                             
  rollback-world.ts       |     100 |    91.38 |     100 |     100 | ...187,210,218,226-228,235,249 
  room-lifecycle.ts       |     100 |      100 |     100 |     100 |                                
  room-socket-close.ts    |     100 |      100 |     100 |     100 |                                
  runtime.ts              |   93.52 |    88.13 |   87.87 |   93.52 | ...426,430-434,448-450,466-477 
  status-notices.ts       |     100 |      100 |     100 |     100 |                                
  world-codec.ts          |     100 |     86.4 |      90 |     100 | ...64,66,68,71-75,86,88-95,100 
 server                   |    98.2 |     92.2 |     100 |    98.2 |                                
  bomb-input.ts           |     100 |      100 |     100 |     100 |                                
  index.ts                |    97.9 |    90.95 |     100 |    97.9 | 60,74,283-286                  
 service                  |     100 |      100 |     100 |     100 |                                
  signal.ts               |     100 |      100 |     100 |     100 |                                
 shared                   |   99.59 |    96.84 |     100 |   99.59 |                                
  action-log.ts           |     100 |    96.03 |     100 |     100 | 40,44,75-76,113                
  avatars.ts              |     100 |      100 |     100 |     100 |                                
  blast-geometry.ts       |     100 |      100 |     100 |     100 |                                
  bomb-launch.ts          |     100 |      100 |     100 |     100 |                                
  bot-controller.ts       |     100 |      100 |     100 |     100 |                                
  deterministic-math.ts   |     100 |      100 |     100 |     100 |                                
  direct-input.ts         |     100 |      100 |     100 |     100 |                                
  drunk.ts                |     100 |      100 |     100 |     100 |                                
  duration-text.ts        |     100 |      100 |     100 |     100 |                                
  game.ts                 |   99.44 |    95.82 |     100 |   99.44 | 342-343,730-731,1154-1156      
  gun.ts                  |     100 |    88.23 |     100 |     100 | 26,31                          
  launch-modifiers.ts     |     100 |      100 |     100 |     100 |                                
  leaderboard.ts          |   96.63 |    94.33 |     100 |   96.63 | 46-47,89-90                    
  match-recap.ts          |     100 |    95.71 |     100 |     100 | 23,83,86                       
  match-stats.ts          |     100 |    98.36 |     100 |     100 | 181                            
  pickup-weights.ts       |     100 |       90 |     100 |     100 | 16                             
  portal.ts               |     100 |      100 |     100 |     100 |                                
  protocol.ts             |     100 |      100 |     100 |     100 |                                
  rider-motion.ts         |     100 |      100 |     100 |     100 |                                
  room-code.ts            |     100 |      100 |     100 |     100 |                                
  room-settings.ts        |     100 |    92.85 |     100 |     100 | 27                             
  shell.ts                |     100 |    93.47 |     100 |     100 | 15,47-50                       
  trail-clipping.ts       |     100 |      100 |     100 |     100 |                                
--------------------------|---------|----------|---------|---------|--------------------------------
