
> fuse-riders@1.0.0 test:coverage
> c8 tsx --test tests/*.test.ts

TAP version 13
# Subtest: accepted host actions replay complete lifecycle, bots, timeout cancellation and resets
ok 1 - accepted host actions replay complete lifecycle, bots, timeout cancellation and resets
  ---
  duration_ms: 4065.791375
  ...
# Subtest: replica game checkpoint preserves connected and charging state without host recovery sanitization
ok 2 - replica game checkpoint preserves connected and charging state without host recovery sanitization
  ---
  duration_ms: 2.745291
  ...
# Subtest: steady held input records only changes; bomb edges never persist into later ticks
ok 3 - steady held input records only changes; bomb edges never persist into later ticks
  ---
  duration_ms: 1.988916
  ...
# Subtest: MessagePack tuples and malformed operations are bounded
ok 4 - MessagePack tuples and malformed operations are bounded
  ---
  duration_ms: 2.177209
  ...
# Subtest: real encoded sender/receiver: duplicate, dropped and reordered batches repair without divergent commit
ok 5 - real encoded sender/receiver: duplicate, dropped and reordered batches repair without divergent commit
  ---
  duration_ms: 4.975417
  ...
# Subtest: invalid transaction and repeated hash mismatch never replace healthy state; fresh baseline repairs
ok 6 - invalid transaction and repeated hash mismatch never replace healthy state; fresh baseline repairs
  ---
  duration_ms: 1.673625
  ...
# Subtest: checkpoint chunk loss, reordering, corruption and timeout are bounded
ok 7 - checkpoint chunk loss, reordering, corruption and timeout are bounded
  ---
  duration_ms: 3.551833
  ...
# Subtest: decoder rejects nested allocation bombs before decoding and accepts ordinary envelopes
ok 8 - decoder rejects nested allocation bombs before decoding and accepts ordinary envelopes
  ---
  duration_ms: 6.553125
  ...
# Subtest: checkpoint and action identity validation agree, including history bounds and legal slot reuse
ok 9 - checkpoint and action identity validation agree, including history bounds and legal slot reuse
  ---
  duration_ms: 68.469042
  ...
# Subtest: newer checkpoint generations cannot erase same-tick accepted lifecycle operations
ok 10 - newer checkpoint generations cannot erase same-tick accepted lifecycle operations
  ---
  duration_ms: 1.129791
  ...
# Subtest: hash comparison survives backpressure precisely on twentieth ticks
ok 11 - hash comparison survives backpressure precisely on twentieth ticks
  ---
  duration_ms: 7.636833
  ...
# Subtest: missing middle checkpoint chunk times out, throttled pump recovers with a fresh generation
ok 12 - missing middle checkpoint chunk times out, throttled pump recovers with a fresh generation
  ---
  duration_ms: 76.079459
  ...
# Subtest: signed-zero headings and arena-coordinate bomb targets survive checkpoint suffix replay
ok 13 - signed-zero headings and arena-coordinate bomb targets survive checkpoint suffix replay
  ---
  duration_ms: 2.171417
  ...
# Subtest: host refuses a new historical identity before replay/checkpoint capacity is exceeded
ok 14 - host refuses a new historical identity before replay/checkpoint capacity is exceeded
  ---
  duration_ms: 2.349666
  ...
# Subtest: signed-zero local aim is normalized before MessagePack checkpoint and action capture
ok 15 - signed-zero local aim is normalized before MessagePack checkpoint and action capture
  ---
  duration_ms: 2.756208
  ...
# Subtest: MessagePack action changes carry full applied ticks across sparse input and bomb transitions
ok 16 - MessagePack action changes carry full applied ticks across sparse input and bomb transitions
  ---
  duration_ms: 1.973958
  ...
# Subtest: absolute action ticks above uint16 replay independently of previous held timestamps
ok 17 - absolute action ticks above uint16 replay independently of previous held timestamps
  ---
  duration_ms: 0.392292
  ...
# Subtest: action tick mismatch and legacy replay checkpoints preserve healthy receiver state
ok 18 - action tick mismatch and legacy replay checkpoints preserve healthy receiver state
  ---
  duration_ms: 1.504417
  ...
# Subtest: assets resolve once under a Pages base and preserve external URLs
ok 19 - assets resolve once under a Pages base and preserve external URLs
  ---
  duration_ms: 0.471333
  ...
# Subtest: audio requires gesture unlock, routes independent mute and volume, and tolerates refusal
ok 20 - audio requires gesture unlock, routes independent mute and volume, and tolerates refusal
  ---
  duration_ms: 1.041667
  ...
# Subtest: original score loops with bounded scheduling and no background catch-up
ok 21 - original score loops with bounded scheduling and no background catch-up
  ---
  duration_ms: 0.507209
  ...
# Subtest: authoritative effects coalesce volleys, reject stale events and baseline reconnects silently
ok 22 - authoritative effects coalesce volleys, reject stale events and baseline reconnects silently
  ---
  duration_ms: 0.31575
  ...
# Subtest: pickup cues use authoritative collection events and reconnect baseline stays silent
ok 23 - pickup cues use authoritative collection events and reconnect baseline stays silent
  ---
  duration_ms: 0.102125
  ...
# Subtest: engine emits collection once only after a real pickup is consumed
ok 24 - engine emits collection once only after a real pickup is consumed
  ---
  duration_ms: 11.132209
  ...
# Subtest: older round snapshots cannot reset scope or stop music
ok 25 - older round snapshots cannot reset scope or stop music
  ---
  duration_ms: 0.198
  ...
# Subtest: eight original scores have long arrangements, distinct melodies and bounded valid voices
ok 26 - eight original scores have long arrangements, distinct melodies and bounded valid voices
  ---
  duration_ms: 12.341917
  ...
# Subtest: playlist completes an arrangement, rotates all eight tunes and retains mute and volume
ok 27 - playlist completes an arrangement, rotates all eight tunes and retains mute and volume
  ---
  duration_ms: 0.728208
  ...
# Subtest: new rounds advance playlist once; repeated snapshots and reconnects do not rewind it
ok 28 - new rounds advance playlist once; repeated snapshots and reconnects do not rewind it
  ---
  duration_ms: 0.1215
  ...
# Subtest: enabled audio plays in the lobby and intermissions and explicit enable confirms output
ok 29 - enabled audio plays in the lobby and intermissions and explicit enable confirms output
  ---
  duration_ms: 0.097584
  ...
# Subtest: two jazz tunes swing in tempo and use soft walking bass and seventh chords
ok 30 - two jazz tunes swing in tempo and use soft walking bass and seventh chords
  ---
  duration_ms: 0.150792
  ...
# Subtest: director schedules swung offbeats without catch-up bursts
ok 31 - director schedules swung offbeats without catch-up bursts
  ---
  duration_ms: 0.102459
  ...
# Subtest: gun launch plays a layered cannon cue
ok 32 - gun launch plays a layered cannon cue
  ---
  duration_ms: 0.104083
  ...
# Subtest: a host stall over the clock threshold pauses advancing but keeps seat scopes; queued and old-scope inputs still apply
ok 33 - a host stall over the clock threshold pauses advancing but keeps seat scopes; queued and old-scope inputs still apply
  ---
  duration_ms: 13.44625
  ...
# Subtest: a single time sample above the lease guard pauses for one sample period without rotating seat scopes
ok 34 - a single time sample above the lease guard pauses for one sample period without rotating seat scopes
  ---
  duration_ms: 2.054333
  ...
# Subtest: continuous non-permission beyond the grace clears seats exactly once; a fresh certification re-arms it
ok 35 - continuous non-permission beyond the grace clears seats exactly once; a fresh certification re-arms it
  ---
  duration_ms: 17.291167
  ...
# Subtest: a lease that actually lapses under a healthy clock stops advancing at once and clears seats after the grace
ok 36 - a lease that actually lapses under a healthy clock stops advancing at once and clears seats after the grace
  ---
  duration_ms: 5.342333
  ...
# Subtest: AuthorityGrace fires once per outage, only after prior permission, and reset() scopes it to one authority
ok 37 - AuthorityGrace fires once per outage, only after prior permission, and reset() scopes it to one authority
  ---
  duration_ms: 0.81325
  ...
# Subtest: authority recovery clears a stale pause once without overwriting subsequent command errors
ok 38 - authority recovery clears a stale pause once without overwriting subsequent command errors
  ---
  duration_ms: 0.526542
  ...
# Subtest: a sustained pause announces itself once; further ticks preserve the notice on screen
ok 39 - a sustained pause announces itself once; further ticks preserve the notice on screen
  ---
  duration_ms: 0.089584
  ...
# Subtest: initial permission produces confirmed status and sustained permission stays silent
ok 40 - initial permission produces confirmed status and sustained permission stays silent
  ---
  duration_ms: 0.053791
  ...
# Subtest: ten distinct avatar ids address exactly ten atlas cells
ok 41 - ten distinct avatar ids address exactly ten atlas cells
  ---
  duration_ms: 1.396959
  ...
# Subtest: default and selected heads appear in authoritative snapshots without changing slot color
ok 42 - default and selected heads appear in authoritative snapshots without changing slot color
  ---
  duration_ms: 6.379959
  ...
# Subtest: live avatar messages only accept a known head and no player override
ok 43 - live avatar messages only accept a known head and no player override
  ---
  duration_ms: 0.13
  ...
# Subtest: disk uses radial distance rather than bounding square or cross
ok 44 - disk uses radial distance rather than bounding square or cross
  ---
  duration_ms: 0.415458
  ...
# Subtest: swept disk detects crossing, tangent, radius padding and endpoint misses
ok 45 - swept disk detects crossing, tangent, radius padding and endpoint misses
  ---
  duration_ms: 0.070542
  ...
# Subtest: ordered bomb edges survive a between-tick tap, while held resends do not repeat presses
ok 46 - ordered bomb edges survive a between-tick tap, while held resends do not repeat presses
  ---
  duration_ms: 0.874542
  ...
# Subtest: interruption discards even a queued release and requires a neutral handshake
ok 47 - interruption discards even a queued release and requires a neutral handshake
  ---
  duration_ms: 0.101417
  ...
# Subtest: overflow cancels the bounded queue and a later fresh press can recover
ok 48 - overflow cancels the bounded queue and a later fresh press can recover
  ---
  duration_ms: 0.06625
  ...
# Subtest: target input preserves per-release aim despite later packets and caller mutation
ok 49 - target input preserves per-release aim despite later packets and caller mutation
  ---
  duration_ms: 0.109375
  ...
# Subtest: maps charge ticks linearly between accepted minimum and maximum
ok 50 - maps charge ticks linearly between accepted minimum and maximum
  ---
  duration_ms: 0.409584
  ...
# Subtest: projects along the release angle and clamps each coordinate to safe bounds
ok 51 - projects along the release angle and clamps each coordinate to safe bounds
  ---
  duration_ms: 0.9795
  ...
# Subtest: AI is deterministic, uses its injected random stream and never mutates the observed world
ok 52 - AI is deterministic, uses its injected random stream and never mutates the observed world
  ---
  duration_ms: 14.3525
  ...
# Subtest: AI is neutral when absent, dead, disconnected or waiting for next round
ok 53 - AI is neutral when absent, dead, disconnected or waiting for next round
  ---
  duration_ms: 0.549083
  ...
# Subtest: AI turns away from imminent walls, trails and rider paths
ok 54 - AI turns away from imminent walls, trails and rider paths
  ---
  duration_ms: 2.966666
  ...
# Subtest: AI considers expired and recent own trails, pickups, blasts, shells and drunk heading without changing physics
ok 55 - AI considers expired and recent own trails, pickups, blasts, shells and drunk heading without changing physics
  ---
  duration_ms: 0.984792
  ...
# Subtest: AI presses, holds and releases ordinary bombs through the same charge/cooldown rules
ok 56 - AI presses, holds and releases ordinary bombs through the same charge/cooldown rules
  ---
  duration_ms: 4.606167
  ...
# Subtest: AI target/gun/shell shots use normal input actions and target aim is bounded
ok 57 - AI target/gun/shell shots use normal input actions and target aim is bounded
  ---
  duration_ms: 2.98175
  ...
# Subtest: Host alone can manage AI, five shared slots are enforced, and a solo host can start
ok 58 - Host alone can manage AI, five shared slots are enforced, and a solo host can start
  ---
  duration_ms: 0.946625
  ...
# Subtest: AI arriving during a match waits and appears in the next round without a timed click
ok 59 - AI arriving during a match waits and appears in the next round without a timed click
  ---
  duration_ms: 55.684208
  ...
# Subtest: AI removal/reset frees its slot without converting humans or reusing old bot identity
ok 60 - AI removal/reset frees its slot without converting humans or reusing old bot identity
  ---
  duration_ms: 0.2755
  ...
# Subtest: Checkpoint v3 restores only validated bot ownership and rejects malformed registries atomically
ok 61 - Checkpoint v3 restores only validated bot ownership and rejects malformed registries atomically
  ---
  duration_ms: 2.170459
  ...
# Subtest: visual projection uses authoritative tick spacing during packet bursts
ok 62 - visual projection uses authoritative tick spacing during packet bursts
  ---
  duration_ms: 0.620042
  ...
# Subtest: visual projection freezes after 50 ms and never projects death or non-playing phases
ok 63 - visual projection freezes after 50 ms and never projects death or non-playing phases
  ---
  duration_ms: 0.083166
  ...
# Subtest: visual projection does not cross round, match, membership or timestamp boundaries
ok 64 - visual projection does not cross round, match, membership or timestamp boundaries
  ---
  duration_ms: 0.09125
  ...
# Subtest: visual projection snaps a portal transit and resumes on the next ordinary movement pair
ok 65 - visual projection snaps a portal transit and resumes on the next ordinary movement pair
  ---
  duration_ms: 0.075875
  ...
# Subtest: multitouch retains a control until its final pointer releases
ok 66 - multitouch retains a control until its final pointer releases
  ---
  duration_ms: 0.54675
  ...
# Subtest: fast bomb tap and cancellation always send the falling edge
ok 67 - fast bomb tap and cancellation always send the falling edge
  ---
  duration_ms: 0.104167
  ...
# Subtest: pointer cancellation never launches and lost capture after release is a no-op
ok 68 - pointer cancellation never launches and lost capture after release is a no-op
  ---
  duration_ms: 0.079167
  ...
# Subtest: reconnect can force a neutral sample to rearm bomb edges
ok 69 - reconnect can force a neutral sample to rearm bomb edges
  ---
  duration_ms: 0.058584
  ...
# Subtest: held-state resend advances sequence while idle resend stays silent
ok 70 - held-state resend advances sequence while idle resend stays silent
  ---
  duration_ms: 0.0775
  ...
# Subtest: snapshot acceptance handles opaque match ids without lexicographic ordering
ok 71 - snapshot acceptance handles opaque match ids without lexicographic ordering
  ---
  duration_ms: 0.131917
  ...
# Subtest: snapshot acceptance rejects an older round in the active match
ok 72 - snapshot acceptance rejects an older round in the active match
  ---
  duration_ms: 0.049917
  ...
# Subtest: target preview projects for at most one tick and stays inside the arena
ok 73 - target preview projects for at most one tick and stays inside the arena
  ---
  duration_ms: 0.098042
  ...
# Subtest: shell visuals advance between server ticks and reflect off walls without changing authority
ok 74 - shell visuals advance between server ticks and reflect off walls without changing authority
  ---
  duration_ms: 0.222458
  ...
# Subtest: public smoke exercises real gateway socket boundaries and emits no credentials
ok 75 - public smoke exercises real gateway socket boundaries and emits no credentials
  ---
  duration_ms: 46.365125
  ...
# Subtest: public smoke stops on broken CORS and reports only a safe check label
ok 76 - public smoke stops on broken CORS and reports only a safe check label
  ---
  duration_ms: 9.035583
  ...
# Subtest: public smoke rejects plaintext and credential-bearing production origins before requests
ok 77 - public smoke rejects plaintext and credential-bearing production origins before requests
  ---
  duration_ms: 3221.293334
  ...
# Subtest: arrows share held state and Space emits exactly one press and release despite repeats
ok 78 - arrows share held state and Space emits exactly one press and release despite repeats
  ---
  duration_ms: 1.011041
  ...
# Subtest: pointer ownership survives keyboard release and cancellation
ok 79 - pointer ownership survives keyboard release and cancellation
  ---
  duration_ms: 0.1105
  ...
# Subtest: menu/focus/visibility cancellation never fires and repeat after reset cannot restart charge
ok 80 - menu/focus/visibility cancellation never fires and repeat after reset cannot restart charge
  ---
  duration_ms: 0.093958
  ...
# Subtest: blocked and unrelated keys retain normal browser handling
ok 81 - blocked and unrelated keys retain normal browser handling
  ---
  duration_ms: 0.060959
  ...
# Subtest: blocked new key clears previously held keys without releasing a bomb
ok 82 - blocked new key clears previously held keys without releasing a bomb
  ---
  duration_ms: 0.124
  ...
# Subtest: browser modifier shortcuts remain untouched while keyup releases an earlier plain hold
ok 83 - browser modifier shortcuts remain untouched while keyup releases an earlier plain hold
  ---
  duration_ms: 0.121125
  ...
# Subtest: A and D aliases retain independent held ownership from arrow keys
ok 84 - A and D aliases retain independent held ownership from arrow keys
  ---
  duration_ms: 0.076875
  ...
# Subtest: keyboard ArrowLeft/ArrowRight and Space share serialized steering and charge/release semantics
ok 85 - keyboard ArrowLeft/ArrowRight and Space share serialized steering and charge/release semantics
  ---
  duration_ms: 1.44375
  ...
# Subtest: keyboard KeyA/KeyD and Space share serialized steering and charge/release semantics
ok 86 - keyboard KeyA/KeyD and Space share serialized steering and charge/release semantics
  ---
  duration_ms: 0.123792
  ...
# Subtest: arrow and letter aliases keep steering until both keys are released
ok 87 - arrow and letter aliases keep steering until both keys are released
  ---
  duration_ms: 0.275417
  ...
# Subtest: keyboard and pointer holds do not release each other
ok 88 - keyboard and pointer holds do not release each other
  ---
  duration_ms: 0.255792
  ...
# Subtest: focus/lifecycle cancellation never fires or reactivates a held key on repeat
ok 89 - focus/lifecycle cancellation never fires or reactivates a held key on repeat
  ---
  duration_ms: 0.174667
  ...
# Subtest: typing, disabled contexts and browser shortcuts are left alone, but keyup still releases
ok 90 - typing, disabled contexts and browser shortcuts are left alone, but keyup still releases
  ---
  duration_ms: 0.136042
  ...
# Subtest: recycled pointer ownership cancels old steering and makes both buttons reusable
ok 91 - recycled pointer ownership cancels old steering and makes both buttons reusable
  ---
  duration_ms: 0.132833
  ...
# Subtest: global release works if capture throws and leaves simultaneous touches intact
ok 92 - global release works if capture throws and leaves simultaneous touches intact
  ---
  duration_ms: 0.10325
  ...
# Subtest: lost capture and clear cancel charge without accidental release, then recover immediately
ok 93 - lost capture and clear cancel charge without accidental release, then recover immediately
  ---
  duration_ms: 0.128917
  ...
# Subtest: disabled buttons, unrelated capture loss, right clicks and duplicate terminal events do nothing
ok 94 - disabled buttons, unrelated capture loss, right clicks and duplicate terminal events do nothing
  ---
  duration_ms: 0.895792
  ...
# Subtest: input model independently repairs pointer reassignment and preserves duplicate down
ok 95 - input model independently repairs pointer reassignment and preserves duplicate down
  ---
  duration_ms: 0.099917
  ...
# Subtest: held drag enters, switches and exits buttons without tapping; hovering does not press
ok 96 - held drag enters, switches and exits buttons without tapping; hovering does not press
  ---
  duration_ms: 0.202709
  ...
# Subtest: Target aim keeps its thumb while sliding across other controls
ok 97 - Target aim keeps its thumb while sliding across other controls
  ---
  duration_ms: 0.538375
  ...
# Subtest: cancelled or cleared contacts cannot slide-reactivate before lifting
ok 98 - cancelled or cleared contacts cannot slide-reactivate before lifting
  ---
  duration_ms: 0.183667
  ...
# Subtest: target trackpad uses relative motion, throttles packets and sends final release coordinates
ok 99 - target trackpad uses relative motion, throttles packets and sends final release coordinates
  ---
  duration_ms: 0.9955
  ...
# Subtest: aim clamps the board and other fingers cannot move it; cancellation clears it
ok 100 - aim clamps the board and other fingers cannot move it; cancellation clears it
  ---
  duration_ms: 0.136167
  ...
# Subtest: second Fire contact inherits aim without a jump, refresh does not reset active aim
ok 101 - second Fire contact inherits aim without a jump, refresh does not reset active aim
  ---
  duration_ms: 0.078333
  ...
# Subtest: ordinary controls send no aim and invalid positions do not corrupt it
ok 102 - ordinary controls send no aim and invalid positions do not corrupt it
  ---
  duration_ms: 0.074167
  ...
# Subtest: host intention waits for permission, latest wins, expires and cannot cross authority reset
ok 103 - host intention waits for permission, latest wins, expires and cannot cross authority reset
  ---
  duration_ms: 1.833583
  ...
# Subtest: wire actions use full uint32 ticks and strict bounded MessagePack tuples
ok 104 - wire actions use full uint32 ticks and strict bounded MessagePack tuples
  ---
  duration_ms: 2.329583
  ...
# Subtest: independent stream fills holes, permits older repairs after watermark, ignores reordered watermarks
ok 105 - independent stream fills holes, permits older repairs after watermark, ignores reordered watermarks
  ---
  duration_ms: 0.417542
  ...
# Subtest: conflicting IDs, incomparable promises, chronological inversion and reused gesture are atomic faults
ok 106 - conflicting IDs, incomparable promises, chronological inversion and reused gesture are atomic faults
  ---
  duration_ms: 0.348333
  ...
# Subtest: whole world advances with no action packets, then bounded rollback exactly reconstructs late actions
ok 107 - whole world advances with no action packets, then bounded rollback exactly reconstructs late actions
  ---
  duration_ms: 53.467667
  ...
# Subtest: all same-tick press/release packet permutations yield exactly one identical shot
ok 108 - all same-tick press/release packet permutations yield exactly one identical shot
  ---
  duration_ms: 90.106708
  ...
# Subtest: replacement press restarts charge; old release cannot fire the newer gesture
ok 109 - replacement press restarts charge; old release cannot fire the newer gesture
  ---
  duration_ms: 15.587792
  ...
# Subtest: missing press never invents charge; cancel and aiming preserve per-action target order
ok 110 - missing press never invents charge; cancel and aiming preserve per-action target order
  ---
  duration_ms: 15.319583
  ...
# Subtest: idle repair delivers a lost final release; receipt loss never duplicates shots
ok 111 - idle repair delivers a lost final release; receipt loss never duplicates shots
  ---
  duration_ms: 4.680458
  ...
# Subtest: origin immediately sends newest plus old gap records; backpressure repair is paced and bounded
ok 112 - origin immediately sends newest plus old gap records; backpressure repair is paced and bounded
  ---
  duration_ms: 7.54775
  ...
# Subtest: finality waits for cross-channel input gaps, then emits derived effects exactly once
ok 113 - finality waits for cross-channel input gaps, then emits derived effects exactly once
  ---
  duration_ms: 18.119625
  ...
# Subtest: finalized bootstrap uses applied prefixes, leaving already received future actions for suffix replay
ok 114 - finalized bootstrap uses applied prefixes, leaving already received future actions for suffix replay
  ---
  duration_ms: 34.954667
  ...
# Subtest: speculation pauses at its fixed bound and resumes after verified finality
ok 115 - speculation pauses at its fixed bound and resumes after verified finality
  ---
  duration_ms: 23.110583
  ...
# Subtest: malformed/future/wrong-owner/stale-segment messages do not alter healthy world
ok 116 - malformed/future/wrong-owner/stale-segment messages do not alter healthy world
  ---
  duration_ms: 5.853917
  ...
# Subtest: invalid bootstrap, changed rules, corrupt state and wrong scope never instantiate a replica
ok 117 - invalid bootstrap, changed rules, corrupt state and wrong scope never instantiate a replica
  ---
  duration_ms: 5.136833
  ...
# Subtest: encoded history budget rejects growth atomically rather than discarding rollback dependencies
ok 118 - encoded history budget rejects growth atomically rather than discarding rollback dependencies
  ---
  duration_ms: 4.568083
  ...
# Subtest: six independently advancing replicas converge through delayed/reordered delivery for five streams
ok 119 - six independently advancing replicas converge through delayed/reordered delivery for five streams
  ---
  duration_ms: 6177.723791
  ...
# Subtest: new completeness cuts preserve older promises and already certified progress
ok 120 - new completeness cuts preserve older promises and already certified progress
  ---
  duration_ms: 0.178958
  ...
# Subtest: watermark cuts, including empty periods, have a hard retention bound
ok 121 - watermark cuts, including empty periods, have a hard retention bound
  ---
  duration_ms: 0.697875
  ...
# Subtest: bootstrap rejects a rehashed impossible gesture state, not only corrupt hashes
ok 122 - bootstrap rejects a rehashed impossible gesture state, not only corrupt hashes
  ---
  duration_ms: 1.317833
  ...
# Subtest: older complete finality advances while newer certificates still await input repair
ok 123 - older complete finality advances while newer certificates still await input repair
  ---
  duration_ms: 23.92825
  ...
# Subtest: pending certificates normalize prefix order and reject conflicts without bypassing a bad older hash
ok 124 - pending certificates normalize prefix order and reject conflicts without bypassing a bad older hash
  ---
  duration_ms: 9.988042
  ...
# Subtest: pending finality has a forty-tick bound and encoded-byte admission is atomic
ok 125 - pending finality has a forty-tick bound and encoded-byte admission is atomic
  ---
  duration_ms: 9.932333
  ...
# Subtest: lost receipts retain the oldest gap without starving rotation through the unacknowledged tail
ok 126 - lost receipts retain the oldest gap without starving rotation through the unacknowledged tail
  ---
  duration_ms: 0.531875
  ...
# Subtest: delivery exact cuts exclude future groups and cannot contradict retained actions
ok 127 - delivery exact cuts exclude future groups and cannot contradict retained actions
  ---
  duration_ms: 0.106917
  ...
# Subtest: remote future staging derives from both clock uncertainties without extending the execution horizon
ok 128 - remote future staging derives from both clock uncertainties without extending the execution horizon
  ---
  duration_ms: 13.484583
  ...
# Subtest: recovery distinguishes invalid action admission from verified finality disagreement
ok 129 - recovery distinguishes invalid action admission from verified finality disagreement
  ---
  duration_ms: 3.7225
  ...
# Subtest: compact control admits only complete bounded clock and finality schemas
ok 130 - compact control admits only complete bounded clock and finality schemas
  ---
  duration_ms: 1.61525
  ...
# Subtest: immutable roster permissions authorize disjoint action and receipt slot flows
ok 131 - immutable roster permissions authorize disjoint action and receipt slot flows
  ---
  duration_ms: 0.596917
  ...
# Subtest: flow burst and refill are exact, and repeated binding never refills them
ok 132 - flow burst and refill are exact, and repeated binding never refills them
  ---
  duration_ms: 0.8465
  ...
# Subtest: five legitimate100Hz stream flows preserve their separate liveness allowance
ok 133 - five legitimate100Hz stream flows preserve their separate liveness allowance
  ---
  duration_ms: 3.601459
  ...
# Subtest: liveness has a reserved burst even when all five flow bursts are used
ok 134 - liveness has a reserved burst even when all five flow bursts are used
  ---
  duration_ms: 0.404083
  ...
# Subtest: packet limits apply before parsing and the association budget survives alias changes
ok 135 - packet limits apply before parsing and the association budget survives alias changes
  ---
  duration_ms: 0.45
  ...
# Subtest: held controls emit only edges, with independent wire and UI sequence numbering
ok 136 - held controls emit only edges, with independent wire and UI sequence numbering
  ---
  duration_ms: 1.775834
  ...
# Subtest: a local change group is atomic until the caller installs the candidate
ok 137 - a local change group is atomic until the caller installs the candidate
  ---
  duration_ms: 1.159042
  ...
# Subtest: all subscriber candidates admit a full group before bytes, and failed enqueue retains it for repair
ok 138 - all subscriber candidates admit a full group before bytes, and failed enqueue retains it for repair
  ---
  duration_ms: 0.514
  ...
# Subtest: press replacement, missing press, release and neutral cancellation preserve gesture semantics
ok 139 - press replacement, missing press, release and neutral cancellation preserve gesture semantics
  ---
  duration_ms: 0.109417
  ...
# Subtest: origin exact cuts cannot cover future actions or permit a later action before the cut
ok 140 - origin exact cuts cannot cover future actions or permit a later action before the cut
  ---
  duration_ms: 0.1525
  ...
# Subtest: invalid local frames and exhausted ticks consume neither revisions nor actions
ok 141 - invalid local frames and exhausted ticks consume neither revisions nor actions
  ---
  duration_ms: 0.200292
  ...
# Subtest: future start requires coordinator confirmation, and both clocks advance without gameplay packets
ok 142 - future start requires coordinator confirmation, and both clocks advance without gameplay packets
  ---
  duration_ms: 0.551708
  ...
# Subtest: lowest RTT filtering tolerates valid asymmetric delay without a false four-tick fault
ok 143 - lowest RTT filtering tolerates valid asymmetric delay without a false four-tick fault
  ---
  duration_ms: 0.100875
  ...
# Subtest: running clock slews in either direction at one tick per second and never moves backward
ok 144 - running clock slews in either direction at one tick per second and never moves backward
  ---
  duration_ms: 0.224791
  ...
# Subtest: scope fences, expired and reordered replies cannot move time or refresh readiness
ok 145 - scope fences, expired and reordered replies cannot move time or refresh readiness
  ---
  duration_ms: 0.147458
  ...
# Subtest: discrepancy and monotonic-clock faults stay latched, including on the coordinator
ok 146 - discrepancy and monotonic-clock faults stay latched, including on the coordinator
  ---
  duration_ms: 0.12975
  ...
# Subtest: stale baseline recovery remains conservative, and a failed release cannot revive after a fresh sample
ok 147 - stale baseline recovery remains conservative, and a failed release cannot revive after a fresh sample
  ---
  duration_ms: 0.129166
  ...
# Subtest: origin bounds unpublished tick frontiers and publishing a cut restores capacity atomically
ok 148 - origin bounds unpublished tick frontiers and publishing a cut restores capacity atomically
  ---
  duration_ms: 0.438667
  ...
# Subtest: expiry cannot turn an uncertain idle clock into a qualified projection
ok 149 - expiry cannot turn an uncertain idle clock into a qualified projection
  ---
  duration_ms: 0.07975
  ...
# Subtest: uncertainty admission persists even when no read occurs before samples expire
ok 150 - uncertainty admission persists even when no read occurs before samples expire
  ---
  duration_ms: 0.065458
  ...
# Subtest: initial room preparation accepts tick-stamped snapshots and rejects unknown snapshot fields
ok 151 - initial room preparation accepts tick-stamped snapshots and rejects unknown snapshot fields
  ---
  duration_ms: 6.409917
  ...
# Subtest: lifecycle changes reproduce validated management operations with neutral input state
ok 152 - lifecycle changes reproduce validated management operations with neutral input state
  ---
  duration_ms: 20.050083
  ...
# Subtest: lifecycle checkpoint validation fences the actual old state and leaves healthy state untouched
ok 153 - lifecycle checkpoint validation fences the actual old state and leaves healthy state untouched
  ---
  duration_ms: 11.070375
  ...
# Subtest: controller status contains no world geometry and cannot change stream ownership
ok 154 - controller status contains no world geometry and cannot change stream ownership
  ---
  duration_ms: 7.901375
  ...
# Subtest: room catalogs and delegation validate identities and mode-specific simulator ownership
ok 155 - room catalogs and delegation validate identities and mode-specific simulator ownership
  ---
  duration_ms: 2.237625
  ...
# Subtest: played lobby catalog reconstructs the exact nonzero-tick checkpoint and ordered historical scores
ok 156 - played lobby catalog reconstructs the exact nonzero-tick checkpoint and ordered historical scores
  ---
  duration_ms: 2.32325
  ...
# Subtest: full-view preparation rejects a valid checkpoint paired with a different phase, round or status
ok 157 - full-view preparation rejects a valid checkpoint paired with a different phase, round or status
  ---
  duration_ms: 20.746792
  ...
# Subtest: runtime activates direct simulators, starts a match and sends actions directly between guests
ok 158 - runtime activates direct simulators, starts a match and sends actions directly between guests
  ---
  duration_ms: 437.992917
  ...
# Subtest: a failed first recovery enqueue is retried and replaces the paused segment
ok 159 - a failed first recovery enqueue is retried and replaces the paused segment
  ---
  duration_ms: 132.806458
  ...
# Subtest: an unavailable recovery coordinator produces a bounded visible fresh-lobby state
ok 160 - an unavailable recovery coordinator produces a bounded visible fresh-lobby state
  ---
  duration_ms: 211.567417
  ...
# Subtest: a release without a usable tick freezes its gesture before a fresh clock can resume input
ok 161 - a release without a usable tick freezes its gesture before a fresh clock can resume input
  ---
  duration_ms: 555.21825
  ...
# Subtest: a refreshed delegated TV without a simulation base pauses instead of creating a new match
ok 162 - a refreshed delegated TV without a simulation base pauses instead of creating a new match
  ---
  duration_ms: 48.570958
  ...
# Subtest: creator refresh in a settled lobby preserves the checkpoint and can switch to shared TV mode
ok 163 - creator refresh in a settled lobby preserves the checkpoint and can switch to shared TV mode
  ---
  duration_ms: 289.84925
  ...
# Subtest: a refreshed guest can rejoin with a fresh command sequence on its replacement connection
ok 164 - a refreshed guest can rejoin with a fresh command sequence on its replacement connection
  ---
  duration_ms: 76.089583
  ...
# Subtest: four healthy connection rebuilds do not consume the corrupt-state recovery budget
ok 165 - four healthy connection rebuilds do not consume the corrupt-state recovery budget
  ---
  duration_ms: 268.832834
  ...
# Subtest: a running recovery episode cannot reset its deadline through clock readiness without finality
ok 166 - a running recovery episode cannot reset its deadline through clock readiness without finality
  ---
  duration_ms: 604.412333
  ...
# Subtest: a delegated coordinator stops retrying an unavailable creator after the plan-request deadline
ok 167 - a delegated coordinator stops retrying an unavailable creator after the plan-request deadline
  ---
  duration_ms: 66.618959
  ...
# Subtest: a delayed current-alias activation cannot resume a latched recovery timeout
ok 168 - a delayed current-alias activation cannot resume a latched recovery timeout
  ---
  duration_ms: 346.576292
  ...
# Subtest: a guest returns after a service-observed departure and lobby seat removal
ok 169 - a guest returns after a service-observed departure and lobby seat removal
  ---
  duration_ms: 74.845417
  ...
# Subtest: invalid future actions do not consume the checkpoint and hash recovery budget
ok 170 - invalid future actions do not consume the checkpoint and hash recovery budget
  ---
  duration_ms: 144.704625
  ...
# Subtest: conflicting metadata for an installed preparation charges one corrupt recovery attempt
ok 171 - conflicting metadata for an installed preparation charges one corrupt recovery attempt
  ---
  duration_ms: 65.452125
  ...
# Subtest: six live segments independently advance and finalize continuous inputs under loss and reordering
ok 172 - six live segments independently advance and finalize continuous inputs under loss and reordering
  ---
  duration_ms: 1729.976042
  ...
# Subtest: shared TV is the only simulator while five controller origins send directly to it
ok 173 - shared TV is the only simulator while five controller origins send directly to it
  ---
  duration_ms: 34.611333
  ...
# Subtest: coordinator traffic is unnecessary for immediate peer actions, then clock/finality loss pauses safely
ok 174 - coordinator traffic is unnecessary for immediate peer actions, then clock/finality loss pauses safely
  ---
  duration_ms: 114.904625
  ...
# Subtest: provisional eliminations cannot publish death or placements before verified finality
ok 175 - provisional eliminations cannot publish death or placements before verified finality
  ---
  duration_ms: 2.6905
  ...
# Subtest: controller finality is coordinator-scoped and conflicting progress cannot overwrite the accepted fence
ok 176 - controller finality is coordinator-scoped and conflicting progress cannot overwrite the accepted fence
  ---
  duration_ms: 7.196083
  ...
# Subtest: asymmetric clock samples and opposite follower errors retain valid future actions without executing early
ok 177 - asymmetric clock samples and opposite follower errors retain valid future actions without executing early
  ---
  duration_ms: 553.772417
  ...
# Subtest: initial progress grace is bounded and replayed base cuts cannot postpone it
ok 178 - initial progress grace is bounded and replayed base cuts cannot postpone it
  ---
  duration_ms: 136.693958
  ...
# Subtest: after the first advancing cut, repeated old progress cannot extend the500ms silence deadline
ok 179 - after the first advancing cut, repeated old progress cannot extend the500ms silence deadline
  ---
  duration_ms: 58.5415
  ...
# Subtest: uncertain clocks stop input, cuts and world advancement, and a failed release never revives
ok 180 - uncertain clocks stop input, cuts and world advancement, and a failed release never revives
  ---
  duration_ms: 1.651
  ...
# Subtest: integrated sway remains within 15 degrees and leaves zero heading drift for many seeded effects
ok 181 - integrated sway remains within 15 degrees and leaves zero heading drift for many seeded effects
  ---
  duration_ms: 11.437916
  ...
# Subtest: two-second cycle preserves phase during refresh and smooth onset/expiry
ok 182 - two-second cycle preserves phase during refresh and smooth onset/expiry
  ---
  duration_ms: 0.138083
  ...
# Subtest: engine adds bounded sway to ordinary steering and restores intended heading at expiry
ok 183 - engine adds bounded sway to ordinary steering and restores intended heading at expiry
  ---
  duration_ms: 10.156834
  ...
# Subtest: late refresh stays bounded and leaves no residual at the extended deadline
ok 184 - late refresh stays bounded and leaves no residual at the extended deadline
  ---
  duration_ms: 0.137542
  ...
# Subtest: durationText rounds whole seconds before splitting minutes so 59.95s never renders as "60s"
ok 185 - durationText rounds whole seconds before splitting minutes so 59.95s never renders as "60s"
  ---
  duration_ms: 0.408875
  ...
# Subtest: spawns two through five players evenly on a circle with clockwise tangent headings
ok 186 - spawns two through five players evenly on a circle with clockwise tangent headings
  ---
  duration_ms: 1.383333
  ...
# Subtest: replaying the same accepted inputs produces the same snapshots and events
ok 187 - replaying the same accepted inputs produces the same snapshots and events
  ---
  duration_ms: 91.841708
  ...
# Subtest: trail segments remain active through T+159 and expire exactly at T+160
ok 188 - trail segments remain active through T+159 and expire exactly at T+160
  ---
  duration_ms: 0.511291
  ...
# Subtest: a due blast removes an intersecting segment before trail collision
ok 189 - a due blast removes an intersecting segment before trail collision
  ---
  duration_ms: 0.553959
  ...
# Subtest: swept movement collides with an old trail even when the endpoint has crossed it
ok 190 - swept movement collides with an old trail even when the endpoint has crossed it
  ---
  duration_ms: 0.431958
  ...
# Subtest: recent self trail is ignored but becomes lethal at the exact grace boundary
ok 191 - recent self trail is ignored but becomes lethal at the exact grace boundary
  ---
  duration_ms: 0.741167
  ...
# Subtest: head-on swept rider collision eliminates both and produces a draw
ok 192 - head-on swept rider collision eliminates both and produces a draw
  ---
  duration_ms: 0.486292
  ...
# Subtest: bomb input charges, launches on release, caps one live bomb, chains once, and observes cooldown
ok 193 - bomb input charges, launches on release, caps one live bomb, chains once, and observes cooldown
  ---
  duration_ms: 0.837125
  ...
# Subtest: quick bomb action bursts launch at minimum range and cancel paths never launch
ok 194 - quick bomb action bursts launch at minimum range and cancel paths never launch
  ---
  duration_ms: 0.611667
  ...
# Subtest: charged launches cap and clamp to the active safe interior
ok 195 - charged launches cap and clamp to the active safe interior
  ---
  duration_ms: 0.388333
  ...
# Subtest: a flying bomb cannot explode or chain-trigger before landing
ok 196 - a flying bomb cannot explode or chain-trigger before landing
  ---
  duration_ms: 0.406541
  ...
# Subtest: Triple Shot releases one deterministic straight three-bomb volley
ok 197 - Triple Shot releases one deterministic straight three-bomb volley
  ---
  duration_ms: 0.680792
  ...
# Subtest: invalid release and cancellation preserve launch modifiers
ok 198 - invalid release and cancellation preserve launch modifiers
  ---
  duration_ms: 0.57275
  ...
# Subtest: round wins score once, first to three ends the match, and rematch resets wins and scope
ok 199 - round wins score once, first to three ends the match, and rematch resets wins and scope
  ---
  duration_ms: 1.4655
  ...
# Subtest: overtime inset updates before collision and a 90-second unresolved round draws
ok 200 - overtime inset updates before collision and a 90-second unresolved round draws
  ---
  duration_ms: 0.717208
  ...
# Subtest: lifecycle commands enforce phase, capacity, identity, and connected-player guards
ok 201 - lifecycle commands enforce phase, capacity, identity, and connected-player guards
  ---
  duration_ms: 0.391083
  ...
# Subtest: wall and explosion causes are authoritative, clipped, and blast visuals expire exactly
ok 202 - wall and explosion causes are authoritative, clipped, and blast visuals expire exactly
  ---
  duration_ms: 0.782833
  ...
# Subtest: a finished match can replace every seat and start a clean rematch without restarting the server
ok 203 - a finished match can replace every seat and start a clean rematch without restarting the server
  ---
  duration_ms: 0.391042
  ...
# Subtest: the larger arena and seeded pickup schedule replay deterministically
ok 204 - the larger arena and seeded pickup schedule replay deterministically
  ---
  duration_ms: 0.662791
  ...
# Subtest: blast pickups cap at level two and affect bombs placed on the collection tick
ok 205 - blast pickups cap at level two and affect bombs placed on the collection tick
  ---
  duration_ms: 0.426292
  ...
# Subtest: a star collected on the swept path rescues and reflects a wall hit, then expires sharply
ok 206 - a star collected on the swept path rescues and reflects a wall hit, then expires sharply
  ---
  duration_ms: 0.489417
  ...
# Subtest: star head contact kills only a normal rider while two stars pass through
ok 207 - star head contact kills only a normal rider while two stars pass through
  ---
  duration_ms: 0.680917
  ...
# Subtest: pickup expiry, active cap, and impossible safe interior stay bounded
ok 208 - pickup expiry, active cap, and impossible safe interior stay bounded
  ---
  duration_ms: 0.428
  ...
# Subtest: beer pickup debuffs every other living rider, refreshes, and keeps the collector unchanged
ok 209 - beer pickup debuffs every other living rider, refreshes, and keeps the collector unchanged
  ---
  duration_ms: 0.6
  ...
# Subtest: drunk wobble expires at the strict tick boundary and resets between rounds
ok 210 - drunk wobble expires at the strict tick boundary and resets between rounds
  ---
  duration_ms: 0.405458
  ...
# Subtest: modifier pickups arm one use, refresh without stacking, and reset between rounds
ok 211 - modifier pickups arm one use, refresh without stacking, and reset between rounds
  ---
  duration_ms: 0.437625
  ...
# Subtest: orbit shields absorb a whole clustered hazard tick and grace protects until strict expiry
ok 212 - orbit shields absorb a whole clustered hazard tick and grace protects until strict expiry
  ---
  duration_ms: 5.32825
  ...
# Subtest: two shields both break on contact while Star preserves its stored shield
ok 213 - two shields both break on contact while Star preserves its stored shield
  ---
  duration_ms: 0.682542
  ...
# Subtest: shield break reflects an outward wall sweep and records the bounce
ok 214 - shield break reflects an outward wall sweep and records the bounce
  ---
  duration_ms: 0.3575
  ...
# Subtest: countdown leave is stamped, scored once, and a later join receives no prior-round award
ok 215 - countdown leave is stamped, scored once, and a later join receives no prior-round award
  ---
  duration_ms: 0.406458
  ...
# Subtest: overlapping blast owners receive no speculative elimination credit
ok 216 - overlapping blast owners receive no speculative elimination credit
  ---
  duration_ms: 0.513584
  ...
# Subtest: match-over recap is frozen and deeply detached from engine state
ok 217 - match-over recap is frozen and deeply detached from engine state
  ---
  duration_ms: 0.433833
  ...
# Subtest: Five Shot survives Triple collection and cancellation, then launches five with one cooldown
ok 218 - Five Shot survives Triple collection and cancellation, then launches five with one cooldown
  ---
  duration_ms: 0.622875
  ...
# Subtest: radial blast hits diagonal riders, clears diagonal trails and chains diagonal bombs
ok 219 - radial blast hits diagonal riders, clears diagonal trails and chains diagonal bombs
  ---
  duration_ms: 0.561166
  ...
# Subtest: bomb landing hits a rider before detonation, respecting star and shield
ok 220 - bomb landing hits a rider before detonation, respecting star and shield
  ---
  duration_ms: 1.709458
  ...
# Subtest: a bomb landing inside an active blast chains immediately
ok 221 - a bomb landing inside an active blast chains immediately
  ---
  duration_ms: 0.473292
  ...
# Subtest: blast preview is harmless before the fuse, both in flight and after landing
ok 222 - blast preview is harmless before the fuse, both in flight and after landing
  ---
  duration_ms: 1.36625
  ...
# Subtest: bomb skips riders along flight and only snipes at its landing position
ok 223 - bomb skips riders along flight and only snipes at its landing position
  ---
  duration_ms: 0.834542
  ...
# Subtest: landing step never uses blast radius for contact damage
ok 224 - landing step never uses blast radius for contact damage
  ---
  duration_ms: 1.648125
  ...
# Subtest: shell persists beyond five seconds and permits another shot after cooldown
ok 225 - shell persists beyond five seconds and permits another shot after cooldown
  ---
  duration_ms: 1.002
  ...
# Subtest: shell body hits once, shield absorbs it, and no blast radius is produced
ok 226 - shell body hits once, shield absorbs it, and no blast radius is produced
  ---
  duration_ms: 0.897
  ...
# Subtest: Gun pickup fires one bullet at twice rider speed and cuts a traversable trail gap
ok 227 - Gun pickup fires one bullet at twice rider speed and cuts a traversable trail gap
  ---
  duration_ms: 0.897
  ...
# Subtest: gun head and wall impacts explode
ok 228 - gun head and wall impacts explode
  ---
  duration_ms: 0.955333
  ...
# Subtest: stopwatch caps at two levels, changes only future own bombs and resets next round
ok 229 - stopwatch caps at two levels, changes only future own bombs and resets next round
  ---
  duration_ms: 0.745333
  ...
# Subtest: first stopwatch level produces a one-and-a-half second fuse
ok 230 - first stopwatch level produces a one-and-a-half second fuse
  ---
  duration_ms: 0.475166
  ...
# Subtest: live shell bounces off a rider trail without damage or resetting its lifetime
ok 231 - live shell bounces off a rider trail without damage or resetting its lifetime
  ---
  duration_ms: 1.590167
  ...
# Subtest: gun explodes against the trail directly behind a rider and kills the rider
ok 232 - gun explodes against the trail directly behind a rider and kills the rider
  ---
  duration_ms: 0.567417
  ...
# Subtest: a blast clears trails whether it came from a landed bomb or a gun projectile hitting a rider
ok 233 - a blast clears trails whether it came from a landed bomb or a gun projectile hitting a rider
  ---
  duration_ms: 7.741042
  ...
# Subtest: a fixed-rounds match ends on the standings leader even when another rider wins the final round
ok 234 - a fixed-rounds match ends on the standings leader even when another rider wins the final round
  ---
  duration_ms: 1.232125
  ...
# Subtest: a drawn final round still awards the fixed-rounds match to the standings leader
ok 235 - a drawn final round still awards the fixed-rounds match to the standings leader
  ---
  duration_ms: 0.721208
  ...
# Subtest: a fixed-rounds leader who also wins the final round is credited exactly once
ok 236 - a fixed-rounds leader who also wins the final round is credited exactly once
  ---
  duration_ms: 0.662708
  ...
# Subtest: a fixed-rounds match tied at the final round ends without a match winner
ok 237 - a fixed-rounds match tied at the final round ends without a match winner
  ---
  duration_ms: 0.662416
  ...
# Subtest: gun speed is twice rider speed with a bounded nearby steering correction
ok 238 - gun speed is twice rider speed with a bounded nearby steering correction
  ---
  duration_ms: 1.111583
  ...
# Subtest: gun holes split trails precisely, keeping expiry metadata and distant trails
ok 239 - gun holes split trails precisely, keeping expiry metadata and distant trails
  ---
  duration_ms: 0.15225
  ...
# Subtest: defaults carry two STUN providers and no TURN
ok 240 - defaults carry two STUN providers and no TURN
  ---
  duration_ms: 0.801291
  ...
# Subtest: service ICE lists are validated at the client boundary and fall back to defaults
ok 241 - service ICE lists are validated at the client boundary and fall back to defaults
  ---
  duration_ms: 0.257916
  ...
# Subtest: peer connections wait for the ICE fetch instead of negotiating with the initial list (issue \#27)
ok 242 - peer connections wait for the ICE fetch instead of negotiating with the initial list (issue \#27)
  ---
  duration_ms: 0.271916
  ...
# Subtest: a failed ICE fetch yields the STUN defaults, never an empty list
ok 243 - a failed ICE fetch yields the STUN defaults, never an empty list
  ---
  duration_ms: 0.210542
  ...
# Subtest: a hung ICE fetch falls back to the STUN defaults when the abort bound fires, even if the fetch ignores the signal
ok 244 - a hung ICE fetch falls back to the STUN defaults when the abort bound fires, even if the fetch ignores the signal
  ---
  duration_ms: 0.166375
  ...
# Subtest: candidate types are read from the candidate line without keeping addresses
ok 245 - candidate types are read from the candidate line without keeping addresses
  ---
  duration_ms: 0.502666
  ...
# Subtest: ufrag and fingerprint readers tolerate missing lines
ok 246 - ufrag and fingerprint readers tolerate missing lines
  ---
  duration_ms: 0.484375
  ...
# Subtest: restart offers keep the DTLS certificate; a recreated connection does not
ok 247 - restart offers keep the DTLS certificate; a recreated connection does not
  ---
  duration_ms: 0.06725
  ...
# Subtest: candidates are scoped to the ICE generation named by their ufrag
ok 248 - candidates are scoped to the ICE generation named by their ufrag
  ---
  duration_ms: 0.108333
  ...
# Subtest: Ink affects only other living riders, refreshes three seconds and snapshots without changing steering
ok 249 - Ink affects only other living riders, refreshes three seconds and snapshots without changing steering
  ---
  duration_ms: 26.160333
  ...
# Subtest: Ink clears at the next round
ok 250 - Ink clears at the next round
  ---
  duration_ms: 1.048083
  ...
# Subtest: join survives authority setup and failed delivery until roster confirmation
ok 251 - join survives authority setup and failed delivery until roster confirmation
  ---
  duration_ms: 0.860583
  ...
# Subtest: lost baseline retries identical full envelope on bounded clock, not dependent deltas
ok 252 - lost baseline retries identical full envelope on bounded clock, not dependent deltas
  ---
  duration_ms: 1.258625
  ...
# Subtest: lost ACK can acknowledge exact previously accepted duplicate without applying it twice
ok 253 - lost ACK can acknowledge exact previously accepted duplicate without applying it twice
  ---
  duration_ms: 0.491917
  ...
# Subtest: old generation stream sequence match and round ACKs cannot retire current baseline
ok 254 - old generation stream sequence match and round ACKs cannot retire current baseline
  ---
  duration_ms: 0.129709
  ...
# Subtest: five-second expiry bounds retained baseline and repeated poll/resync cannot flood retries
ok 255 - five-second expiry bounds retained baseline and repeated poll/resync cannot flood retries
  ---
  duration_ms: 0.291375
  ...
# Subtest: baseline is accepted before any dependent delta; ACK loss does not corrupt next decode
ok 256 - baseline is accepted before any dependent delta; ACK loss does not corrupt next decode
  ---
  duration_ms: 0.218708
  ...
# Subtest: creates a deterministic straight triple fan with seven points per bomb
ok 257 - creates a deterministic straight triple fan with seven points per bomb
  ---
  duration_ms: 2.395459
  ...
# Subtest: all fan paths clamp to safe bounds
ok 258 - all fan paths clamp to safe bounds
  ---
  duration_ms: 0.127625
  ...
# Subtest: rejects invalid geometry
ok 259 - rejects invalid geometry
  ---
  duration_ms: 0.172125
  ...
# Subtest: awards five-player placement points
ok 260 - awards five-player placement points
  ---
  duration_ms: 1.05175
  ...
# Subtest: two participants use winner five and runner-up three
ok 261 - two participants use winner five and runner-up three
  ---
  duration_ms: 0.092542
  ...
# Subtest: averages simultaneous elimination places exactly
ok 262 - averages simultaneous elimination places exactly
  ---
  duration_ms: 0.12375
  ...
# Subtest: does not mutate participants and rejects invalid groups
ok 263 - does not mutate participants and rejects invalid groups
  ---
  duration_ms: 0.233792
  ...
# Subtest: survivors share the top occupied ranks at timeout and points remain conserved
ok 264 - survivors share the top occupied ranks at timeout and points remain conserved
  ---
  duration_ms: 0.093667
  ...
# Subtest: score application validates the complete result before mutating totals
ok 265 - score application validates the complete result before mutating totals
  ---
  duration_ms: 0.151333
  ...
# Subtest: accumulates repeated matches and preserves departures
ok 266 - accumulates repeated matches and preserves departures
  ---
  duration_ms: 0.144625
  ...
# Subtest: returns copies in score order with deterministic tie break
ok 267 - returns copies in score order with deterministic tie break
  ---
  duration_ms: 6.212958
  ...
# Subtest: legendSrc routes pickup legend icons through assetUrl so they work under a Pages base path
ok 268 - legendSrc routes pickup legend icons through assetUrl so they work under a Pages base path
  ---
  duration_ms: 0.45325
  ...
# Subtest: queued retired-channel pongs cannot certify a new RTC link whose probe IDs restarted
ok 269 - queued retired-channel pongs cannot certify a new RTC link whose probe IDs restarted
  ---
  duration_ms: 0.511292
  ...
# Subtest: a replaced channel on the same live link cannot update state or expose stale errors
ok 270 - a replaced channel on the same live link cannot update state or expose stale errors
  ---
  duration_ms: 0.065667
  ...
# Subtest: retired peer callbacks cannot replace the current data channel even with identical service identity
ok 271 - retired peer callbacks cannot replace the current data channel even with identical service identity
  ---
  duration_ms: 0.062375
  ...
# Subtest: the reason names the first missing step in the direct-link pipeline
ok 272 - the reason names the first missing step in the direct-link pipeline
  ---
  duration_ms: 0.682042
  ...
# Subtest: the panel text is redacted and complete
ok 273 - the panel text is redacted and complete
  ---
  duration_ms: 0.3115
  ...
# Subtest: restarts are due every interval and stop after the bounded budget
ok 274 - restarts are due every interval and stop after the bounded budget
  ---
  duration_ms: 4.359667
  ...
# Subtest: fresh health restores the budget and retires the attempt in flight
ok 275 - fresh health restores the budget and retires the attempt in flight
  ---
  duration_ms: 0.121292
  ...
# Subtest: idle health checks every 200 ms do not retire anything
ok 276 - idle health checks every 200 ms do not retire anything
  ---
  duration_ms: 0.05875
  ...
# Subtest: only the newest attempt can complete
ok 277 - only the newest attempt can complete
  ---
  duration_ms: 0.049416
  ...
# Subtest: healthy open channel under the buffer limit is permitted for gameplay and probes
ok 278 - healthy open channel under the buffer limit is permitted for gameplay and probes
  ---
  duration_ms: 0.484334
  ...
# Subtest: a closing signal recorded before the DOM readyState changes blocks gameplay and probe sends
ok 279 - a closing signal recorded before the DOM readyState changes blocks gameplay and probe sends
  ---
  duration_ms: 0.072791
  ...
# Subtest: solo starts one human and four AI without browser services, ready only on start
ok 280 - solo starts one human and four AI without browser services, ready only on start
  ---
  duration_ms: 14.140666
  ...
# Subtest: fixed ticks publish the ordinary game and matching zero-RTT motion clock
ok 281 - fixed ticks publish the ordinary game and matching zero-RTT motion clock
  ---
  duration_ms: 26.277
  ...
# Subtest: visibility suspension clears held controls and old scope, with no hidden catch-up
ok 282 - visibility suspension clears held controls and old scope, with no hidden catch-up
  ---
  duration_ms: 14.11775
  ...
# Subtest: lobby settings and rematch use ordinary commands, stop disposes callbacks
ok 283 - lobby settings and rematch use ordinary commands, stop disposes callbacks
  ---
  duration_ms: 0.576667
  ...
# Subtest: fire edges stamped from a stalled wall-clock estimate are admitted for the next authority tick (\#43)
ok 284 - fire edges stamped from a stalled wall-clock estimate are admitted for the next authority tick (\#43)
  ---
  duration_ms: 10.055291
  ...
# Subtest: a hold resend that estimated an earlier tick cannot skip the solo press (\#43)
ok 285 - a hold resend that estimated an earlier tick cannot skip the solo press (\#43)
  ---
  duration_ms: 6.985167
  ...
# Subtest: distances render as whole arena units and durations reuse the shared formatter
ok 286 - distances render as whole arena units and durations reuse the shared formatter
  ---
  duration_ms: 0.512167
  ...
# Subtest: empty statistics produce an empty recap with no placeholder awards or totals
ok 287 - empty statistics produce an empty recap with no placeholder awards or totals
  ---
  duration_ms: 0.567458
  ...
# Subtest: a single rider stands alone as champion, wins every non-zero award and fills the table
ok 288 - a single rider stands alone as champion, wins every non-zero award and fills the table
  ---
  duration_ms: 0.416792
  ...
# Subtest: podium centres champions, keeps side places in seat order and excludes placements beyond third
ok 289 - podium centres champions, keeps side places in seat order and excludes placements beyond third
  ---
  duration_ms: 0.110917
  ...
# Subtest: a tied first place shows every champion in the centre and no second place
ok 290 - a tied first place shows every champion in the centre and no second place
  ---
  duration_ms: 0.110833
  ...
# Subtest: a match where nobody won any round places everyone on the podium as champions
ok 291 - a match where nobody won any round places everyone on the podium as champions
  ---
  duration_ms: 0.08875
  ...
# Subtest: awards share ties by joining names in placement order and skip counters nobody raised
ok 292 - awards share ties by joining names in placement order and skip counters nobody raised
  ---
  duration_ms: 0.111875
  ...
# Subtest: all-zero statistics yield no awards while the podium and table still render
ok 293 - all-zero statistics yield no awards while the podium and table still render
  ---
  duration_ms: 0.079167
  ...
# Subtest: singular award details read naturally
ok 294 - singular award details read naturally
  ---
  duration_ms: 0.078083
  ...
# Subtest: comparison rows order by placement then seat and format every recorded counter
ok 295 - comparison rows order by placement then seat and format every recorded counter
  ---
  duration_ms: 0.092708
  ...
# Subtest: match totals sum the recorded counters across riders
ok 296 - match totals sum the recorded counters across riders
  ---
  duration_ms: 0.08
  ...
# Subtest: the signature changes with any rendered figure and is order independent
ok 297 - the signature changes with any rendered figure and is order independent
  ---
  duration_ms: 0.094125
  ...
# Subtest: recap ignores riders with an unset placement rather than inventing a podium slot
ok 298 - recap ignores riders with an unset placement rather than inventing a podium slot
  ---
  duration_ms: 0.058125
  ...
# Subtest: records authoritative actions and returns detached snapshots
ok 299 - records authoritative actions and returns detached snapshots
  ---
  duration_ms: 1.010125
  ...
# Subtest: tracks round draws, longest survival and competition-ranked win ties
ok 300 - tracks round draws, longest survival and competition-ranked win ties
  ---
  duration_ms: 0.134708
  ...
# Subtest: validates references, distances and round membership
ok 301 - validates references, distances and round membership
  ---
  duration_ms: 0.347167
  ...
# Subtest: never credits self deaths and updates an existing participant identity
ok 302 - never credits self deaths and updates an existing participant identity
  ---
  duration_ms: 0.070125
  ...
# Subtest: a joined phone is the same landscape controller in every phase (\#13)
ok 303 - a joined phone is the same landscape controller in every phase (\#13)
  ---
  duration_ms: 0.768625
  ...
# Subtest: unjoined, display-only, desktop and mouse views keep the normal layout
ok 304 - unjoined, display-only, desktop and mouse views keep the normal layout
  ---
  duration_ms: 0.117042
  ...
# Subtest: an ended room is not joined play on any phone size or phase
ok 305 - an ended room is not joined play on any phone size or phase
  ---
  duration_ms: 0.233042
  ...
# Subtest: one validated nearby probe qualifies immediately; high RTT restores conservative delay
ok 306 - one validated nearby probe qualifies immediately; high RTT restores conservative delay
  ---
  duration_ms: 0.651416
  ...
# Subtest: stale, paused and explicit reset lose qualification; rejected samples do not extend freshness
ok 307 - stale, paused and explicit reset lose qualification; rejected samples do not extend freshness
  ---
  duration_ms: 0.132667
  ...
# Subtest: regional60ms never qualifies and a fresh scope is independently classified
ok 308 - regional60ms never qualifies and a fresh scope is independently classified
  ---
  duration_ms: 0.07525
  ...
# Subtest: half-tick presentation never rewinds or extrapolates; missing clock remains newest only
ok 309 - half-tick presentation never rewinds or extrapolates; missing clock remains newest only
  ---
  duration_ms: 0.4355
  ...
# Subtest: clock discontinuity clears the old clock even when observed before rendering
ok 310 - clock discontinuity clears the old clock even when observed before rendering
  ---
  duration_ms: 0.133458
  ...
# Subtest: rejected excessive RTT cancels fast classification and exact40ms boundary qualifies
ok 311 - rejected excessive RTT cancels fast classification and exact40ms boundary qualifies
  ---
  duration_ms: 0.054666
  ...
# Subtest: clock diagnostics are read-only and cannot refresh a sample or mutate its scope
ok 312 - clock diagnostics are read-only and cannot refresh a sample or mutate its scope
  ---
  duration_ms: 0.062417
  ...
# Subtest: empty and invalid clock observations cannot enable fast presentation
ok 313 - empty and invalid clock observations cannot enable fast presentation
  ---
  duration_ms: 0.048916
  ...
# Subtest: replacement reservation fences partitions and rejects delayed old renewals
ok 314 - replacement reservation fences partitions and rejects delayed old renewals
  ---
  duration_ms: 0.965333
  ...
# Subtest: clock uncertainty prevents overlapping old and new authorization
ok 315 - clock uncertainty prevents overlapping old and new authorization
  ---
  duration_ms: 0.22475
  ...
# Subtest: clock stops after suspension or stale samples, resuming only after fresh sample
ok 316 - clock stops after suspension or stale samples, resuming only after fresh sample
  ---
  duration_ms: 0.09225
  ...
# Subtest: clock rejects bad samples and conservative intervals crossing lease boundaries
ok 317 - clock rejects bad samples and conservative intervals crossing lease boundaries
  ---
  duration_ms: 0.092292
  ...
# Subtest: grant boundary validation rejects malformed values and exhausted epochs
ok 318 - grant boundary validation rejects malformed values and exhausted epochs
  ---
  duration_ms: 0.301417
  ...
# Subtest: checkpoint restore is atomic on the malformed sequences regression
ok 319 - checkpoint restore is atomic on the malformed sequences regression
  ---
  duration_ms: 11.87975
  ...
# Subtest: checkpoint restores exact physics, pending preferences and neutral disconnected identities
ok 320 - checkpoint restores exact physics, pending preferences and neutral disconnected identities
  ---
  duration_ms: 3.053541
  ...
# Subtest: checkpoint rejects missing required game maps and nested fields
ok 321 - checkpoint rejects missing required game maps and nested fields
  ---
  duration_ms: 32.907416
  ...
# Subtest: checkpoint rejects schema incompatibility, foreign host and unsafe shape extensions
ok 322 - checkpoint rejects schema incompatibility, foreign host and unsafe shape extensions
  ---
  duration_ms: 11.643208
  ...
# Subtest: checkpoint rejects invalid sequences, duplicate map keys and cross references
ok 323 - checkpoint rejects invalid sequences, duplicate map keys and cross references
  ---
  duration_ms: 13.019084
  ...
# Subtest: checkpoint rejects nonfinite values, excessive bytes/depth and oversized nested trails
ok 324 - checkpoint rejects nonfinite values, excessive bytes/depth and oversized nested trails
  ---
  duration_ms: 10.524333
  ...
# Subtest: real countdown, playing and round transitions produce restorable bounded checkpoints
ok 325 - real countdown, playing and round transitions produce restorable bounded checkpoints
  ---
  duration_ms: 322.682042
  ...
# Subtest: checkpoint validates bombs, shell lifetime sentinel, pickups and portal geometry
ok 326 - checkpoint validates bombs, shell lifetime sentinel, pickups and portal geometry
  ---
  duration_ms: 7.7365
  ...
# Subtest: checkpoint rejects oversized history, malformed maps and missing participant statistics
ok 327 - checkpoint rejects oversized history, malformed maps and missing participant statistics
  ---
  duration_ms: 12.663625
  ...
# Subtest: room settings reject malformed values, restore safe defaults and allow all drops off
ok 328 - room settings reject malformed values, restore safe defaults and allow all drops off
  ---
  duration_ms: 1.009458
  ...
# Subtest: rooms isolate players and only the host can start or change rules
ok 329 - rooms isolate players and only the host can start or change rules
  ---
  duration_ms: 7.4785
  ...
# Subtest: fixed one-round rooms finish after one round
ok 330 - fixed one-round rooms finish after one round
  ---
  duration_ms: 2.462584
  ...
# Subtest: world deltas reconstruct split, removed and appended trails and recover via keyframe
ok 331 - world deltas reconstruct split, removed and appended trails and recover via keyframe
  ---
  duration_ms: 1.159416
  ...
# Subtest: fresh encoder after reconnection replaces old stream without accepting retired frames
ok 332 - fresh encoder after reconnection replaces old stream without accepting retired frames
  ---
  duration_ms: 0.235666
  ...
# Subtest: host checkpoint restores world and sequence numbers without replaying held fire
ok 333 - host checkpoint restores world and sequence numbers without replaying held fire
  ---
  duration_ms: 9.015833
  ...
# Subtest: field patches update joins and clear optional charge state without repeating identity
ok 334 - field patches update joins and clear optional charge state without repeating identity
  ---
  duration_ms: 0.563291
  ...
# Subtest: delayed unseen old keyframe cannot roll a newer generation backward
ok 335 - delayed unseen old keyframe cannot roll a newer generation backward
  ---
  duration_ms: 0.1115
  ...
# Subtest: invalid higher generation and corrupt trail patches cannot mutate accepted baseline
ok 336 - invalid higher generation and corrupt trail patches cannot mutate accepted baseline
  ---
  duration_ms: 0.315167
  ...
# Subtest: online return to lobby preserves transport simulation time
ok 337 - online return to lobby preserves transport simulation time
  ---
  duration_ms: 0.136542
  ...
# Subtest: guests that vanish in the lobby free their seats and the removal replicates to guests
ok 338 - guests that vanish in the lobby free their seats and the removal replicates to guests
  ---
  duration_ms: 0.463667
  ...
# Subtest: a guest lost mid-round keeps its seat until the match ends, then a newcomer reclaims it
ok 339 - a guest lost mid-round keeps its seat until the match ends, then a newcomer reclaims it
  ---
  duration_ms: 1.362041
  ...
# Subtest: a rematch drops the riders that were lost during the finished match
ok 340 - a rematch drops the riders that were lost during the finished match
  ---
  duration_ms: 0.906417
  ...
# Subtest: a whole round of chained deltas stays exact without any periodic re-baseline
ok 341 - a whole round of chained deltas stays exact without any periodic re-baseline
  ---
  duration_ms: 257.564666
  ...
# Subtest: Pages invites preserve project path while API requests use configured backend
ok 342 - Pages invites preserve project path while API requests use configured backend
  ---
  duration_ms: 0.498833
  ...
# Subtest: local origin default and endpoint boundaries are explicit
ok 343 - local origin default and endpoint boundaries are explicit
  ---
  duration_ms: 0.274
  ...
# Subtest: failed press plus fresh held resends cannot invent charge or fire on release
ok 344 - failed press plus fresh held resends cannot invent charge or fire on release
  ---
  duration_ms: 11.145416
  ...
# Subtest: lost final release without other held controls cancels within ten ticks and is never retried
ok 345 - lost final release without other held controls cancels within ten ticks and is never retried
  ---
  duration_ms: 1.375417
  ...
# Subtest: steering heartbeat after lost release carries bomb false and safely cancels instead of firing
ok 346 - steering heartbeat after lost release carries bomb false and safely cancels instead of firing
  ---
  duration_ms: 4.921958
  ...
# Subtest: ordered-but-delayed release expires rather than replaying after network recovery
ok 347 - ordered-but-delayed release expires rather than replaying after network recovery
  ---
  duration_ms: 1.172042
  ...
# Subtest: first fresh press after countdown and explicit lobby reset fires without a neutral packet
ok 348 - first fresh press after countdown and explicit lobby reset fires without a neutral packet
  ---
  duration_ms: 10.674542
  ...
# Subtest: idle watchdog without a held gesture does not block the first fresh shot
ok 349 - idle watchdog without a held gesture does not block the first fresh shot
  ---
  duration_ms: 6.779833
  ...
# Subtest: new scope rejects old held/release packets but accepts a fresh press
ok 350 - new scope rejects old held/release packets but accepts a fresh press
  ---
  duration_ms: 3.312333
  ...
# Subtest: watchdog still suppresses interrupted held gestures until an actual release
ok 351 - watchdog still suppresses interrupted held gestures until an actual release
  ---
  duration_ms: 1.595375
  ...
# Subtest: receipt is not application: future steering waits and reports exact application tick
ok 352 - receipt is not application: future steering waits and reports exact application tick
  ---
  duration_ms: 10.662125
  ...
# Subtest: same-tick newest movement wins while all outcomes are acknowledged
ok 353 - same-tick newest movement wins while all outcomes are acknowledged
  ---
  duration_ms: 0.833416
  ...
# Subtest: older future slot cannot undo newer applied movement and exact result acknowledgements preserve pending input
ok 354 - older future slot cannot undo newer applied movement and exact result acknowledgements preserve pending input
  ---
  duration_ms: 0.789625
  ...
# Subtest: held acknowledged steering continues then expires at ten ticks without fresh application
ok 355 - held acknowledged steering continues then expires at ten ticks without fresh application
  ---
  duration_ms: 6.621167
  ...
# Subtest: same-tick press/release survives steering supersession, duplicates cannot launch twice
ok 356 - same-tick press/release survives steering supersession, duplicates cannot launch twice
  ---
  duration_ms: 0.995958
  ...
# Subtest: a press stamped later than the following hold sample is still processed first in sequence order (\#43)
ok 357 - a press stamped later than the following hold sample is still processed first in sequence order (\#43)
  ---
  duration_ms: 0.692375
  ...
# Subtest: old-scope release cannot cancel current charge; expired current release cancels without firing
ok 358 - old-scope release cannot cancel current charge; expired current release cancels without firing
  ---
  duration_ms: 0.744958
  ...
# Subtest: disconnect, match changes and restore create fresh neutral scope while preserving received highwater
ok 359 - disconnect, match changes and restore create fresh neutral scope while preserving received highwater
  ---
  duration_ms: 6.996667
  ...
# Subtest: queue and result history are bounded and overflow forces explicit neutral resync
ok 360 - queue and result history are bounded and overflow forces explicit neutral resync
  ---
  duration_ms: 0.982166
  ...
# Subtest: malformed timing and aim cannot apply motion or keep an invalid release charging
ok 361 - malformed timing and aim cannot apply motion or keep an invalid release charging
  ---
  duration_ms: 0.575334
  ...
# Subtest: queued release is discarded on disconnect and cannot fire into a rejoined control scope
ok 362 - queued release is discarded on disconnect and cannot fire into a rejoined control scope
  ---
  duration_ms: 0.636792
  ...
# Subtest: direct-only path resumes on two fresh acknowledgements without relay quarantine
ok 363 - direct-only path resumes on two fresh acknowledgements without relay quarantine
  ---
  duration_ms: 0.46675
  ...
# Subtest: three-second blackhole after long healthy uptime retains channel and recovers on fresh probes
ok 364 - three-second blackhole after long healthy uptime retains channel and recovers on fresh probes
  ---
  duration_ms: 0.156667
  ...
# Subtest: restart requires eight continuously unhealthy seconds, reset by recovered health
ok 365 - restart requires eight continuously unhealthy seconds, reset by recovered health
  ---
  duration_ms: 0.058084
  ...
# Subtest: expired duplicate and pre-failure probes cannot keep blackholed path healthy
ok 366 - expired duplicate and pre-failure probes cannot keep blackholed path healthy
  ---
  duration_ms: 0.34975
  ...
# Subtest: effects do not replay on repeated snapshots or across authority/match reset
ok 367 - effects do not replay on repeated snapshots or across authority/match reset
  ---
  duration_ms: 0.9585
  ...
# Subtest: bomb flight sprite follows segmented path while damage radius stays at landing point
ok 368 - bomb flight sprite follows segmented path while damage radius stays at landing point
  ---
  duration_ms: 0.48
  ...
# Subtest: death transitions occur once and backward presentation resets cosmetic history
ok 369 - death transitions occur once and backward presentation resets cosmetic history
  ---
  duration_ms: 0.104375
  ...
# Subtest: flight fallback clamps before launch and shells never use bomb arcs
ok 370 - flight fallback clamps before launch and shells never use bomb arcs
  ---
  duration_ms: 0.071542
  ...
# Subtest: a continuous bend is one stroke with the exact supplied vertices
ok 371 - a continuous bend is one stroke with the exact supplied vertices
  ---
  duration_ms: 0.779209
  ...
# Subtest: portal jumps, deleted ticks and clipped segments remain separate strokes
ok 372 - portal jumps, deleted ticks and clipped segments remain separate strokes
  ---
  duration_ms: 0.158958
  ...
# Subtest: history survives fractional motion, a changing predicted tip and equivalent deserialized snapshots
ok 373 - history survives fractional motion, a changing predicted tip and equivalent deserialized snapshots
  ---
  duration_ms: 0.50275
  ...
# Subtest: history refreshes for trail holes, clipping, expiry, death, identity, scope and reset
ok 374 - history refreshes for trail holes, clipping, expiry, death, identity, scope and reset
  ---
  duration_ms: 0.130375
  ...
# Subtest: a fresh trail follows the interpolated head by at most one simulation step
ok 375 - a fresh trail follows the interpolated head by at most one simulation step
  ---
  duration_ms: 0.138583
  ...
# Subtest: head interpolation never extends a stale, destroyed, teleported or dead trail
ok 376 - head interpolation never extends a stale, destroyed, teleported or dead trail
  ---
  duration_ms: 0.102792
  ...
# Subtest: arena backing follows displayed size and screen density without changing world aspect
ok 377 - arena backing follows displayed size and screen density without changing world aspect
  ---
  duration_ms: 0.768375
  ...
# Subtest: arena backing bounds oversized displays and survives hidden or unavailable density
ok 378 - arena backing bounds oversized displays and survives hidden or unavailable density
  ---
  duration_ms: 0.077125
  ...
# Subtest: weighted table gives Five one third Triple probability with deterministic intervals
ok 379 - weighted table gives Five one third Triple probability with deterministic intervals
  ---
  duration_ms: 16.851584
  ...
# Subtest: Star is removed while remaining relative weights are preserved
ok 380 - Star is removed while remaining relative weights are preserved
  ---
  duration_ms: 0.13925
  ...
# Subtest: powerup pacing ramps every twenty seconds and stays bounded in overtime
ok 381 - powerup pacing ramps every twenty seconds and stays bounded in overtime
  ---
  duration_ms: 0.425792
  ...
# Subtest: portal transits survivors, breaks trail, preserves heading/charge, counts actual movement
ok 382 - portal transits survivors, breaks trail, preserves heading/charge, counts actual movement
  ---
  duration_ms: 10.1685
  ...
# Subtest: entry collision is resolved before transit, and shield remains independent
ok 383 - entry collision is resolved before transit, and shield remains independent
  ---
  duration_ms: 1.285666
  ...
# Subtest: unsafe exit defers teleport for rider, pending trail, trail, bomb and blast hazards
ok 384 - unsafe exit defers teleport for rider, pending trail, trail, bomb and blast hazards
  ---
  duration_ms: 8.48125
  ...
# Subtest: portal grace is defensive for both riders, protects trails/walls and does not consume shield
ok 385 - portal grace is defensive for both riders, protects trails/walls and does not consume shield
  ---
  duration_ms: 0.624083
  ...
# Subtest: portal expiry, snapshot copying, compact geometry omission and round reset
ok 386 - portal expiry, snapshot copying, compact geometry omission and round reset
  ---
  duration_ms: 0.620209
  ...
# Subtest: portal pickup creates deterministic pair, records stats, replaces pair without clearing cooldown
ok 387 - portal pickup creates deterministic pair, records stats, replaces pair without clearing cooldown
  ---
  duration_ms: 7.796
  ...
# Subtest: impossible placement leaves pickup and old pair unconsumed
ok 388 - impossible placement leaves pickup and old pair unconsumed
  ---
  duration_ms: 0.857875
  ...
# Subtest: reverse transit respects cooldown at its exact deadline after replacement
ok 389 - reverse transit respects cooldown at its exact deadline after replacement
  ---
  duration_ms: 1.8165
  ...
# Subtest: portal defensive grace expires exactly at the authoritative tick
ok 390 - portal defensive grace expires exactly at the authoritative tick
  ---
  duration_ms: 1.159625
  ...
# Subtest: concurrent riders preserve separate entry heights at the linked wall
ok 391 - concurrent riders preserve separate entry heights at the linked wall
  ---
  duration_ms: 0.589833
  ...
# Subtest: wall placement remains useful on an occupied five-rider field across seeds
ok 392 - wall placement remains useful on an occupied five-rider field across seeds
  ---
  duration_ms: 65.059042
  ...
# Subtest: authoritative overtime shrinks portal wall length and removes reclaimed walls from snapshots
ok 393 - authoritative overtime shrinks portal wall length and removes reclaimed walls from snapshots
  ---
  duration_ms: 0.503375
  ...
# Subtest: compressed linked wall reserves an exit for the first rider rather than overlapping arrivals
ok 394 - compressed linked wall reserves an exit for the first rider rather than overlapping arrivals
  ---
  duration_ms: 0.519417
  ...
# Subtest: placement sizes walls to one third of field, caps at 300 and reserves full corridor
ok 395 - placement sizes walls to one third of field, caps at 300 and reserves full corridor
  ---
  duration_ms: 0.636333
  ...
# Subtest: placement remains bounded for unsafe or insufficiently separated sites
ok 396 - placement remains bounded for unsafe or insufficiently separated sites
  ---
  duration_ms: 0.230125
  ...
# Subtest: full wall safety catches a hazard between sampled center and endpoints
ok 397 - full wall safety catches a hazard between sampled center and endpoints
  ---
  duration_ms: 0.105792
  ...
# Subtest: swept wall entry preserves heading and relative linked height
ok 398 - swept wall entry preserves heading and relative linked height
  ---
  duration_ms: 0.616167
  ...
# Subtest: both directions and earliest intersected wall work
ok 399 - both directions and earliest intersected wall work
  ---
  duration_ms: 0.08475
  ...
# Subtest: rounded endpoints detect vertical and tangent contact without phantom end extensions
ok 400 - rounded endpoints detect vertical and tangent contact without phantom end extensions
  ---
  duration_ms: 0.084916
  ...
# Subtest: cooldown, expiry, inside, stationary, moving away and short movement do not retrigger
ok 401 - cooldown, expiry, inside, stationary, moving away and short movement do not retrigger
  ---
  duration_ms: 0.093208
  ...
# Subtest: unsafe and out-of-field exits defer transit and safety receives actual offset exit
ok 402 - unsafe and out-of-field exits defer transit and safety receives actual offset exit
  ---
  duration_ms: 0.133125
  ...
# Subtest: shrinking trims walls and removes pairs whose centerline or usable ends are reclaimed
ok 403 - shrinking trims walls and removes pairs whose centerline or usable ends are reclaimed
  ---
  duration_ms: 0.194209
  ...
# Subtest: motion ledger boundary rejects malformed, unbounded and contradictory tick data
ok 404 - motion ledger boundary rejects malformed, unbounded and contradictory tick data
  ---
  duration_ms: 0.538125
  ...
# Subtest: local steering responds next frame using a partial step which never changes fixed replay
ok 405 - local steering responds next frame using a partial step which never changes fixed replay
  ---
  duration_ms: 10.659792
  ...
# Subtest: acknowledged held turn replays exactly with no pending events, including drunk offset
ok 406 - acknowledged held turn replays exactly with no pending events, including drunk offset
  ---
  duration_ms: 0.89975
  ...
# Subtest: fresh-input age neutralizes held controls at tick ten
ok 407 - fresh-input age neutralizes held controls at tick ten
  ---
  duration_ms: 0.641084
  ...
# Subtest: press and release scheduled for same tick uses latest sample, received ack cannot retire either
ok 408 - press and release scheduled for same tick uses latest sample, received ack cannot retire either
  ---
  duration_ms: 7.999084
  ...
# Subtest: mismatched snapshot and application tick rejected atomically
ok 409 - mismatched snapshot and application tick rejected atomically
  ---
  duration_ms: 0.80525
  ...
# Subtest: applied result retires pending but continues authoritative held input
ok 410 - applied result retires pending but continues authoritative held input
  ---
  duration_ms: 0.587792
  ...
# Subtest: death and portal reset local motion and epoch invalidates timing
ok 411 - death and portal reset local motion and epoch invalidates timing
  ---
  duration_ms: 1.270416
  ...
# Subtest: clock retains conservative send sampled bounds and rejects pause stale and invalid RTT
ok 412 - clock retains conservative send sampled bounds and rejects pause stale and invalid RTT
  ---
  duration_ms: 0.181583
  ...
# Subtest: remote buffer uses coherent past state and fractional ticks without portal chords
ok 413 - remote buffer uses coherent past state and fractional ticks without portal chords
  ---
  duration_ms: 1.30175
  ...
# Subtest: spectator clock advances fractional render ticks without a player seat and resets scope
ok 414 - spectator clock advances fractional render ticks without a player seat and resets scope
  ---
  duration_ms: 0.588375
  ...
# Subtest: presentation connector is bounded and never mutates confirmed trails
ok 415 - presentation connector is bounded and never mutates confirmed trails
  ---
  duration_ms: 1.169959
  ...
# Subtest: inactive snapshots do not invent movement correction or smoothing offsets
ok 416 - inactive snapshots do not invent movement correction or smoothing offsets
  ---
  duration_ms: 1.749042
  ...
# Subtest: slow round trip or lagging snapshot never rejects input locally; host admission and the four-tick lead cap bound it (\#15)
ok 417 - slow round trip or lagging snapshot never rejects input locally; host admission and the four-tick lead cap bound it (\#15)
  ---
  duration_ms: 0.561292
  ...
# Subtest: transport-refused and stale inputs never count toward the bound; overflow drops the backlog instead of blocking (\#20)
ok 418 - transport-refused and stale inputs never count toward the bound; overflow drops the backlog instead of blocking (\#20)
  ---
  duration_ms: 1.505125
  ...
# Subtest: overflow first drops inputs behind the host window and only clears a fully fresh backlog (\#15 follow-up)
ok 419 - overflow first drops inputs behind the host window and only clears a fully fresh backlog (\#15 follow-up)
  ---
  duration_ms: 0.787625
  ...
# Subtest: a lost clock limits the preview but never the send (\#65)
ok 420 - a lost clock limits the preview but never the send (\#65)
  ---
  duration_ms: 0.574125
  ...
# Subtest: all semantic message variants validate without accepting extra fields
ok 421 - all semantic message variants validate without accepting extra fields
  ---
  duration_ms: 1.059375
  ...
# Subtest: untrusted message shapes, sizes, tokens and input sequences fail closed
ok 422 - untrusted message shapes, sizes, tokens and input sequences fail closed
  ---
  duration_ms: 0.258208
  ...
# Subtest: target aim accepts finite normalized coordinates only and rejects nested extras
ok 423 - target aim accepts finite normalized coordinates only and rejects nested extras
  ---
  duration_ms: 0.158625
  ...
# Subtest: serialized recipient acknowledgement preserves own zero and negative sequences without other seats
ok 424 - serialized recipient acknowledgement preserves own zero and negative sequences without other seats
  ---
  duration_ms: 0.73875
  ...
# Subtest: recipient ack envelopes preserve complete keyframe retry and unchanged world decoding
ok 425 - recipient ack envelopes preserve complete keyframe retry and unchanged world decoding
  ---
  duration_ms: 1.050291
  ...
# Subtest: candidates before the remote description are buffered, bounded at 64 and flushed in order
ok 426 - candidates before the remote description are buffered, bounded at 64 and flushed in order
  ---
  duration_ms: 1.627541
  ...
# Subtest: candidates arriving while a description is being applied wait, then apply; later ones apply directly
ok 427 - candidates arriving while a description is being applied wait, then apply; later ones apply directly
  ---
  duration_ms: 0.101792
  ...
# Subtest: answer-side candidates that arrive after the local answer are applied against the remote description
ok 428 - answer-side candidates that arrive after the local answer are applied against the remote description
  ---
  duration_ms: 0.096667
  ...
# Subtest: a restart offer changes the ufrag: old-generation candidates never poison it and new ones wait for it
ok 429 - a restart offer changes the ufrag: old-generation candidates never poison it and new ones wait for it
  ---
  duration_ms: 0.107458
  ...
# Subtest: browser rejection of a candidate is counted, not thrown into the signalling loop
ok 430 - browser rejection of a candidate is counted, not thrown into the signalling loop
  ---
  duration_ms: 0.097625
  ...
# Subtest: only actual changed heading counts, unchanged animation frames do not
ok 431 - only actual changed heading counts, unchanged animation frames do not
  ---
  duration_ms: 1.216542
  ...
# Subtest: clock-aligned render frames detect wrapped positive heading and reject the wrong direction
ok 432 - clock-aligned render frames detect wrapped positive heading and reject the wrong direction
  ---
  duration_ms: 0.126709
  ...
# Subtest: death, round transition, intoxication and live powerups invalidate the measurement
ok 433 - death, round transition, intoxication and live powerups invalidate the measurement
  ---
  duration_ms: 0.114291
  ...
# Subtest: turning, short, stale and missing baselines are rejected without cherry-picking
ok 434 - turning, short, stale and missing baselines are rejected without cherry-picking
  ---
  duration_ms: 0.072334
  ...
# Subtest: unchanged heading times out and incomplete capture is separately rejected
ok 435 - unchanged heading times out and incomplete capture is separately rejected
  ---
  duration_ms: 0.068333
  ...
# Subtest: one degree metric remains later than the first tiny numerical departure
ok 436 - one degree metric remains later than the first tiny numerical departure
  ---
  duration_ms: 0.063459
  ...
# Subtest: render continuity separates repeated authoritative ticks from animation cadence and attempt gaps
ok 437 - render continuity separates repeated authoritative ticks from animation cadence and attempt gaps
  ---
  duration_ms: 3.262375
  ...
# Subtest: return to lobby from lobby clears match state without inventing session points
ok 438 - return to lobby from lobby clears match state without inventing session points
  ---
  duration_ms: 17.8015
  ...
# Subtest: return to lobby from countdown clears match state without inventing session points
ok 439 - return to lobby from countdown clears match state without inventing session points
  ---
  duration_ms: 2.526292
  ...
# Subtest: return to lobby from playing clears match state without inventing session points
ok 440 - return to lobby from playing clears match state without inventing session points
  ---
  duration_ms: 0.620125
  ...
# Subtest: return to lobby from roundOver clears match state without inventing session points
ok 441 - return to lobby from roundOver clears match state without inventing session points
  ---
  duration_ms: 0.598083
  ...
# Subtest: return to lobby from matchOver clears match state without inventing session points
ok 442 - return to lobby from matchOver clears match state without inventing session points
  ---
  duration_ms: 0.912833
  ...
# Subtest: empty party can return to lobby and invalid scope is rejected before mutation
ok 443 - empty party can return to lobby and invalid scope is rejected before mutation
  ---
  duration_ms: 0.175416
  ...
# Subtest: pure rider kernel exactly matches authoritative turns including drunk offsets
ok 444 - pure rider kernel exactly matches authoritative turns including drunk offsets
  ---
  duration_ms: 21.630292
  ...
# Subtest: opposite controls cancel steering and pure motion leaves input pose unchanged
ok 445 - opposite controls cancel steering and pure motion leaves input pose unchanged
  ---
  duration_ms: 0.085417
  ...
# Subtest: short codes map the full67600 space and reject biased random tail
ok 446 - short codes map the full67600 space and reject biased random tail
  ---
  duration_ms: 0.623458
  ...
# Subtest: new and temporary legacy room identities validate without making codes secrets
ok 447 - new and temporary legacy room identities validate without making codes secrets
  ---
  duration_ms: 0.119417
  ...
# Subtest: collision reservation is bounded and never masks noncollision failure
ok 448 - collision reservation is bounded and never masks noncollision failure
  ---
  duration_ms: 1.013709
  ...
# Subtest: ordinary initial show is inert and permanent departure disposes the room
ok 449 - ordinary initial show is inert and permanent departure disposes the room
  ---
  duration_ms: 0.930917
  ...
# Subtest: BFCache restoration reloads stopped room exactly once instead of reviving its transport
ok 450 - BFCache restoration reloads stopped room exactly once instead of reviving its transport
  ---
  duration_ms: 0.084167
  ...
# Subtest: expired room stops before clearing runtime and never retries a reused public code
ok 451 - expired room stops before clearing runtime and never retries a reused public code
  ---
  duration_ms: 0.751375
  ...
# Subtest: temporary network failure retries while replaced host is terminal separately
ok 452 - temporary network failure retries while replaced host is terminal separately
  ---
  duration_ms: 0.087375
  ...
# Subtest: safeStorage falls back to an in-memory store when the underlying storage throws on access
ok 453 - safeStorage falls back to an in-memory store when the underlying storage throws on access
  ---
  duration_ms: 0.488125
  ...
# Subtest: safeStorage does not evaluate the storage accessor until a get/set/remove call is made
ok 454 - safeStorage does not evaluate the storage accessor until a get/set/remove call is made
  ---
  duration_ms: 0.071834
  ...
# Subtest: safeStorage passes through to real storage when it works
ok 455 - safeStorage passes through to real storage when it works
  ---
  duration_ms: 0.090459
  ...
# Subtest: createMemoryStorage never throws and reports missing keys as null
ok 456 - createMemoryStorage never throws and reports missing keys as null
  ---
  duration_ms: 0.048666
  ...
# Subtest: LAN AI management is authorized, shares seats, follows normal rounds and can be removed
ok 457 - LAN AI management is authorized, shares seats, follows normal rounds and can be removed
  ---
  duration_ms: 56.437709
  ...
# Subtest: LAN bot protocol rejects missing IDs, human IDs and unexpected action data
ok 458 - LAN bot protocol rejects missing IDs, human IDs and unexpected action data
  ---
  duration_ms: 0.490291
  ...
# Subtest: a reconnect cancels prior charge and accepts a fresh explicit press-release pair
ok 459 - a reconnect cancels prior charge and accepts a fresh explicit press-release pair
  ---
  duration_ms: 74.68125
  ...
# Subtest: match rematch resets scope and wins, then round-over automatically starts the next round
ok 460 - match rematch resets scope and wins, then round-over automatically starts the next round
  ---
  duration_ms: 59.394
  ...
# Subtest: controller snapshots strip the full match statistics table
ok 461 - controller snapshots strip the full match statistics table
  ---
  duration_ms: 0.819417
  ...
# Subtest: five seats, sixth denial, full public snapshots and private host control
ok 462 - five seats, sixth denial, full public snapshots and private host control
  ---
  duration_ms: 68.813084
  ...
# Subtest: reconnect replaces the same seat, sequences continue, stale input becomes neutral, rapid bomb taps survive
ok 463 - reconnect replaces the same seat, sequences continue, stale input becomes neutral, rapid bomb taps survive
  ---
  duration_ms: 20.930084
  ...
# Subtest: admission rejects late/invalid joins, leave frees lobby seats and eliminates during play
ok 464 - admission rejects late/invalid joins, leave frees lobby seats and eliminates during play
  ---
  duration_ms: 19.618083
  ...
# Subtest: charge holds use authoritative ticks and launch only on explicit release
ok 465 - charge holds use authoritative ticks and launch only on explicit release
  ---
  duration_ms: 14.872583
  ...
# Subtest: cancel, stale input, and socket replacement discard charges and queued releases
ok 466 - cancel, stale input, and socket replacement discard charges and queued releases
  ---
  duration_ms: 14.408334
  ...
# Subtest: typed injected clock drives heartbeat timeout and rate window without sleeping
ok 467 - typed injected clock drives heartbeat timeout and rate window without sleeping
  ---
  duration_ms: 3.607959
  ...
# Subtest: a flood of malformed frames is counted against the rate limit and closes the socket with 1008
ok 468 - a flood of malformed frames is counted against the rate limit and closes the socket with 1008
  ---
  duration_ms: 4.124083
  ...
# Subtest: invalid frames do not refresh lastSeen so the idle watchdog still prunes a garbage-only client
ok 469 - invalid frames do not refresh lastSeen so the idle watchdog still prunes a garbage-only client
  ---
  duration_ms: 1.187416
  ...
# Subtest: bounded catch-up discards sleep-sized backlogs
ok 470 - bounded catch-up discards sleep-sized backlogs
  ---
  duration_ms: 0.074375
  ...
# Subtest: a finished match can accept fresh phones after every original player leaves
ok 471 - a finished match can accept fresh phones after every original player leaves
  ---
  duration_ms: 13.263167
  ...
# Subtest: injected scheduler advances fixed ticks, caps catch-up, discards excess and cancels on close
ok 472 - injected scheduler advances fixed ticks, caps catch-up, discards excess and cancels on close
  ---
  duration_ms: 0.518542
  ...
# Subtest: display receives 20Hz world state while phones receive compact 10Hz updates and measured input acknowledgments
ok 473 - display receives 20Hz world state while phones receive compact 10Hz updates and measured input acknowledgments
  ---
  duration_ms: 7.184458
  ...
# Subtest: late countdown joins wait safely, reconnect and enter next round automatically
ok 474 - late countdown joins wait safely, reconnect and enter next round automatically
  ---
  duration_ms: 15.653958
  ...
# Subtest: late playing joins wait safely, reconnect and enter next round automatically
ok 475 - late playing joins wait safely, reconnect and enter next round automatically
  ---
  duration_ms: 13.632417
  ...
# Subtest: target release aim survives newer input packets through real socket transport
ok 476 - target release aim survives newer input packets through real socket transport
  ---
  duration_ms: 7.931875
  ...
# Subtest: host can abort to lobby without losing phone seats or replaying buffered bomb releases
ok 477 - host can abort to lobby without losing phone seats or replaying buffered bomb releases
  ---
  duration_ms: 10.900875
  ...
# Subtest: serialized avatar joins assign an allowed head and reconnect preserves server identity
ok 478 - serialized avatar joins assign an allowed head and reconnect preserves server identity
  ---
  duration_ms: 4.381166
  ...
# Subtest: a joined controller can change only its own avatar during play without altering gameplay
ok 479 - a joined controller can change only its own avatar during play without altering gameplay
  ---
  duration_ms: 10.306959
  ...
# Subtest: phones that vanish in the lobby release their seats for newcomers and for the next start
ok 480 - phones that vanish in the lobby release their seats for newcomers and for the next start
  ---
  duration_ms: 5.09025
  ...
# Subtest: a full lobby reclaims a vanished seat for a newcomer without any host action
ok 481 - a full lobby reclaims a vanished seat for a newcomer without any host action
  ---
  duration_ms: 6.143667
  ...
# Subtest: a phone that vanishes mid-round keeps its seat for reconnection and never yields it to a newcomer
ok 482 - a phone that vanishes mid-round keeps its seat for reconnection and never yields it to a newcomer
  ---
  duration_ms: 12.174417
  ...
# Subtest: actual service exposes Cloud Run safe health aliases without requiring provider operations
ok 483 - actual service exposes Cloud Run safe health aliases without requiring provider operations
  ---
  duration_ms: 823.619084
  ...
# Subtest: service transaction retries keep one logical connection/grant and fenced replacement
ok 484 - service transaction retries keep one logical connection/grant and fenced replacement
  ---
  duration_ms: 1.548334
  ...
# Subtest: service reserves creator slot and atomically bounds concurrent admission
ok 485 - service reserves creator slot and atomically bounds concurrent admission
  ---
  duration_ms: 0.439208
  ...
# Subtest: two gateways advertise actual remote members and route only signalling
ok 486 - two gateways advertise actual remote members and route only signalling
  ---
  duration_ms: 1.128916
  ...
# Subtest: mesh signalling permits guest pairs while rejecting foreign room and replaced target scopes
ok 487 - mesh signalling permits guest pairs while rejecting foreign room and replaced target scopes
  ---
  duration_ms: 0.441084
  ...
# Subtest: guest mesh signals retain source replacement and cross-room membership fences
ok 488 - guest mesh signals retain source replacement and cross-room membership fences
  ---
  duration_ms: 1.835708
  ...
# Subtest: fast bus after delayed metadata emits new source membership before SDP
ok 489 - fast bus after delayed metadata emits new source membership before SDP
  ---
  duration_ms: 0.478916
  ...
# Subtest: expired and duplicate bus packets never repeat SDP; old replacement source is rejected
ok 490 - expired and duplicate bus packets never repeat SDP; old replacement source is rejected
  ---
  duration_ms: 0.356
  ...
# Subtest: time renewals preserve exact authority and stale close cannot revoke replacement
ok 491 - time renewals preserve exact authority and stale close cannot revoke replacement
  ---
  duration_ms: 0.50175
  ...
# Subtest: idle teardown and immediate rejoin serialize a new subscription before admission
ok 492 - idle teardown and immediate rejoin serialize a new subscription before admission
  ---
  duration_ms: 0.286875
  ...
# Subtest: bus failure and slow receiver fail explicitly without keeping hidden relay queues
ok 493 - bus failure and slow receiver fail explicitly without keeping hidden relay queues
  ---
  duration_ms: 0.32725
  ...
# Subtest: runtime metadata and bus schemas reject corrupt scope and gameplay frames
ok 494 - runtime metadata and bus schemas reject corrupt scope and gameplay frames
  ---
  duration_ms: 0.334083
  ...
# Subtest: v2 renewal accepts GrantIdentity without timestamps at the actual JSON boundary
ok 495 - v2 renewal accepts GrantIdentity without timestamps at the actual JSON boundary
  ---
  duration_ms: 0.280208
  ...
# Subtest: failed bus is drained before a queued new connection can mark it ready
ok 496 - failed bus is drained before a queued new connection can mark it ready
  ---
  duration_ms: 0.386291
  ...
# Subtest: short-code transactional collisions preserve the live room and retry only bounded conflicts
ok 497 - short-code transactional collisions preserve the live room and retry only bounded conflicts
  ---
  duration_ms: 0.787208
  ...
# Subtest: guest keepalives never extend host-session lifetime and exact expiry rejects admission
ok 498 - guest keepalives never extend host-session lifetime and exact expiry rejects admission
  ---
  duration_ms: 0.268
  ...
# Subtest: only the current host extends reconnect grace and replacement close cannot shorten it
ok 499 - only the current host extends reconnect grace and replacement close cannot shorten it
  ---
  duration_ms: 0.176709
  ...
# Subtest: host end is authorized, immediate and cannot end a reused code with an old capability
ok 500 - host end is authorized, immediate and cannot end a reused code with an old capability
  ---
  duration_ms: 0.544667
  ...
# Subtest: cached signalling refuses expired rooms before asynchronous TTL deletion
ok 501 - cached signalling refuses expired rooms before asynchronous TTL deletion
  ---
  duration_ms: 0.51625
  ...
# Subtest: gateway expiry timer closes silent sockets without depending on TTL deletion or traffic
ok 502 - gateway expiry timer closes silent sockets without depending on TTL deletion or traffic
  ---
  duration_ms: 5.7785
  ...
# Subtest: delayed old-incarnation heartbeat or read cannot roll back a reused room view
ok 503 - delayed old-incarnation heartbeat or read cannot roll back a reused room view
  ---
  duration_ms: 3.439708
  ...
# Subtest: delayed old admission cannot replace a newly observed room incarnation
ok 504 - delayed old admission cannot replace a newly observed room incarnation
  ---
  duration_ms: 0.715708
  ...
# Subtest: cancelled metadata watch callbacks cannot mutate a recreated room view
ok 505 - cancelled metadata watch callbacks cannot mutate a recreated room view
  ---
  duration_ms: 0.380833
  ...
# Subtest: direct new admission rotates an active old watch before its delayed callbacks arrive
ok 506 - direct new admission rotates an active old watch before its delayed callbacks arrive
  ---
  duration_ms: 0.338709
  ...
# Subtest: shell reflects remaining travel and exposes the true collision path
ok 507 - shell reflects remaining travel and exposes the true collision path
  ---
  duration_ms: 0.827791
  ...
# Subtest: corners reflect both axes and shrinking bounds clamp safely
ok 508 - corners reflect both axes and shrinking bounds clamp safely
  ---
  duration_ms: 1.173833
  ...
# Subtest: shell ricochets off a tail without crossing it and keeps its speed
ok 509 - shell ricochets off a tail without crossing it and keeps its speed
  ---
  duration_ms: 0.4295
  ...
# Subtest: diagonal tails and exposed endpoints reflect instead of tunnelling
ok 510 - diagonal tails and exposed endpoints reflect instead of tunnelling
  ---
  duration_ms: 0.277875
  ...
# Subtest: failure notice classifies only press/release gestures, never neutral or held heartbeats
ok 511 - failure notice classifies only press/release gestures, never neutral or held heartbeats
  ---
  duration_ms: 0.404333
  ...
# Subtest: shot notice persists three seconds independently and another failure restarts the deadline
ok 512 - shot notice persists three seconds independently and another failure restarts the deadline
  ---
  duration_ms: 0.090167
  ...
# Subtest: every candidate shape Chrome and Safari emit passes the signalling boundary
ok 513 - every candidate shape Chrome and Safari emit passes the signalling boundary
  ---
  duration_ms: 0.476959
  ...
# Subtest: descriptions from localDescription.toJSON() pass; anything else is rejected
ok 514 - descriptions from localDescription.toJSON() pass; anything else is rejected
  ---
  duration_ms: 0.239
  ...
# Subtest: connect() while the previous socket is still CONNECTING closes it instead of orphaning it
ok 515 - connect() while the previous socket is still CONNECTING closes it instead of orphaning it
  ---
  duration_ms: 1.045416
  ...
# Subtest: connect() with no prior socket does not attempt to close anything
ok 516 - connect() with no prior socket does not attempt to close anything
  ---
  duration_ms: 0.119167
  ...
# Subtest: a real disconnect on the current socket reports status and reconnects
ok 517 - a real disconnect on the current socket reports status and reconnects
  ---
  duration_ms: 0.100916
  ...
# Subtest: send() only transmits once the current socket reports OPEN, and close() is idempotent-safe
ok 518 - send() only transmits once the current socket reports OPEN, and close() is idempotent-safe
  ---
  duration_ms: 0.096084
  ...
# Subtest: an inbound pong reports round-trip time instead of reaching onMessage
ok 519 - an inbound pong reports round-trip time instead of reaching onMessage
  ---
  duration_ms: 0.603791
  ...
# Subtest: a host error reply survives 200 ms of ticks and world frames, then the connection status returns
ok 520 - a host error reply survives 200 ms of ticks and world frames, then the connection status returns
  ---
  duration_ms: 1.081666
  ...
# Subtest: unchanged recurring status is emitted once however many ticks and frames restate it
ok 521 - unchanged recurring status is emitted once however many ticks and frames restate it
  ---
  duration_ms: 0.248792
  ...
# Subtest: the recurring status that returns after a notice is the latest one, not the one it replaced
ok 522 - the recurring status that returns after a notice is the latest one, not the one it replaced
  ---
  duration_ms: 0.118875
  ...
# Subtest: a join error survives the 500 ms join retry cadence without restating itself
ok 523 - a join error survives the 500 ms join retry cadence without restating itself
  ---
  duration_ms: 0.157667
  ...
# Subtest: a later notice replaces a live notice and extends the hold
ok 524 - a later notice replaces a live notice and extends the hold
  ---
  duration_ms: 0.092042
  ...
# Subtest: a notice raised before any connection status is never replaced by a silent refresh
ok 525 - a notice raised before any connection status is never replaced by a silent refresh
  ---
  duration_ms: 0.121375
  ...
# Subtest: a rejected input frame flashes without holding the line or hiding a real error
ok 526 - a rejected input frame flashes without holding the line or hiding a real error
  ---
  duration_ms: 0.115667
  ...
# Subtest: a terminal notice is never overwritten by recurring status or by later notices
ok 527 - a terminal notice is never overwritten by recurring status or by later notices
  ---
  duration_ms: 0.131917
  ...
# Subtest: target collection arms one normal-strength bomb and preserves volley upgrades
ok 528 - target collection arms one normal-strength bomb and preserves volley upgrades
  ---
  duration_ms: 10.301
  ...
# Subtest: targeting requires pickup and clamps to the current safe field
ok 529 - targeting requires pickup and clamps to the current safe field
  ---
  duration_ms: 0.954875
  ...
# Subtest: cancel, rejected release and death clear preview without consuming; next round resets
ok 530 - cancel, rejected release and death clear preview without consuming; next round resets
  ---
  duration_ms: 0.9715
  ...
# Subtest: queued release uses its own aim rather than a later packet in the same server tick
ok 531 - queued release uses its own aim rather than a later packet in the same server tick
  ---
  duration_ms: 0.571333
  ...
# Subtest: Target detonates on the release tick, with damage and protection resolved immediately
ok 532 - Target detonates on the release tick, with damage and protection resolved immediately
  ---
  duration_ms: 2.33575
  ...
# Subtest: instant Target blast chains nearby bombs in the same tick
ok 533 - instant Target blast chains nearby bombs in the same tick
  ---
  duration_ms: 1.003417
  ...
# Subtest: host clock replies are bound, single-use, bounded and invalidated at recovery
ok 534 - host clock replies are bound, single-use, bounded and invalidated at recovery
  ---
  duration_ms: 0.474833
  ...
# Subtest: trail clipping preserves contained geometry identity and timestamps
ok 535 - trail clipping preserves contained geometry identity and timestamps
  ---
  duration_ms: 0.474333
  ...
# Subtest: trail clipping trims crossings on every edge in both directions
ok 536 - trail clipping trims crossings on every edge in both directions
  ---
  duration_ms: 0.459292
  ...
# Subtest: trail clipping keeps closed tangent edges and corner contacts
ok 537 - trail clipping keeps closed tangent edges and corner contacts
  ---
  duration_ms: 0.0715
  ...
# Subtest: trail clipping removes exterior points, parallel lines and disjoint diagonal segments
ok 538 - trail clipping removes exterior points, parallel lines and disjoint diagonal segments
  ---
  duration_ms: 0.066
  ...
# Subtest: overtime trims dead and living trails before collision and snapshot, retaining disconnected pieces
ok 539 - overtime trims dead and living trails before collision and snapshot, retaining disconnected pieces
  ---
  duration_ms: 9.510125
  ...
# Subtest: star, shield and portal grace bounce trails cannot start outside the newly closed field
ok 540 - star, shield and portal grace bounce trails cannot start outside the newly closed field
  ---
  duration_ms: 1.916209
  ...
# Subtest: overtime clipping preserves portal entry and exit discontinuity
ok 541 - overtime clipping preserves portal entry and exit discontinuity
  ---
  duration_ms: 0.994541
  ...
# Subtest: Worker persists an incarnation and allocates authority to the current host connection only
ok 542 - Worker persists an incarnation and allocates authority to the current host connection only
  ---
  duration_ms: 16.13225
  ...
# Subtest: Worker fences host replacement and delayed close without overlapping lease validity
ok 543 - Worker fences host replacement and delayed close without overlapping lease validity
  ---
  duration_ms: 1.68225
  ...
# Subtest: Worker renews only an active exact grant from its current host, with authenticated clock echo
ok 544 - Worker renews only an active exact grant from its current host, with authenticated clock echo
  ---
  duration_ms: 1.444959
  ...
# Subtest: Worker routes only current authenticated endpoints and includes source connection scope
ok 545 - Worker routes only current authenticated endpoints and includes source connection scope
  ---
  duration_ms: 1.697834
  ...
# Subtest: Worker serializes simultaneous host reservations and retains fencing through hibernation state
ok 546 - Worker serializes simultaneous host reservations and retains fencing through hibernation state
  ---
  duration_ms: 1.007541
  ...
# Subtest: Worker rejects malformed clock requests and bounds six active memberships while permitting replacement
ok 547 - Worker rejects malformed clock requests and bounds six active memberships while permitting replacement
  ---
  duration_ms: 2.714208
  ...
# Subtest: Worker reserves creator capacity when invitees arrive before the host
ok 548 - Worker reserves creator capacity when invitees arrive before the host
  ---
  duration_ms: 4.079791
  ...
# Subtest: Worker rejects gameplay relay even between valid host and guest sockets
ok 549 - Worker rejects gameplay relay even between valid host and guest sockets
  ---
  duration_ms: 0.952291
  ...
# Subtest: Worker expires at90seconds without host heartbeat even while guests keep sending
ok 550 - Worker expires at90seconds without host heartbeat even while guests keep sending
  ---
  duration_ms: 0.962916
  ...
# Subtest: Worker end requires host capability and code reuse clears prior authority
ok 551 - Worker end requires host capability and code reuse clears prior authority
  ---
  duration_ms: 1.349959
  ...
# Subtest: Worker current host heartbeats extend deadline while stale closes do not
ok 552 - Worker current host heartbeats extend deadline while stale closes do not
  ---
  duration_ms: 3.098416
  ...
1..552
# tests 552
# suites 0
# pass 552
# fail 0
# cancelled 0
# skipped 0
# todo 0
# duration_ms 7044.961166
--------------------------|---------|----------|---------|---------|--------------------------------
File                      | % Stmts | % Branch | % Funcs | % Lines | Uncovered Line #s              
--------------------------|---------|----------|---------|---------|--------------------------------
All files                 |   99.14 |    93.89 |   98.78 |   99.14 |                                
 client                   |     100 |    97.94 |    98.3 |     100 |                                
  audio-director.ts       |     100 |    98.38 |     100 |     100 | 77                             
  controller-keyboard.ts  |     100 |      100 |     100 |     100 |                                
  controller-pointers.ts  |     100 |    98.48 |   91.66 |     100 | 56                             
  controller-state.ts     |     100 |    98.95 |     100 |     100 | 81                             
  render-snapshot.ts      |     100 |       90 |     100 |     100 | 37-45                          
  snapshot-stream.ts      |     100 |      100 |     100 |     100 |                                
 online                   |   98.67 |    91.89 |   98.26 |   98.67 |                                
  action-replication.ts   |     100 |    89.94 |     100 |     100 | ...135,142,153,159,162,164-166 
  authority-grace.ts      |     100 |      100 |     100 |     100 |                                
  authority-status.ts     |     100 |      100 |     100 |     100 |                                
  authority.ts            |     100 |      100 |     100 |     100 |                                
  checkpoint.ts           |     100 |     91.7 |     100 |     100 | ...112,114,117-119,121,137,141 
  direct-clock.ts         |     100 |    97.75 |     100 |     100 | 65,80                          
  direct-control.ts       |     100 |      100 |     100 |     100 |                                
  direct-ingress.ts       |     100 |      100 |     100 |     100 |                                
  direct-origin.ts        |     100 |    95.58 |     100 |     100 | 53,57,69                       
  direct-room-state.ts    |     100 |    95.08 |     100 |     100 | 38,48,63,71,84,98              
  direct-segment.ts       |     100 |    87.97 |   94.11 |     100 | ...131,143,149,154-155,158,167 
  direct-stream.ts        |     100 |    99.35 |     100 |     100 | 42                             
  host-session.ts         |   99.49 |    89.79 |     100 |   99.49 | 41                             
  ice-config.ts           |     100 |    97.36 |     100 |     100 | 13                             
  ice-signal.ts           |     100 |       92 |     100 |     100 | 9,18                           
  keyframe-delivery.ts    |     100 |      100 |     100 |     100 |                                
  link-callback.ts        |     100 |      100 |     100 |     100 |                                
  link-diagnostics.ts     |     100 |       84 |     100 |     100 | 16,20,33,39-42                 
  link-health.ts          |     100 |      100 |     100 |     100 |                                
  link-restart.ts         |     100 |      100 |     100 |     100 |                                
  link-send-gate.ts       |     100 |      100 |     100 |     100 |                                
  local-runtime.ts        |     100 |    89.58 |     100 |     100 | 33,54,61,71-73                 
  mobile-play-policy.ts   |     100 |      100 |     100 |     100 |                                
  prediction-clock.ts     |     100 |    98.03 |     100 |     100 | 37                             
  prediction.ts           |    97.6 |    87.61 |     100 |    97.6 | 105-107                        
  recipient-ack.ts        |     100 |      100 |     100 |     100 |                                
  remote-signal.ts        |   95.34 |    94.73 |     100 |   95.34 | 36-37                          
  response-measurement.ts |     100 |    98.52 |     100 |     100 | 25                             
  rollback-world.ts       |     100 |    90.65 |     100 |     100 | ...152,157,186,194-196,203,215 
  room-lifecycle.ts       |     100 |      100 |     100 |     100 |                                
  room-socket-close.ts    |     100 |      100 |     100 |     100 |                                
  runtime.ts              |   92.77 |    86.58 |    87.5 |   92.77 | ...376,380-384,398-400,416-427 
  status-notices.ts       |     100 |      100 |     100 |     100 |                                
  world-codec.ts          |     100 |     86.4 |      90 |     100 | ...64,66,68,71-75,86,88-95,100 
 server                   |    98.2 |     92.2 |     100 |    98.2 |                                
  bomb-input.ts           |     100 |      100 |     100 |     100 |                                
  index.ts                |    97.9 |    90.95 |     100 |    97.9 | 60,74,283-286                  
 service                  |     100 |      100 |     100 |     100 |                                
  signal.ts               |     100 |      100 |     100 |     100 |                                
 shared                   |   99.59 |    96.84 |     100 |   99.59 |                                
  action-log.ts           |     100 |    96.03 |     100 |     100 | 40,44,75-76,113                
  avatars.ts              |     100 |      100 |     100 |     100 |                                
  blast-geometry.ts       |     100 |      100 |     100 |     100 |                                
  bomb-launch.ts          |     100 |      100 |     100 |     100 |                                
  bot-controller.ts       |     100 |      100 |     100 |     100 |                                
  deterministic-math.ts   |     100 |      100 |     100 |     100 |                                
  direct-input.ts         |     100 |      100 |     100 |     100 |                                
  drunk.ts                |     100 |      100 |     100 |     100 |                                
  duration-text.ts        |     100 |      100 |     100 |     100 |                                
  game.ts                 |   99.44 |    95.83 |     100 |   99.44 | 342-343,730-731,1154-1156      
  gun.ts                  |     100 |    88.23 |     100 |     100 | 26,31                          
  launch-modifiers.ts     |     100 |      100 |     100 |     100 |                                
  leaderboard.ts          |   96.63 |    94.33 |     100 |   96.63 | 46-47,89-90                    
  match-recap.ts          |     100 |    95.71 |     100 |     100 | 23,83,86                       
  match-stats.ts          |     100 |    98.36 |     100 |     100 | 181                            
  pickup-weights.ts       |     100 |       90 |     100 |     100 | 16                             
  portal.ts               |     100 |      100 |     100 |     100 |                                
  protocol.ts             |     100 |      100 |     100 |     100 |                                
  rider-motion.ts         |     100 |      100 |     100 |     100 |                                
  room-code.ts            |     100 |      100 |     100 |     100 |                                
  room-settings.ts        |     100 |    92.85 |     100 |     100 | 27                             
  shell.ts                |     100 |    93.47 |     100 |     100 | 15,47-50                       
  trail-clipping.ts       |     100 |      100 |     100 |     100 |                                
--------------------------|---------|----------|---------|---------|--------------------------------
