
> fuse-riders@1.0.0 test:coverage
> c8 tsx --test tests/*.test.ts

TAP version 13
# Subtest: accepted host actions replay complete lifecycle, bots, timeout cancellation and resets
ok 1 - accepted host actions replay complete lifecycle, bots, timeout cancellation and resets
  ---
  duration_ms: 4738.555458
  ...
# Subtest: replica game checkpoint preserves connected and charging state without host recovery sanitization
ok 2 - replica game checkpoint preserves connected and charging state without host recovery sanitization
  ---
  duration_ms: 2.878125
  ...
# Subtest: steady held input records only changes; bomb edges never persist into later ticks
ok 3 - steady held input records only changes; bomb edges never persist into later ticks
  ---
  duration_ms: 1.850459
  ...
# Subtest: MessagePack tuples and malformed operations are bounded
ok 4 - MessagePack tuples and malformed operations are bounded
  ---
  duration_ms: 2.512833
  ...
# Subtest: real encoded sender/receiver: duplicate, dropped and reordered batches repair without divergent commit
ok 5 - real encoded sender/receiver: duplicate, dropped and reordered batches repair without divergent commit
  ---
  duration_ms: 5.339125
  ...
# Subtest: invalid transaction and repeated hash mismatch never replace healthy state; fresh baseline repairs
ok 6 - invalid transaction and repeated hash mismatch never replace healthy state; fresh baseline repairs
  ---
  duration_ms: 1.660834
  ...
# Subtest: checkpoint chunk loss, reordering, corruption and timeout are bounded
ok 7 - checkpoint chunk loss, reordering, corruption and timeout are bounded
  ---
  duration_ms: 3.261625
  ...
# Subtest: decoder rejects nested allocation bombs before decoding and accepts ordinary envelopes
ok 8 - decoder rejects nested allocation bombs before decoding and accepts ordinary envelopes
  ---
  duration_ms: 6.782667
  ...
# Subtest: checkpoint and action identity validation agree, including history bounds and legal slot reuse
ok 9 - checkpoint and action identity validation agree, including history bounds and legal slot reuse
  ---
  duration_ms: 71.494958
  ...
# Subtest: newer checkpoint generations cannot erase same-tick accepted lifecycle operations
ok 10 - newer checkpoint generations cannot erase same-tick accepted lifecycle operations
  ---
  duration_ms: 1.205541
  ...
# Subtest: hash comparison survives backpressure precisely on twentieth ticks
ok 11 - hash comparison survives backpressure precisely on twentieth ticks
  ---
  duration_ms: 7.612125
  ...
# Subtest: missing middle checkpoint chunk times out, throttled pump recovers with a fresh generation
ok 12 - missing middle checkpoint chunk times out, throttled pump recovers with a fresh generation
  ---
  duration_ms: 78.114292
  ...
# Subtest: signed-zero headings and arena-coordinate bomb targets survive checkpoint suffix replay
ok 13 - signed-zero headings and arena-coordinate bomb targets survive checkpoint suffix replay
  ---
  duration_ms: 2.348167
  ...
# Subtest: host refuses a new historical identity before replay/checkpoint capacity is exceeded
ok 14 - host refuses a new historical identity before replay/checkpoint capacity is exceeded
  ---
  duration_ms: 2.544583
  ...
# Subtest: signed-zero local aim is normalized before MessagePack checkpoint and action capture
ok 15 - signed-zero local aim is normalized before MessagePack checkpoint and action capture
  ---
  duration_ms: 3.377125
  ...
# Subtest: MessagePack action changes carry full applied ticks across sparse input and bomb transitions
ok 16 - MessagePack action changes carry full applied ticks across sparse input and bomb transitions
  ---
  duration_ms: 2.171417
  ...
# Subtest: absolute action ticks above uint16 replay independently of previous held timestamps
ok 17 - absolute action ticks above uint16 replay independently of previous held timestamps
  ---
  duration_ms: 0.521583
  ...
# Subtest: action tick mismatch and legacy replay checkpoints preserve healthy receiver state
ok 18 - action tick mismatch and legacy replay checkpoints preserve healthy receiver state
  ---
  duration_ms: 1.721584
  ...
# Subtest: assets resolve once under a Pages base and preserve external URLs
ok 19 - assets resolve once under a Pages base and preserve external URLs
  ---
  duration_ms: 0.558208
  ...
# Subtest: audio requires gesture unlock, routes independent mute and volume, and tolerates refusal
ok 20 - audio requires gesture unlock, routes independent mute and volume, and tolerates refusal
  ---
  duration_ms: 1.021833
  ...
# Subtest: original score loops with bounded scheduling and no background catch-up
ok 21 - original score loops with bounded scheduling and no background catch-up
  ---
  duration_ms: 0.520333
  ...
# Subtest: authoritative effects coalesce volleys, reject stale events and baseline reconnects silently
ok 22 - authoritative effects coalesce volleys, reject stale events and baseline reconnects silently
  ---
  duration_ms: 0.31475
  ...
# Subtest: pickup cues use authoritative collection events and reconnect baseline stays silent
ok 23 - pickup cues use authoritative collection events and reconnect baseline stays silent
  ---
  duration_ms: 0.100416
  ...
# Subtest: engine emits collection once only after a real pickup is consumed
ok 24 - engine emits collection once only after a real pickup is consumed
  ---
  duration_ms: 17.782084
  ...
# Subtest: older round snapshots cannot reset scope or stop music
ok 25 - older round snapshots cannot reset scope or stop music
  ---
  duration_ms: 0.210459
  ...
# Subtest: eight original scores have long arrangements, distinct melodies and bounded valid voices
ok 26 - eight original scores have long arrangements, distinct melodies and bounded valid voices
  ---
  duration_ms: 61.506792
  ...
# Subtest: playlist completes an arrangement, rotates all eight tunes and retains mute and volume
ok 27 - playlist completes an arrangement, rotates all eight tunes and retains mute and volume
  ---
  duration_ms: 5.702875
  ...
# Subtest: new rounds advance playlist once; repeated snapshots and reconnects do not rewind it
ok 28 - new rounds advance playlist once; repeated snapshots and reconnects do not rewind it
  ---
  duration_ms: 0.162125
  ...
# Subtest: enabled audio plays in the lobby and intermissions and explicit enable confirms output
ok 29 - enabled audio plays in the lobby and intermissions and explicit enable confirms output
  ---
  duration_ms: 0.11
  ...
# Subtest: two jazz tunes swing in tempo and use soft walking bass and seventh chords
ok 30 - two jazz tunes swing in tempo and use soft walking bass and seventh chords
  ---
  duration_ms: 0.155417
  ...
# Subtest: director schedules swung offbeats without catch-up bursts
ok 31 - director schedules swung offbeats without catch-up bursts
  ---
  duration_ms: 0.110542
  ...
# Subtest: gun launch plays a layered cannon cue
ok 32 - gun launch plays a layered cannon cue
  ---
  duration_ms: 0.106708
  ...
# Subtest: a host stall over the clock threshold pauses advancing but keeps seat scopes; queued and old-scope inputs still apply
ok 33 - a host stall over the clock threshold pauses advancing but keeps seat scopes; queued and old-scope inputs still apply
  ---
  duration_ms: 27.361875
  ...
# Subtest: a single time sample above the lease guard pauses for one sample period without rotating seat scopes
ok 34 - a single time sample above the lease guard pauses for one sample period without rotating seat scopes
  ---
  duration_ms: 6.160084
  ...
# Subtest: continuous non-permission beyond the grace clears seats exactly once; a fresh certification re-arms it
ok 35 - continuous non-permission beyond the grace clears seats exactly once; a fresh certification re-arms it
  ---
  duration_ms: 22.757
  ...
# Subtest: a lease that actually lapses under a healthy clock stops advancing at once and clears seats after the grace
ok 36 - a lease that actually lapses under a healthy clock stops advancing at once and clears seats after the grace
  ---
  duration_ms: 17.063417
  ...
# Subtest: AuthorityGrace fires once per outage, only after prior permission, and reset() scopes it to one authority
ok 37 - AuthorityGrace fires once per outage, only after prior permission, and reset() scopes it to one authority
  ---
  duration_ms: 0.612625
  ...
# Subtest: authority recovery clears a stale pause once without overwriting subsequent command errors
ok 38 - authority recovery clears a stale pause once without overwriting subsequent command errors
  ---
  duration_ms: 0.472417
  ...
# Subtest: a sustained pause announces itself once; further ticks preserve the notice on screen
ok 39 - a sustained pause announces itself once; further ticks preserve the notice on screen
  ---
  duration_ms: 0.116208
  ...
# Subtest: initial permission produces confirmed status and sustained permission stays silent
ok 40 - initial permission produces confirmed status and sustained permission stays silent
  ---
  duration_ms: 0.057791
  ...
# Subtest: ten distinct avatar ids address exactly ten atlas cells
ok 41 - ten distinct avatar ids address exactly ten atlas cells
  ---
  duration_ms: 2.810083
  ...
# Subtest: default and selected heads appear in authoritative snapshots without changing slot color
ok 42 - default and selected heads appear in authoritative snapshots without changing slot color
  ---
  duration_ms: 13.276333
  ...
# Subtest: live avatar messages only accept a known head and no player override
ok 43 - live avatar messages only accept a known head and no player override
  ---
  duration_ms: 0.193209
  ...
# Subtest: disk uses radial distance rather than bounding square or cross
ok 44 - disk uses radial distance rather than bounding square or cross
  ---
  duration_ms: 0.829
  ...
# Subtest: swept disk detects crossing, tangent, radius padding and endpoint misses
ok 45 - swept disk detects crossing, tangent, radius padding and endpoint misses
  ---
  duration_ms: 0.102583
  ...
# Subtest: ordered bomb edges survive a between-tick tap, while held resends do not repeat presses
ok 46 - ordered bomb edges survive a between-tick tap, while held resends do not repeat presses
  ---
  duration_ms: 1.212333
  ...
# Subtest: interruption discards even a queued release and requires a neutral handshake
ok 47 - interruption discards even a queued release and requires a neutral handshake
  ---
  duration_ms: 0.132875
  ...
# Subtest: overflow cancels the bounded queue and a later fresh press can recover
ok 48 - overflow cancels the bounded queue and a later fresh press can recover
  ---
  duration_ms: 0.070292
  ...
# Subtest: target input preserves per-release aim despite later packets and caller mutation
ok 49 - target input preserves per-release aim despite later packets and caller mutation
  ---
  duration_ms: 0.115875
  ...
# Subtest: maps charge ticks linearly between accepted minimum and maximum
ok 50 - maps charge ticks linearly between accepted minimum and maximum
  ---
  duration_ms: 0.414667
  ...
# Subtest: projects along the release angle and clamps each coordinate to safe bounds
ok 51 - projects along the release angle and clamps each coordinate to safe bounds
  ---
  duration_ms: 1.224916
  ...
# Subtest: AI is deterministic, uses its injected random stream and never mutates the observed world
ok 52 - AI is deterministic, uses its injected random stream and never mutates the observed world
  ---
  duration_ms: 18.817042
  ...
# Subtest: AI is neutral when absent, dead, disconnected or waiting for next round
ok 53 - AI is neutral when absent, dead, disconnected or waiting for next round
  ---
  duration_ms: 2.402458
  ...
# Subtest: AI turns away from imminent walls, trails and rider paths
ok 54 - AI turns away from imminent walls, trails and rider paths
  ---
  duration_ms: 20.404208
  ...
# Subtest: AI considers expired and recent own trails, pickups, blasts, shells and drunk heading without changing physics
ok 55 - AI considers expired and recent own trails, pickups, blasts, shells and drunk heading without changing physics
  ---
  duration_ms: 0.994791
  ...
# Subtest: AI presses, holds and releases ordinary bombs through the same charge/cooldown rules
ok 56 - AI presses, holds and releases ordinary bombs through the same charge/cooldown rules
  ---
  duration_ms: 19.564209
  ...
# Subtest: AI target/gun/shell shots use normal input actions and target aim is bounded
ok 57 - AI target/gun/shell shots use normal input actions and target aim is bounded
  ---
  duration_ms: 18.920833
  ...
# Subtest: Host alone can manage AI, five shared slots are enforced, and a solo host can start
ok 58 - Host alone can manage AI, five shared slots are enforced, and a solo host can start
  ---
  duration_ms: 1.005958
  ...
# Subtest: AI arriving during a match waits and appears in the next round without a timed click
ok 59 - AI arriving during a match waits and appears in the next round without a timed click
  ---
  duration_ms: 61.797416
  ...
# Subtest: AI removal/reset frees its slot without converting humans or reusing old bot identity
ok 60 - AI removal/reset frees its slot without converting humans or reusing old bot identity
  ---
  duration_ms: 1.230875
  ...
# Subtest: Checkpoint v3 restores only validated bot ownership and rejects malformed registries atomically
ok 61 - Checkpoint v3 restores only validated bot ownership and rejects malformed registries atomically
  ---
  duration_ms: 2.47375
  ...
# Subtest: visual projection uses authoritative tick spacing during packet bursts
ok 62 - visual projection uses authoritative tick spacing during packet bursts
  ---
  duration_ms: 0.736375
  ...
# Subtest: visual projection freezes after 50 ms and never projects death or non-playing phases
ok 63 - visual projection freezes after 50 ms and never projects death or non-playing phases
  ---
  duration_ms: 0.091
  ...
# Subtest: visual projection does not cross round, match, membership or timestamp boundaries
ok 64 - visual projection does not cross round, match, membership or timestamp boundaries
  ---
  duration_ms: 0.093166
  ...
# Subtest: visual projection snaps a portal transit and resumes on the next ordinary movement pair
ok 65 - visual projection snaps a portal transit and resumes on the next ordinary movement pair
  ---
  duration_ms: 0.077083
  ...
# Subtest: multitouch retains a control until its final pointer releases
ok 66 - multitouch retains a control until its final pointer releases
  ---
  duration_ms: 0.607042
  ...
# Subtest: fast bomb tap and cancellation always send the falling edge
ok 67 - fast bomb tap and cancellation always send the falling edge
  ---
  duration_ms: 0.114959
  ...
# Subtest: pointer cancellation never launches and lost capture after release is a no-op
ok 68 - pointer cancellation never launches and lost capture after release is a no-op
  ---
  duration_ms: 0.0825
  ...
# Subtest: reconnect can force a neutral sample to rearm bomb edges
ok 69 - reconnect can force a neutral sample to rearm bomb edges
  ---
  duration_ms: 0.059667
  ...
# Subtest: held-state resend advances sequence while idle resend stays silent
ok 70 - held-state resend advances sequence while idle resend stays silent
  ---
  duration_ms: 0.076208
  ...
# Subtest: snapshot acceptance handles opaque match ids without lexicographic ordering
ok 71 - snapshot acceptance handles opaque match ids without lexicographic ordering
  ---
  duration_ms: 0.1355
  ...
# Subtest: snapshot acceptance rejects an older round in the active match
ok 72 - snapshot acceptance rejects an older round in the active match
  ---
  duration_ms: 0.048125
  ...
# Subtest: target preview projects for at most one tick and stays inside the arena
ok 73 - target preview projects for at most one tick and stays inside the arena
  ---
  duration_ms: 0.104167
  ...
# Subtest: shell visuals advance between server ticks and reflect off walls without changing authority
ok 74 - shell visuals advance between server ticks and reflect off walls without changing authority
  ---
  duration_ms: 0.221041
  ...
# Subtest: public smoke exercises real gateway socket boundaries and emits no credentials
ok 75 - public smoke exercises real gateway socket boundaries and emits no credentials
  ---
  duration_ms: 79.787791
  ...
# Subtest: public smoke stops on broken CORS and reports only a safe check label
ok 76 - public smoke stops on broken CORS and reports only a safe check label
  ---
  duration_ms: 23.547333
  ...
# Subtest: public smoke rejects plaintext and credential-bearing production origins before requests
ok 77 - public smoke rejects plaintext and credential-bearing production origins before requests
  ---
  duration_ms: 3833.171625
  ...
# Subtest: arrows share held state and Space emits exactly one press and release despite repeats
ok 78 - arrows share held state and Space emits exactly one press and release despite repeats
  ---
  duration_ms: 1.135292
  ...
# Subtest: pointer ownership survives keyboard release and cancellation
ok 79 - pointer ownership survives keyboard release and cancellation
  ---
  duration_ms: 0.121458
  ...
# Subtest: menu/focus/visibility cancellation never fires and repeat after reset cannot restart charge
ok 80 - menu/focus/visibility cancellation never fires and repeat after reset cannot restart charge
  ---
  duration_ms: 0.099084
  ...
# Subtest: blocked and unrelated keys retain normal browser handling
ok 81 - blocked and unrelated keys retain normal browser handling
  ---
  duration_ms: 0.067625
  ...
# Subtest: blocked new key clears previously held keys without releasing a bomb
ok 82 - blocked new key clears previously held keys without releasing a bomb
  ---
  duration_ms: 0.129125
  ...
# Subtest: browser modifier shortcuts remain untouched while keyup releases an earlier plain hold
ok 83 - browser modifier shortcuts remain untouched while keyup releases an earlier plain hold
  ---
  duration_ms: 0.119625
  ...
# Subtest: A and D aliases retain independent held ownership from arrow keys
ok 84 - A and D aliases retain independent held ownership from arrow keys
  ---
  duration_ms: 0.077292
  ...
# Subtest: keyboard ArrowLeft/ArrowRight and Space share serialized steering and charge/release semantics
ok 85 - keyboard ArrowLeft/ArrowRight and Space share serialized steering and charge/release semantics
  ---
  duration_ms: 1.5645
  ...
# Subtest: keyboard KeyA/KeyD and Space share serialized steering and charge/release semantics
ok 86 - keyboard KeyA/KeyD and Space share serialized steering and charge/release semantics
  ---
  duration_ms: 0.154833
  ...
# Subtest: arrow and letter aliases keep steering until both keys are released
ok 87 - arrow and letter aliases keep steering until both keys are released
  ---
  duration_ms: 0.284833
  ...
# Subtest: keyboard and pointer holds do not release each other
ok 88 - keyboard and pointer holds do not release each other
  ---
  duration_ms: 0.270584
  ...
# Subtest: focus/lifecycle cancellation never fires or reactivates a held key on repeat
ok 89 - focus/lifecycle cancellation never fires or reactivates a held key on repeat
  ---
  duration_ms: 0.17175
  ...
# Subtest: typing, disabled contexts and browser shortcuts are left alone, but keyup still releases
ok 90 - typing, disabled contexts and browser shortcuts are left alone, but keyup still releases
  ---
  duration_ms: 0.140208
  ...
# Subtest: recycled pointer ownership cancels old steering and makes both buttons reusable
ok 91 - recycled pointer ownership cancels old steering and makes both buttons reusable
  ---
  duration_ms: 0.137292
  ...
# Subtest: global release works if capture throws and leaves simultaneous touches intact
ok 92 - global release works if capture throws and leaves simultaneous touches intact
  ---
  duration_ms: 0.10575
  ...
# Subtest: lost capture and clear cancel charge without accidental release, then recover immediately
ok 93 - lost capture and clear cancel charge without accidental release, then recover immediately
  ---
  duration_ms: 1.052542
  ...
# Subtest: disabled buttons, unrelated capture loss, right clicks and duplicate terminal events do nothing
ok 94 - disabled buttons, unrelated capture loss, right clicks and duplicate terminal events do nothing
  ---
  duration_ms: 0.253625
  ...
# Subtest: input model independently repairs pointer reassignment and preserves duplicate down
ok 95 - input model independently repairs pointer reassignment and preserves duplicate down
  ---
  duration_ms: 0.150167
  ...
# Subtest: held drag enters, switches and exits buttons without tapping; hovering does not press
ok 96 - held drag enters, switches and exits buttons without tapping; hovering does not press
  ---
  duration_ms: 0.333084
  ...
# Subtest: Target aim keeps its thumb while sliding across other controls
ok 97 - Target aim keeps its thumb while sliding across other controls
  ---
  duration_ms: 0.594708
  ...
# Subtest: cancelled or cleared contacts cannot slide-reactivate before lifting
ok 98 - cancelled or cleared contacts cannot slide-reactivate before lifting
  ---
  duration_ms: 0.199416
  ...
# Subtest: target trackpad uses relative motion, throttles packets and sends final release coordinates
ok 99 - target trackpad uses relative motion, throttles packets and sends final release coordinates
  ---
  duration_ms: 3.169709
  ...
# Subtest: aim clamps the board and other fingers cannot move it; cancellation clears it
ok 100 - aim clamps the board and other fingers cannot move it; cancellation clears it
  ---
  duration_ms: 0.522083
  ...
# Subtest: second Fire contact inherits aim without a jump, refresh does not reset active aim
ok 101 - second Fire contact inherits aim without a jump, refresh does not reset active aim
  ---
  duration_ms: 0.296
  ...
# Subtest: ordinary controls send no aim and invalid positions do not corrupt it
ok 102 - ordinary controls send no aim and invalid positions do not corrupt it
  ---
  duration_ms: 0.242084
  ...
# Subtest: host intention waits for permission, latest wins, expires and cannot cross authority reset
ok 103 - host intention waits for permission, latest wins, expires and cannot cross authority reset
  ---
  duration_ms: 0.760208
  ...
# Subtest: release or cancel after round/match completion stays replayable through late rollback and finality
ok 104 - release or cancel after round/match completion stays replayable through late rollback and finality
  ---
  duration_ms: 189.059834
  ...
# Subtest: wire actions use full uint32 ticks and strict bounded MessagePack tuples
ok 105 - wire actions use full uint32 ticks and strict bounded MessagePack tuples
  ---
  duration_ms: 0.628583
  ...
# Subtest: independent stream fills holes, permits older repairs after watermark, ignores reordered watermarks
ok 106 - independent stream fills holes, permits older repairs after watermark, ignores reordered watermarks
  ---
  duration_ms: 0.135375
  ...
# Subtest: conflicting IDs, incomparable promises, chronological inversion and reused gesture are atomic faults
ok 107 - conflicting IDs, incomparable promises, chronological inversion and reused gesture are atomic faults
  ---
  duration_ms: 0.212
  ...
# Subtest: whole world advances with no action packets, then bounded rollback exactly reconstructs late actions
ok 108 - whole world advances with no action packets, then bounded rollback exactly reconstructs late actions
  ---
  duration_ms: 92.956542
  ...
# Subtest: all same-tick press/release packet permutations yield exactly one identical shot
ok 109 - all same-tick press/release packet permutations yield exactly one identical shot
  ---
  duration_ms: 111.331
  ...
# Subtest: replacement press restarts charge; old release cannot fire the newer gesture
ok 110 - replacement press restarts charge; old release cannot fire the newer gesture
  ---
  duration_ms: 6.858834
  ...
# Subtest: missing press never invents charge; cancel and aiming preserve per-action target order
ok 111 - missing press never invents charge; cancel and aiming preserve per-action target order
  ---
  duration_ms: 24.302709
  ...
# Subtest: idle repair delivers a lost final release; receipt loss never duplicates shots
ok 112 - idle repair delivers a lost final release; receipt loss never duplicates shots
  ---
  duration_ms: 21.158625
  ...
# Subtest: origin immediately sends newest plus old gap records; backpressure repair is paced and bounded
ok 113 - origin immediately sends newest plus old gap records; backpressure repair is paced and bounded
  ---
  duration_ms: 15.989583
  ...
# Subtest: finality waits for cross-channel input gaps, then emits derived effects exactly once
ok 114 - finality waits for cross-channel input gaps, then emits derived effects exactly once
  ---
  duration_ms: 48.509
  ...
# Subtest: finalized bootstrap uses applied prefixes, leaving already received future actions for suffix replay
ok 115 - finalized bootstrap uses applied prefixes, leaving already received future actions for suffix replay
  ---
  duration_ms: 53.507708
  ...
# Subtest: speculation pauses at its fixed bound and resumes after verified finality
ok 116 - speculation pauses at its fixed bound and resumes after verified finality
  ---
  duration_ms: 160.125833
  ...
# Subtest: malformed/future/wrong-owner/stale-segment messages do not alter healthy world
ok 117 - malformed/future/wrong-owner/stale-segment messages do not alter healthy world
  ---
  duration_ms: 57.62775
  ...
# Subtest: invalid bootstrap, changed rules, corrupt state and wrong scope never instantiate a replica
ok 118 - invalid bootstrap, changed rules, corrupt state and wrong scope never instantiate a replica
  ---
  duration_ms: 11.3175
  ...
# Subtest: encoded history budget rejects growth atomically rather than discarding rollback dependencies
ok 119 - encoded history budget rejects growth atomically rather than discarding rollback dependencies
  ---
  duration_ms: 29.091459
  ...
# Subtest: six independently advancing replicas converge through delayed/reordered delivery for five streams
ok 120 - six independently advancing replicas converge through delayed/reordered delivery for five streams
  ---
  duration_ms: 15734.508042
  ...
# Subtest: new completeness cuts preserve older promises and already certified progress
ok 121 - new completeness cuts preserve older promises and already certified progress
  ---
  duration_ms: 0.2015
  ...
# Subtest: watermark cuts, including empty periods, have a hard retention bound
ok 122 - watermark cuts, including empty periods, have a hard retention bound
  ---
  duration_ms: 0.716292
  ...
# Subtest: bootstrap rejects a rehashed impossible gesture state, not only corrupt hashes
ok 123 - bootstrap rejects a rehashed impossible gesture state, not only corrupt hashes
  ---
  duration_ms: 1.479208
  ...
# Subtest: older complete finality advances while newer certificates still await input repair
ok 124 - older complete finality advances while newer certificates still await input repair
  ---
  duration_ms: 46.814834
  ...
# Subtest: pending certificates normalize prefix order and reject conflicts without bypassing a bad older hash
ok 125 - pending certificates normalize prefix order and reject conflicts without bypassing a bad older hash
  ---
  duration_ms: 15.914833
  ...
# Subtest: pending finality has a forty-tick bound and encoded-byte admission is atomic
ok 126 - pending finality has a forty-tick bound and encoded-byte admission is atomic
  ---
  duration_ms: 10.436875
  ...
# Subtest: lost receipts retain the oldest gap without starving rotation through the unacknowledged tail
ok 127 - lost receipts retain the oldest gap without starving rotation through the unacknowledged tail
  ---
  duration_ms: 0.566291
  ...
# Subtest: delivery exact cuts exclude future groups and cannot contradict retained actions
ok 128 - delivery exact cuts exclude future groups and cannot contradict retained actions
  ---
  duration_ms: 0.113292
  ...
# Subtest: remote future staging derives from both clock uncertainties without extending the execution horizon
ok 129 - remote future staging derives from both clock uncertainties without extending the execution horizon
  ---
  duration_ms: 29.927542
  ...
# Subtest: recovery distinguishes invalid action admission from verified finality disagreement
ok 130 - recovery distinguishes invalid action admission from verified finality disagreement
  ---
  duration_ms: 5.900541
  ...
# Subtest: combined progress rejects late conflicts atomically, including pending finality and events
ok 131 - combined progress rejects late conflicts atomically, including pending finality and events
  ---
  duration_ms: 16.427833
  ...
# Subtest: presentation history is exact after rollback, survives finality pruning and stays bounded
ok 132 - presentation history is exact after rollback, survives finality pruning and stays bounded
  ---
  duration_ms: 21.425958
  ...
# Subtest: a late action exposing a corrupt pending finality cannot mutate simulation or presentation history
ok 133 - a late action exposing a corrupt pending finality cannot mutate simulation or presentation history
  ---
  duration_ms: 7.883875
  ...
# Subtest: ordinary rounds advance on their deterministic deadline with neutral controls and persistent gesture identity
ok 134 - ordinary rounds advance on their deterministic deadline with neutral controls and persistent gesture identity
  ---
  duration_ms: 4.946459
  ...
# Subtest: late reordered actions across an automatic round boundary replay to the identical world
ok 135 - late reordered actions across an automatic round boundary replay to the identical world
  ---
  duration_ms: 13.26925
  ...
# Subtest: pending round settings survive validated bootstrap and apply without changing the active match format
ok 136 - pending round settings survive validated bootstrap and apply without changing the active match format
  ---
  duration_ms: 9.367834
  ...
# Subtest: automatic round progression waits when fewer than two participants remain connected
ok 137 - automatic round progression waits when fewer than two participants remain connected
  ---
  duration_ms: 1.928334
  ...
# Subtest: direct stepping without explicit match settings keeps shared defaults when applying pending round settings
ok 138 - direct stepping without explicit match settings keeps shared defaults when applying pending round settings
  ---
  duration_ms: 3.540334
  ...
# Subtest: compact control admits only complete bounded clock and finality schemas
ok 139 - compact control admits only complete bounded clock and finality schemas
  ---
  duration_ms: 2.508959
  ...
# Subtest: each pair elects one initiator, with the follower initiating clock exchanges
ok 140 - each pair elects one initiator, with the follower initiating clock exchanges
  ---
  duration_ms: 0.461542
  ...
# Subtest: quiet healthy pairs exchange one request/reply per second and confirm both directions
ok 141 - quiet healthy pairs exchange one request/reply per second and confirm both directions
  ---
  duration_ms: 4.495708
  ...
# Subtest: lost replies and rejected enqueues retry with fresh IDs then return to the quiet cadence
ok 142 - lost replies and rejected enqueues retry with fresh IDs then return to the quiet cadence
  ---
  duration_ms: 1.373042
  ...
# Subtest: one-sided loss cannot keep the responder healthy with fresh requests alone
ok 143 - one-sided loss cannot keep the responder healthy with fresh requests alone
  ---
  duration_ms: 11.702667
  ...
# Subtest: replayed or reordered heartbeat IDs cannot reinstall data or refresh acknowledgement time
ok 144 - replayed or reordered heartbeat IDs cannot reinstall data or refresh acknowledgement time
  ---
  duration_ms: 0.353208
  ...
# Subtest: late or unsolicited replies cannot qualify a clock or link
ok 145 - late or unsolicited replies cannot qualify a clock or link
  ---
  duration_ms: 0.17175
  ...
# Subtest: shape, nested alias/nonce, role and byte checks precede application acceptance
ok 146 - shape, nested alias/nonce, role and byte checks precede application acceptance
  ---
  duration_ms: 0.46475
  ...
# Subtest: a rejected application candidate consumes no incoming identity or health evidence
ok 147 - a rejected application candidate consumes no incoming identity or health evidence
  ---
  duration_ms: 0.138
  ...
# Subtest: fast qualification is bounded, stop clears attempts, and sequence exhaustion never wraps
ok 148 - fast qualification is bounded, stop clears attempts, and sequence exhaustion never wraps
  ---
  duration_ms: 6.229625
  ...
# Subtest: maximum integer cuts, receipts and certificate fit the complete fast packet budget
ok 149 - maximum integer cuts, receipts and certificate fit the complete fast packet budget
  ---
  duration_ms: 12.719417
  ...
# Subtest: non-clock pairs accept delayed liveness evidence only within its 2.5 second window
ok 150 - non-clock pairs accept delayed liveness evidence only within its 2.5 second window
  ---
  duration_ms: 0.715292
  ...
# Subtest: stopping a scope inside application callbacks prevents sends and acknowledgement installation
ok 151 - stopping a scope inside application callbacks prevents sends and acknowledgement installation
  ---
  duration_ms: 3.358833
  ...
# Subtest: synchronous request and reply delivery preserves pending correlation and quiet cadence
ok 152 - synchronous request and reply delivery preserves pending correlation and quiet cadence
  ---
  duration_ms: 0.206833
  ...
# Subtest: a responder stopped while constructing or sending its reply cannot establish remote proof
ok 153 - a responder stopped while constructing or sending its reply cannot establish remote proof
  ---
  duration_ms: 0.193709
  ...
# Subtest: one-second exchanges carry real correlated clock samples without separate probes
ok 154 - one-second exchanges carry real correlated clock samples without separate probes
  ---
  duration_ms: 3.447292
  ...
# Subtest: immutable roster permissions authorize disjoint action and receipt slot flows
ok 155 - immutable roster permissions authorize disjoint action and receipt slot flows
  ---
  duration_ms: 0.774875
  ...
# Subtest: flow burst and refill are exact, and repeated binding never refills them
ok 156 - flow burst and refill are exact, and repeated binding never refills them
  ---
  duration_ms: 0.443458
  ...
# Subtest: five legitimate100Hz stream flows preserve their separate liveness allowance
ok 157 - five legitimate100Hz stream flows preserve their separate liveness allowance
  ---
  duration_ms: 25.473958
  ...
# Subtest: liveness has a reserved burst even when all five flow bursts are used
ok 158 - liveness has a reserved burst even when all five flow bursts are used
  ---
  duration_ms: 0.378125
  ...
# Subtest: packet limits apply before parsing and the association budget survives alias changes
ok 159 - packet limits apply before parsing and the association budget survives alias changes
  ---
  duration_ms: 0.435709
  ...
# Subtest: one aggregate consumes one reserved token after every nested slot is authorized
ok 160 - one aggregate consumes one reserved token after every nested slot is authorized
  ---
  duration_ms: 0.190125
  ...
# Subtest: seeded jitter reorders fast actions but keeps reliable messages ordered and copies queued binary data
ok 161 - seeded jitter reorders fast actions but keeps reliable messages ordered and copies queued binary data
  ---
  duration_ms: 4.334792
  ...
# Subtest: fast loss leaves reliable delivery intact and shared sender bandwidth delays both channels
ok 162 - fast loss leaves reliable delivery intact and shared sender bandwidth delays both channels
  ---
  duration_ms: 0.130542
  ...
# Subtest: fixture queues are bounded and report overflow and closed sends explicitly
ok 163 - fixture queues are bounded and report overflow and closed sends explicitly
  ---
  duration_ms: 15.747875
  ...
# Subtest: per-channel buffered amount excludes propagation delay after shared serialization and resets on stop
ok 164 - per-channel buffered amount excludes propagation delay after shared serialization and resets on stop
  ---
  duration_ms: 0.170209
  ...
# Subtest: held controls emit only edges, with independent wire and UI sequence numbering
ok 165 - held controls emit only edges, with independent wire and UI sequence numbering
  ---
  duration_ms: 1.376583
  ...
# Subtest: a local change group is atomic until the caller installs the candidate
ok 166 - a local change group is atomic until the caller installs the candidate
  ---
  duration_ms: 1.546709
  ...
# Subtest: all subscriber candidates admit a full group before bytes, and failed enqueue retains it for repair
ok 167 - all subscriber candidates admit a full group before bytes, and failed enqueue retains it for repair
  ---
  duration_ms: 0.528417
  ...
# Subtest: press replacement, missing press, release and neutral cancellation preserve gesture semantics
ok 168 - press replacement, missing press, release and neutral cancellation preserve gesture semantics
  ---
  duration_ms: 0.115166
  ...
# Subtest: origin exact cuts cannot cover future actions or permit a later action before the cut
ok 169 - origin exact cuts cannot cover future actions or permit a later action before the cut
  ---
  duration_ms: 0.154291
  ...
# Subtest: invalid local frames and exhausted ticks consume neither revisions nor actions
ok 170 - invalid local frames and exhausted ticks consume neither revisions nor actions
  ---
  duration_ms: 0.202375
  ...
# Subtest: future start requires coordinator confirmation, and both clocks advance without gameplay packets
ok 171 - future start requires coordinator confirmation, and both clocks advance without gameplay packets
  ---
  duration_ms: 0.580542
  ...
# Subtest: lowest RTT filtering tolerates valid asymmetric delay without a false four-tick fault
ok 172 - lowest RTT filtering tolerates valid asymmetric delay without a false four-tick fault
  ---
  duration_ms: 0.110375
  ...
# Subtest: running clock slews in either direction at one tick per second and never moves backward
ok 173 - running clock slews in either direction at one tick per second and never moves backward
  ---
  duration_ms: 0.213167
  ...
# Subtest: scope fences, expired and reordered replies cannot move time or refresh readiness
ok 174 - scope fences, expired and reordered replies cannot move time or refresh readiness
  ---
  duration_ms: 0.154458
  ...
# Subtest: discrepancy and monotonic-clock faults stay latched, including on the coordinator
ok 175 - discrepancy and monotonic-clock faults stay latched, including on the coordinator
  ---
  duration_ms: 0.133208
  ...
# Subtest: stale baseline recovery remains conservative, and a failed release cannot revive after a fresh sample
ok 176 - stale baseline recovery remains conservative, and a failed release cannot revive after a fresh sample
  ---
  duration_ms: 0.144708
  ...
# Subtest: origin bounds unpublished tick frontiers and publishing a cut restores capacity atomically
ok 177 - origin bounds unpublished tick frontiers and publishing a cut restores capacity atomically
  ---
  duration_ms: 1.820959
  ...
# Subtest: expiry cannot turn an uncertain idle clock into a qualified projection
ok 178 - expiry cannot turn an uncertain idle clock into a qualified projection
  ---
  duration_ms: 0.251125
  ...
# Subtest: uncertainty admission persists even when no read occurs before samples expire
ok 179 - uncertainty admission persists even when no read occurs before samples expire
  ---
  duration_ms: 0.201625
  ...
# Subtest: heartbeat nonces are unique, bounded and correlated with pending clock samples
ok 180 - heartbeat nonces are unique, bounded and correlated with pending clock samples
  ---
  duration_ms: 0.133166
  ...
# Subtest: quiet clock projection grows drift uncertainty and retains it after sample expiry
ok 181 - quiet clock projection grows drift uncertainty and retains it after sample expiry
  ---
  duration_ms: 0.092875
  ...
# Subtest: drift during an asymmetric clock exchange remains inside the reported interval
ok 182 - drift during an asymmetric clock exchange remains inside the reported interval
  ---
  duration_ms: 0.076584
  ...
# Subtest: a prepared clock reply cannot consume the live nonce until its whole aggregate is adopted
ok 183 - a prepared clock reply cannot consume the live nonce until its whole aggregate is adopted
  ---
  duration_ms: 0.124292
  ...
# Subtest: finalized-round cancellation preserves wire identities and does not consume the next UI revision
ok 184 - finalized-round cancellation preserves wire identities and does not consume the next UI revision
  ---
  duration_ms: 0.138292
  ...
# Subtest: round reset preserves the initial and exhausted UI revision values
ok 185 - round reset preserves the initial and exhausted UI revision values
  ---
  duration_ms: 0.082958
  ...
# Subtest: interpolation supplies only earlier discrete world geometry and the actual partial rider trail
ok 186 - interpolation supplies only earlier discrete world geometry and the actual partial rider trail
  ---
  duration_ms: 14.970083
  ...
# Subtest: phase, portal and death discontinuities never expose a future pose or invent a trail chord
ok 187 - phase, portal and death discontinuities never expose a future pose or invent a trail chord
  ---
  duration_ms: 1.007125
  ...
# Subtest: adaptive delay is bounded, grows on late executable input and cannot move playback backward
ok 188 - adaptive delay is bounded, grows on late executable input and cannot move playback backward
  ---
  duration_ms: 1.103209
  ...
# Subtest: quiet traffic retains adverse evidence; only fresh action samples reduce delay, with bounded retention
ok 189 - quiet traffic retains adverse evidence; only fresh action samples reduce delay, with bounded retention
  ---
  duration_ms: 2.008291
  ...
# Subtest: replacement history corrects the same previously presented tick; a new segment starts clean
ok 190 - replacement history corrects the same previously presented tick; a new segment starts clean
  ---
  duration_ms: 1.542917
  ...
# Subtest: shell interpolation rejects multiple bounces even when the final velocity matches the initial velocity
ok 191 - shell interpolation rejects multiple bounces even when the final velocity matches the initial velocity
  ---
  duration_ms: 0.859209
  ...
# Subtest: initial room preparation accepts tick-stamped snapshots and rejects unknown snapshot fields
ok 192 - initial room preparation accepts tick-stamped snapshots and rejects unknown snapshot fields
  ---
  duration_ms: 40.365792
  ...
# Subtest: lifecycle changes reproduce validated management operations with neutral input state
ok 193 - lifecycle changes reproduce validated management operations with neutral input state
  ---
  duration_ms: 38.038125
  ...
# Subtest: lifecycle checkpoint validation fences the actual old state and leaves healthy state untouched
ok 194 - lifecycle checkpoint validation fences the actual old state and leaves healthy state untouched
  ---
  duration_ms: 9.432375
  ...
# Subtest: controller status contains no world geometry and cannot change stream ownership
ok 195 - controller status contains no world geometry and cannot change stream ownership
  ---
  duration_ms: 57.492417
  ...
# Subtest: room catalogs and delegation validate identities and mode-specific simulator ownership
ok 196 - room catalogs and delegation validate identities and mode-specific simulator ownership
  ---
  duration_ms: 1.5455
  ...
# Subtest: played lobby catalog reconstructs the exact nonzero-tick checkpoint and ordered historical scores
ok 197 - played lobby catalog reconstructs the exact nonzero-tick checkpoint and ordered historical scores
  ---
  duration_ms: 2.809917
  ...
# Subtest: full-view preparation rejects a valid checkpoint paired with a different phase, round or status
ok 198 - full-view preparation rejects a valid checkpoint paired with a different phase, round or status
  ---
  duration_ms: 32.600541
  ...
# Subtest: serialized reuse references and ACKs enforce closed tuples, bounds and non-tick operations
ok 199 - serialized reuse references and ACKs enforce closed tuples, bounds and non-tick operations
  ---
  duration_ms: 49.1135
  ...
# Subtest: local reuse and checkpoint derivation produce identical bytes and reject altered base or output proofs atomically
ok 200 - local reuse and checkpoint derivation produce identical bytes and reject altered base or output proofs atomically
  ---
  duration_ms: 75.2095
  ...
# Subtest: reuse eligibility retains the original authority and source/local connections across roster changes
ok 201 - reuse eligibility retains the original authority and source/local connections across roster changes
  ---
  duration_ms: 0.575666
  ...
# Subtest: a reference cannot bypass a newer finalized fence on fallback
ok 202 - a reference cannot bypass a newer finalized fence on fallback
  ---
  duration_ms: 31.193333
  ...
# Subtest: reference admission counts MessagePack containers and the largest complete recipient envelope
ok 203 - reference admission counts MessagePack containers and the largest complete recipient envelope
  ---
  duration_ms: 35.103209
  ...
# Subtest: pending powerup settings derive identically from the authenticated plan on reuse and checkpoint fallback
ok 204 - pending powerup settings derive identically from the authenticated plan on reuse and checkpoint fallback
  ---
  duration_ms: 19.497916
  ...
# Subtest: runtime activates direct simulators, starts a match and sends actions directly between guests
ok 205 - runtime activates direct simulators, starts a match and sends actions directly between guests
  ---
  duration_ms: 686.684167
  ...
# Subtest: a failed first recovery enqueue is retried and replaces the paused segment
ok 206 - a failed first recovery enqueue is retried and replaces the paused segment
  ---
  duration_ms: 196.772417
  ...
# Subtest: an unavailable recovery coordinator produces a bounded visible fresh-lobby state
ok 207 - an unavailable recovery coordinator produces a bounded visible fresh-lobby state
  ---
  duration_ms: 189.540916
  ...
# Subtest: a release without a usable tick freezes its gesture before a fresh clock can resume input
ok 208 - a release without a usable tick freezes its gesture before a fresh clock can resume input
  ---
  duration_ms: 628.863125
  ...
# Subtest: a refreshed delegated TV without a simulation base pauses instead of creating a new match
ok 209 - a refreshed delegated TV without a simulation base pauses instead of creating a new match
  ---
  duration_ms: 48.140958
  ...
# Subtest: creator refresh in a settled lobby preserves the checkpoint and can switch to shared TV mode
ok 210 - creator refresh in a settled lobby preserves the checkpoint and can switch to shared TV mode
  ---
  duration_ms: 257.791625
  ...
# Subtest: a refreshed guest can rejoin with a fresh command sequence on its replacement connection
ok 211 - a refreshed guest can rejoin with a fresh command sequence on its replacement connection
  ---
  duration_ms: 84.18525
  ...
# Subtest: four healthy connection rebuilds do not consume the corrupt-state recovery budget
ok 212 - four healthy connection rebuilds do not consume the corrupt-state recovery budget
  ---
  duration_ms: 252.875583
  ...
# Subtest: a running recovery episode cannot reset its deadline through clock readiness without finality
ok 213 - a running recovery episode cannot reset its deadline through clock readiness without finality
  ---
  duration_ms: 515.207709
  ...
# Subtest: a delegated coordinator stops retrying an unavailable creator after the plan-request deadline
ok 214 - a delegated coordinator stops retrying an unavailable creator after the plan-request deadline
  ---
  duration_ms: 70.031958
  ...
# Subtest: a delayed current-alias activation cannot resume a latched recovery timeout
ok 215 - a delayed current-alias activation cannot resume a latched recovery timeout
  ---
  duration_ms: 370.293625
  ...
# Subtest: a guest returns after a service-observed departure and lobby seat removal
ok 216 - a guest returns after a service-observed departure and lobby seat removal
  ---
  duration_ms: 85.346625
  ...
# Subtest: invalid future actions do not consume the checkpoint and hash recovery budget
ok 217 - invalid future actions do not consume the checkpoint and hash recovery budget
  ---
  duration_ms: 155.092375
  ...
# Subtest: conflicting metadata for an installed preparation charges one corrupt recovery attempt
ok 218 - conflicting metadata for an installed preparation charges one corrupt recovery attempt
  ---
  duration_ms: 71.875542
  ...
# Subtest: checkpoint backpressure pauses preparation and resumes the same transfer after drain
ok 219 - checkpoint backpressure pauses preparation and resumes the same transfer after drain
  ---
  duration_ms: 70.267125
  ...
# Subtest: header and header-ACK enqueue failures retry delivery without substituting for readiness
ok 220 - header and header-ACK enqueue failures retry delivery without substituting for readiness
  ---
  duration_ms: 80.175042
  ...
# Subtest: header retries distinguish failed enqueue from a queued header awaiting acknowledgement
ok 221 - header retries distinguish failed enqueue from a queued header awaiting acknowledgement
  ---
  duration_ms: 79.285667
  ...
# Subtest: stale or malformed header acknowledgements cannot stop preparation delivery
ok 222 - stale or malformed header acknowledgements cannot stop preparation delivery
  ---
  duration_ms: 51.485875
  ...
# Subtest: checkpoint chunks alternate eligible recipients with one successful enqueue per scheduler tick
ok 223 - checkpoint chunks alternate eligible recipients with one successful enqueue per scheduler tick
  ---
  duration_ms: 52.320125
  ...
# Subtest: synchronous authority replacement during a chunk send retires the old transfer immediately
ok 224 - synchronous authority replacement during a chunk send retires the old transfer immediately
  ---
  duration_ms: 38.422583
  ...
# Subtest: synchronous end during a header send stops other recipient sends in the same tick
ok 225 - synchronous end during a header send stops other recipient sends in the same tick
  ---
  duration_ms: 39.333916
  ...
# Subtest: persistent checkpoint backpressure cannot extend the recovery deadline indefinitely
ok 226 - persistent checkpoint backpressure cannot extend the recovery deadline indefinitely
  ---
  duration_ms: 268.608209
  ...
# Subtest: new creator plans cannot postpone an unfinished guest recovery episode indefinitely
ok 227 - new creator plans cannot postpone an unfinished guest recovery episode indefinitely
  ---
  duration_ms: 263.235875
  ...
# Subtest: an accepted plan without a preparation header times out visibly
ok 228 - an accepted plan without a preparation header times out visibly
  ---
  duration_ms: 261.210084
  ...
# Subtest: new plans without any headers cannot restart the guest availability deadline
ok 229 - new plans without any headers cannot restart the guest availability deadline
  ---
  duration_ms: 259.120416
  ...
# Subtest: settled room metadata stops repeating until a lifecycle change
ok 230 - settled room metadata stops repeating until a lifecycle change
  ---
  duration_ms: 95.152542
  ...
# Subtest: a rejected plan enqueue and missing acknowledgement retry without reinstalling the plan
ok 231 - a rejected plan enqueue and missing acknowledgement retry without reinstalling the plan
  ---
  duration_ms: 79.129708
  ...
# Subtest: stale and foreign acknowledgements cannot stop paced plan delivery, even with duplicate hellos
ok 232 - stale and foreign acknowledgements cannot stop paced plan delivery, even with duplicate hellos
  ---
  duration_ms: 63.179292
  ...
# Subtest: only an identical current plan duplicate receives another delivery acknowledgement
ok 233 - only an identical current plan duplicate receives another delivery acknowledgement
  ---
  duration_ms: 63.159958
  ...
# Subtest: delegated setup request retries do not resend an already acknowledged room plan
ok 234 - delegated setup request retries do not resend an already acknowledged room plan
  ---
  duration_ms: 39.150542
  ...
# Subtest: an intentionally idle shared lobby does not keep a previous simulation recovery deadline running
ok 235 - an intentionally idle shared lobby does not keep a previous simulation recovery deadline running
  ---
  duration_ms: 286.242041
  ...
# Subtest: freezing a runtime deactivates its installed alias before another preparation
ok 236 - freezing a runtime deactivates its installed alias before another preparation
  ---
  duration_ms: 66.02525
  ...
# Subtest: exact lifecycle bases activate without checkpoint chunks even when the bulk lane is blocked
ok 237 - exact lifecycle bases activate without checkpoint chunks even when the bulk lane is blocked
  ---
  duration_ms: 119.487375
  ...
# Subtest: only a peer without an eligible base downloads the lifecycle payload
ok 238 - only a peer without an eligible base downloads the lifecycle payload
  ---
  duration_ms: 118.256667
  ...
# Subtest: a conflicting payload ACK fails the current preparation without accepting a new transfer mode
ok 239 - a conflicting payload ACK fails the current preparation without accepting a new transfer mode
  ---
  duration_ms: 46.354083
  ...
# Subtest: delayed remote rendering preserves immediate local steering without advancing simulation or sending packets
ok 240 - delayed remote rendering preserves immediate local steering without advancing simulation or sending packets
  ---
  duration_ms: 118.245208
  ...
# Subtest: an unqualified clock freezes the complete last rendered scene including the local overlay
ok 241 - an unqualified clock freezes the complete last rendered scene including the local overlay
  ---
  duration_ms: 156.901375
  ...
# Subtest: discarding the simulator retires cached rendering and idle catalogs stay current before TV activation
ok 242 - discarding the simulator retires cached rendering and idle catalogs stay current before TV activation
  ---
  duration_ms: 234.063666
  ...
# Subtest: individual views and shared-TV controllers play consecutive rounds in one segment without checkpoint traffic
ok 243 - individual views and shared-TV controllers play consecutive rounds in one segment without checkpoint traffic
  ---
  duration_ms: 1855.588458
  ...
# Subtest: shared-controller statuses retain departed human and exact bot identities across rounds
ok 244 - shared-controller statuses retain departed human and exact bot identities across rounds
  ---
  duration_ms: 473.757541
  ...
# Subtest: only the installed coordinator pause freezes play while a delayed replacement plan arrives
ok 245 - only the installed coordinator pause freezes play while a delayed replacement plan arrives
  ---
  duration_ms: 168.416625
  ...
# Subtest: duplicate coordinator pauses cannot postpone the missing-plan recovery deadline
ok 246 - duplicate coordinator pauses cannot postpone the missing-plan recovery deadline
  ---
  duration_ms: 171.686167
  ...
# Subtest: a paused controller keeps its published scene despite queued old-segment status
ok 247 - a paused controller keeps its published scene despite queued old-segment status
  ---
  duration_ms: 77.582208
  ...
# Subtest: six live segments independently advance and finalize continuous inputs under loss and reordering
ok 248 - six live segments independently advance and finalize continuous inputs under loss and reordering
  ---
  duration_ms: 3313.014667
  ...
# Subtest: shared TV is the only simulator while five controller origins send directly to it
ok 249 - shared TV is the only simulator while five controller origins send directly to it
  ---
  duration_ms: 75.647625
  ...
# Subtest: coordinator traffic is unnecessary for immediate peer actions, then clock/finality loss pauses safely
ok 250 - coordinator traffic is unnecessary for immediate peer actions, then clock/finality loss pauses safely
  ---
  duration_ms: 268.007459
  ...
# Subtest: provisional eliminations cannot publish death or placements before verified finality
ok 251 - provisional eliminations cannot publish death or placements before verified finality
  ---
  duration_ms: 3.999875
  ...
# Subtest: controller finality is coordinator-scoped and conflicting progress cannot overwrite the accepted fence
ok 252 - controller finality is coordinator-scoped and conflicting progress cannot overwrite the accepted fence
  ---
  duration_ms: 8.610875
  ...
# Subtest: asymmetric clock samples and opposite follower errors retain valid future actions without executing early
ok 253 - asymmetric clock samples and opposite follower errors retain valid future actions without executing early
  ---
  duration_ms: 560.291916
  ...
# Subtest: initial progress grace is bounded and replayed base cuts cannot postpone it
ok 254 - initial progress grace is bounded and replayed base cuts cannot postpone it
  ---
  duration_ms: 154.183166
  ...
# Subtest: replayed progress cannot prevent bounded synchronization when an origin falls silent
ok 255 - replayed progress cannot prevent bounded synchronization when an origin falls silent
  ---
  duration_ms: 264.992291
  ...
# Subtest: uncertain clocks stop input, cuts and world advancement, and a failed release never revives
ok 256 - uncertain clocks stop input, cuts and world advancement, and a failed release never revives
  ---
  duration_ms: 4.107292
  ...
# Subtest: quiet gameplay has one heartbeat exchange per pair per second and no idle action or clock loop
ok 257 - quiet gameplay has one heartbeat exchange per pair per second and no idle action or clock loop
  ---
  duration_ms: 4889.178333
  ...
# {"durationMs":10000,"counts":{"pulse":300,"final":50},"applicationUploadBytesPerSecond":[{"peer":"p0","bytes":611},{"peer":"p1","bytes":101},{"peer":"p2","bytes":101},{"peer":"p3","bytes":101},{"peer":"p4","bytes":101},{"peer":"tv","bytes":79}]}
# Subtest: a heartbeat with an unauthorized nested receipt cannot install its otherwise valid cut
ok 258 - a heartbeat with an unauthorized nested receipt cannot install its otherwise valid cut
  ---
  duration_ms: 24.747084
  ...
# Subtest: newer or duplicate confirmation requests cannot postpone failed delivery expiry
ok 259 - newer or duplicate confirmation requests cannot postpone failed delivery expiry
  ---
  duration_ms: 0.492916
  ...
# Subtest: a reordered old piggyback receipt does not discard a fresh clock sample
ok 260 - a reordered old piggyback receipt does not discard a fresh clock sample
  ---
  duration_ms: 0.305042
  ...
# Subtest: countdown transition is publicly confirmed promptly between periodic certificate ticks
ok 261 - countdown transition is publicly confirmed promptly between periodic certificate ticks
  ---
  duration_ms: 32.500792
  ...
# Subtest: an enqueued but lost certificate pulse cannot cancel reliable finality retry
ok 262 - an enqueued but lost certificate pulse cannot cancel reliable finality retry
  ---
  duration_ms: 11.57025
  ...
# Subtest: presentation samples newly executable remote actions once, including a repaired sequence gap
ok 263 - presentation samples newly executable remote actions once, including a repaired sequence gap
  ---
  duration_ms: 25.437834
  ...
# Subtest: speculative next-round spawning cannot replace the finalized presentation scene
ok 264 - speculative next-round spawning cannot replace the finalized presentation scene
  ---
  duration_ms: 2.237583
  ...
# Subtest: a participant behind coordinator finality can request fresh completeness from already-finalized origins
ok 265 - a participant behind coordinator finality can request fresh completeness from already-finalized origins
  ---
  duration_ms: 233.155209
  ...
# Subtest: losing one quiet heartbeat path does not strand a view behind finality while direct progress repair remains available
ok 266 - losing one quiet heartbeat path does not strand a view behind finality while direct progress repair remains available
  ---
  duration_ms: 1998.58575
  ...
# Subtest: simultaneous behind-peer requests share one origin-confirmation fanout and reject wrong scopes
ok 267 - simultaneous behind-peer requests share one origin-confirmation fanout and reject wrong scopes
  ---
  duration_ms: 176.240584
  ...
# Subtest: fresh finality retains urgent delivery while duplicate repairs and failed enqueues wait 250 ms
ok 268 - fresh finality retains urgent delivery while duplicate repairs and failed enqueues wait 250 ms
  ---
  duration_ms: 4.041334
  ...
# Subtest: integrated sway remains within 15 degrees and leaves zero heading drift for many seeded effects
ok 269 - integrated sway remains within 15 degrees and leaves zero heading drift for many seeded effects
  ---
  duration_ms: 35.824708
  ...
# Subtest: two-second cycle preserves phase during refresh and smooth onset/expiry
ok 270 - two-second cycle preserves phase during refresh and smooth onset/expiry
  ---
  duration_ms: 0.14675
  ...
# Subtest: engine adds bounded sway to ordinary steering and restores intended heading at expiry
ok 271 - engine adds bounded sway to ordinary steering and restores intended heading at expiry
  ---
  duration_ms: 28.163209
  ...
# Subtest: late refresh stays bounded and leaves no residual at the extended deadline
ok 272 - late refresh stays bounded and leaves no residual at the extended deadline
  ---
  duration_ms: 0.146417
  ...
# Subtest: durationText rounds whole seconds before splitting minutes so 59.95s never renders as "60s"
ok 273 - durationText rounds whole seconds before splitting minutes so 59.95s never renders as "60s"
  ---
  duration_ms: 0.422
  ...
# Subtest: spawns two through five players evenly on a circle with clockwise tangent headings
ok 274 - spawns two through five players evenly on a circle with clockwise tangent headings
  ---
  duration_ms: 3.290417
  ...
# Subtest: replaying the same accepted inputs produces the same snapshots and events
ok 275 - replaying the same accepted inputs produces the same snapshots and events
  ---
  duration_ms: 147.206334
  ...
# Subtest: trail segments remain active through T+159 and expire exactly at T+160
ok 276 - trail segments remain active through T+159 and expire exactly at T+160
  ---
  duration_ms: 0.567417
  ...
# Subtest: a due blast removes an intersecting segment before trail collision
ok 277 - a due blast removes an intersecting segment before trail collision
  ---
  duration_ms: 0.567666
  ...
# Subtest: swept movement collides with an old trail even when the endpoint has crossed it
ok 278 - swept movement collides with an old trail even when the endpoint has crossed it
  ---
  duration_ms: 0.439416
  ...
# Subtest: recent self trail is ignored but becomes lethal at the exact grace boundary
ok 279 - recent self trail is ignored but becomes lethal at the exact grace boundary
  ---
  duration_ms: 0.734875
  ...
# Subtest: head-on swept rider collision eliminates both and produces a draw
ok 280 - head-on swept rider collision eliminates both and produces a draw
  ---
  duration_ms: 0.472625
  ...
# Subtest: bomb input charges, launches on release, caps one live bomb, chains once, and observes cooldown
ok 281 - bomb input charges, launches on release, caps one live bomb, chains once, and observes cooldown
  ---
  duration_ms: 0.832209
  ...
# Subtest: quick bomb action bursts launch at minimum range and cancel paths never launch
ok 282 - quick bomb action bursts launch at minimum range and cancel paths never launch
  ---
  duration_ms: 0.67025
  ...
# Subtest: charged launches cap and clamp to the active safe interior
ok 283 - charged launches cap and clamp to the active safe interior
  ---
  duration_ms: 0.432417
  ...
# Subtest: a flying bomb cannot explode or chain-trigger before landing
ok 284 - a flying bomb cannot explode or chain-trigger before landing
  ---
  duration_ms: 0.4515
  ...
# Subtest: Triple Shot releases one deterministic straight three-bomb volley
ok 285 - Triple Shot releases one deterministic straight three-bomb volley
  ---
  duration_ms: 0.744667
  ...
# Subtest: invalid release and cancellation preserve launch modifiers
ok 286 - invalid release and cancellation preserve launch modifiers
  ---
  duration_ms: 10.604417
  ...
# Subtest: round wins score once, first to three ends the match, and rematch resets wins and scope
ok 287 - round wins score once, first to three ends the match, and rematch resets wins and scope
  ---
  duration_ms: 3.536041
  ...
# Subtest: overtime inset updates before collision and a 90-second unresolved round draws
ok 288 - overtime inset updates before collision and a 90-second unresolved round draws
  ---
  duration_ms: 0.78225
  ...
# Subtest: lifecycle commands enforce phase, capacity, identity, and connected-player guards
ok 289 - lifecycle commands enforce phase, capacity, identity, and connected-player guards
  ---
  duration_ms: 0.432375
  ...
# Subtest: wall and explosion causes are authoritative, clipped, and blast visuals expire exactly
ok 290 - wall and explosion causes are authoritative, clipped, and blast visuals expire exactly
  ---
  duration_ms: 0.827125
  ...
# Subtest: a finished match can replace every seat and start a clean rematch without restarting the server
ok 291 - a finished match can replace every seat and start a clean rematch without restarting the server
  ---
  duration_ms: 0.411333
  ...
# Subtest: the larger arena and seeded pickup schedule replay deterministically
ok 292 - the larger arena and seeded pickup schedule replay deterministically
  ---
  duration_ms: 0.683666
  ...
# Subtest: blast pickups cap at level two and affect bombs placed on the collection tick
ok 293 - blast pickups cap at level two and affect bombs placed on the collection tick
  ---
  duration_ms: 0.453542
  ...
# Subtest: a star collected on the swept path rescues and reflects a wall hit, then expires sharply
ok 294 - a star collected on the swept path rescues and reflects a wall hit, then expires sharply
  ---
  duration_ms: 0.497833
  ...
# Subtest: star head contact kills only a normal rider while two stars pass through
ok 295 - star head contact kills only a normal rider while two stars pass through
  ---
  duration_ms: 0.692125
  ...
# Subtest: pickup expiry, active cap, and impossible safe interior stay bounded
ok 296 - pickup expiry, active cap, and impossible safe interior stay bounded
  ---
  duration_ms: 0.43375
  ...
# Subtest: beer pickup debuffs every other living rider, refreshes, and keeps the collector unchanged
ok 297 - beer pickup debuffs every other living rider, refreshes, and keeps the collector unchanged
  ---
  duration_ms: 2.454541
  ...
# Subtest: drunk wobble expires at the strict tick boundary and resets between rounds
ok 298 - drunk wobble expires at the strict tick boundary and resets between rounds
  ---
  duration_ms: 7.658334
  ...
# Subtest: modifier pickups arm one use, refresh without stacking, and reset between rounds
ok 299 - modifier pickups arm one use, refresh without stacking, and reset between rounds
  ---
  duration_ms: 5.113958
  ...
# Subtest: orbit shields absorb a whole clustered hazard tick and grace protects until strict expiry
ok 300 - orbit shields absorb a whole clustered hazard tick and grace protects until strict expiry
  ---
  duration_ms: 4.659
  ...
# Subtest: two shields both break on contact while Star preserves its stored shield
ok 301 - two shields both break on contact while Star preserves its stored shield
  ---
  duration_ms: 5.720375
  ...
# Subtest: shield break reflects an outward wall sweep and records the bounce
ok 302 - shield break reflects an outward wall sweep and records the bounce
  ---
  duration_ms: 1.768125
  ...
# Subtest: countdown leave is stamped, scored once, and a later join receives no prior-round award
ok 303 - countdown leave is stamped, scored once, and a later join receives no prior-round award
  ---
  duration_ms: 0.500667
  ...
# Subtest: overlapping blast owners receive no speculative elimination credit
ok 304 - overlapping blast owners receive no speculative elimination credit
  ---
  duration_ms: 2.699083
  ...
# Subtest: match-over recap is frozen and deeply detached from engine state
ok 305 - match-over recap is frozen and deeply detached from engine state
  ---
  duration_ms: 0.58025
  ...
# Subtest: Five Shot survives Triple collection and cancellation, then launches five with one cooldown
ok 306 - Five Shot survives Triple collection and cancellation, then launches five with one cooldown
  ---
  duration_ms: 0.685542
  ...
# Subtest: radial blast hits diagonal riders, clears diagonal trails and chains diagonal bombs
ok 307 - radial blast hits diagonal riders, clears diagonal trails and chains diagonal bombs
  ---
  duration_ms: 2.190167
  ...
# Subtest: bomb landing hits a rider before detonation, respecting star and shield
ok 308 - bomb landing hits a rider before detonation, respecting star and shield
  ---
  duration_ms: 2.025583
  ...
# Subtest: a bomb landing inside an active blast chains immediately
ok 309 - a bomb landing inside an active blast chains immediately
  ---
  duration_ms: 0.51825
  ...
# Subtest: blast preview is harmless before the fuse, both in flight and after landing
ok 310 - blast preview is harmless before the fuse, both in flight and after landing
  ---
  duration_ms: 3.022708
  ...
# Subtest: bomb skips riders along flight and only snipes at its landing position
ok 311 - bomb skips riders along flight and only snipes at its landing position
  ---
  duration_ms: 6.723333
  ...
# Subtest: landing step never uses blast radius for contact damage
ok 312 - landing step never uses blast radius for contact damage
  ---
  duration_ms: 1.766417
  ...
# Subtest: shell persists beyond five seconds and permits another shot after cooldown
ok 313 - shell persists beyond five seconds and permits another shot after cooldown
  ---
  duration_ms: 1.082709
  ...
# Subtest: shell body hits once, shield absorbs it, and no blast radius is produced
ok 314 - shell body hits once, shield absorbs it, and no blast radius is produced
  ---
  duration_ms: 0.953833
  ...
# Subtest: Gun pickup fires one bullet at twice rider speed and cuts a traversable trail gap
ok 315 - Gun pickup fires one bullet at twice rider speed and cuts a traversable trail gap
  ---
  duration_ms: 1.960917
  ...
# Subtest: gun head and wall impacts explode
ok 316 - gun head and wall impacts explode
  ---
  duration_ms: 1.00775
  ...
# Subtest: stopwatch caps at two levels, changes only future own bombs and resets next round
ok 317 - stopwatch caps at two levels, changes only future own bombs and resets next round
  ---
  duration_ms: 5.540542
  ...
# Subtest: first stopwatch level produces a one-and-a-half second fuse
ok 318 - first stopwatch level produces a one-and-a-half second fuse
  ---
  duration_ms: 1.658208
  ...
# Subtest: live shell bounces off a rider trail without damage or resetting its lifetime
ok 319 - live shell bounces off a rider trail without damage or resetting its lifetime
  ---
  duration_ms: 0.593375
  ...
# Subtest: gun explodes against the trail directly behind a rider and kills the rider
ok 320 - gun explodes against the trail directly behind a rider and kills the rider
  ---
  duration_ms: 0.505917
  ...
# Subtest: a blast clears trails whether it came from a landed bomb or a gun projectile hitting a rider
ok 321 - a blast clears trails whether it came from a landed bomb or a gun projectile hitting a rider
  ---
  duration_ms: 12.066459
  ...
# Subtest: a fixed-rounds match ends on the standings leader even when another rider wins the final round
ok 322 - a fixed-rounds match ends on the standings leader even when another rider wins the final round
  ---
  duration_ms: 7.464333
  ...
# Subtest: a drawn final round still awards the fixed-rounds match to the standings leader
ok 323 - a drawn final round still awards the fixed-rounds match to the standings leader
  ---
  duration_ms: 0.843166
  ...
# Subtest: a fixed-rounds leader who also wins the final round is credited exactly once
ok 324 - a fixed-rounds leader who also wins the final round is credited exactly once
  ---
  duration_ms: 0.698666
  ...
# Subtest: a fixed-rounds match tied at the final round ends without a match winner
ok 325 - a fixed-rounds match tied at the final round ends without a match winner
  ---
  duration_ms: 0.699125
  ...
# Subtest: gun speed is twice rider speed with a bounded nearby steering correction
ok 326 - gun speed is twice rider speed with a bounded nearby steering correction
  ---
  duration_ms: 1.172375
  ...
# Subtest: gun holes split trails precisely, keeping expiry metadata and distant trails
ok 327 - gun holes split trails precisely, keeping expiry metadata and distant trails
  ---
  duration_ms: 0.151875
  ...
# Subtest: defaults carry two STUN providers and no TURN
ok 328 - defaults carry two STUN providers and no TURN
  ---
  duration_ms: 0.751542
  ...
# Subtest: service ICE lists are validated at the client boundary and fall back to defaults
ok 329 - service ICE lists are validated at the client boundary and fall back to defaults
  ---
  duration_ms: 0.243958
  ...
# Subtest: peer connections wait for the ICE fetch instead of negotiating with the initial list (issue \#27)
ok 330 - peer connections wait for the ICE fetch instead of negotiating with the initial list (issue \#27)
  ---
  duration_ms: 0.266625
  ...
# Subtest: a failed ICE fetch yields the STUN defaults, never an empty list
ok 331 - a failed ICE fetch yields the STUN defaults, never an empty list
  ---
  duration_ms: 0.185375
  ...
# Subtest: a hung ICE fetch falls back to the STUN defaults when the abort bound fires, even if the fetch ignores the signal
ok 332 - a hung ICE fetch falls back to the STUN defaults when the abort bound fires, even if the fetch ignores the signal
  ---
  duration_ms: 0.163125
  ...
# Subtest: candidate types are read from the candidate line without keeping addresses
ok 333 - candidate types are read from the candidate line without keeping addresses
  ---
  duration_ms: 0.715875
  ...
# Subtest: ufrag and fingerprint readers tolerate missing lines
ok 334 - ufrag and fingerprint readers tolerate missing lines
  ---
  duration_ms: 0.564792
  ...
# Subtest: restart offers keep the DTLS certificate; a recreated connection does not
ok 335 - restart offers keep the DTLS certificate; a recreated connection does not
  ---
  duration_ms: 0.06825
  ...
# Subtest: candidates are scoped to the ICE generation named by their ufrag
ok 336 - candidates are scoped to the ICE generation named by their ufrag
  ---
  duration_ms: 0.113125
  ...
# Subtest: Ink affects only other living riders, refreshes three seconds and snapshots without changing steering
ok 337 - Ink affects only other living riders, refreshes three seconds and snapshots without changing steering
  ---
  duration_ms: 41.12425
  ...
# Subtest: Ink clears at the next round
ok 338 - Ink clears at the next round
  ---
  duration_ms: 1.109167
  ...
# Subtest: join survives authority setup and failed delivery until roster confirmation
ok 339 - join survives authority setup and failed delivery until roster confirmation
  ---
  duration_ms: 0.788458
  ...
# Subtest: lost baseline retries identical full envelope on bounded clock, not dependent deltas
ok 340 - lost baseline retries identical full envelope on bounded clock, not dependent deltas
  ---
  duration_ms: 1.249542
  ...
# Subtest: lost ACK can acknowledge exact previously accepted duplicate without applying it twice
ok 341 - lost ACK can acknowledge exact previously accepted duplicate without applying it twice
  ---
  duration_ms: 0.480291
  ...
# Subtest: old generation stream sequence match and round ACKs cannot retire current baseline
ok 342 - old generation stream sequence match and round ACKs cannot retire current baseline
  ---
  duration_ms: 0.13
  ...
# Subtest: five-second expiry bounds retained baseline and repeated poll/resync cannot flood retries
ok 343 - five-second expiry bounds retained baseline and repeated poll/resync cannot flood retries
  ---
  duration_ms: 0.287667
  ...
# Subtest: baseline is accepted before any dependent delta; ACK loss does not corrupt next decode
ok 344 - baseline is accepted before any dependent delta; ACK loss does not corrupt next decode
  ---
  duration_ms: 0.219959
  ...
# Subtest: creates a deterministic straight triple fan with seven points per bomb
ok 345 - creates a deterministic straight triple fan with seven points per bomb
  ---
  duration_ms: 3.177875
  ...
# Subtest: all fan paths clamp to safe bounds
ok 346 - all fan paths clamp to safe bounds
  ---
  duration_ms: 0.158916
  ...
# Subtest: rejects invalid geometry
ok 347 - rejects invalid geometry
  ---
  duration_ms: 0.178458
  ...
# Subtest: awards five-player placement points
ok 348 - awards five-player placement points
  ---
  duration_ms: 0.907084
  ...
# Subtest: two participants use winner five and runner-up three
ok 349 - two participants use winner five and runner-up three
  ---
  duration_ms: 0.085875
  ...
# Subtest: averages simultaneous elimination places exactly
ok 350 - averages simultaneous elimination places exactly
  ---
  duration_ms: 0.469958
  ...
# Subtest: does not mutate participants and rejects invalid groups
ok 351 - does not mutate participants and rejects invalid groups
  ---
  duration_ms: 0.456333
  ...
# Subtest: survivors share the top occupied ranks at timeout and points remain conserved
ok 352 - survivors share the top occupied ranks at timeout and points remain conserved
  ---
  duration_ms: 0.136
  ...
# Subtest: score application validates the complete result before mutating totals
ok 353 - score application validates the complete result before mutating totals
  ---
  duration_ms: 0.178417
  ...
# Subtest: accumulates repeated matches and preserves departures
ok 354 - accumulates repeated matches and preserves departures
  ---
  duration_ms: 0.170958
  ...
# Subtest: returns copies in score order with deterministic tie break
ok 355 - returns copies in score order with deterministic tie break
  ---
  duration_ms: 7.613542
  ...
# Subtest: legendSrc routes pickup legend icons through assetUrl so they work under a Pages base path
ok 356 - legendSrc routes pickup legend icons through assetUrl so they work under a Pages base path
  ---
  duration_ms: 0.468375
  ...
# Subtest: queued retired-channel pongs cannot certify a new RTC link whose probe IDs restarted
ok 357 - queued retired-channel pongs cannot certify a new RTC link whose probe IDs restarted
  ---
  duration_ms: 0.604875
  ...
# Subtest: a replaced channel on the same live link cannot update state or expose stale errors
ok 358 - a replaced channel on the same live link cannot update state or expose stale errors
  ---
  duration_ms: 0.073292
  ...
# Subtest: retired peer callbacks cannot replace the current data channel even with identical service identity
ok 359 - retired peer callbacks cannot replace the current data channel even with identical service identity
  ---
  duration_ms: 0.06475
  ...
# Subtest: pulse proof is scoped to the captured active binding and two live undrained channels
ok 360 - pulse proof is scoped to the captured active binding and two live undrained channels
  ---
  duration_ms: 0.117334
  ...
# Subtest: the reason names the first missing step in the direct-link pipeline
ok 361 - the reason names the first missing step in the direct-link pipeline
  ---
  duration_ms: 0.84525
  ...
# Subtest: the panel text is redacted and complete
ok 362 - the panel text is redacted and complete
  ---
  duration_ms: 0.401917
  ...
# Subtest: restarts are due every interval and stop after the bounded budget
ok 363 - restarts are due every interval and stop after the bounded budget
  ---
  duration_ms: 0.455875
  ...
# Subtest: fresh health restores the budget and retires the attempt in flight
ok 364 - fresh health restores the budget and retires the attempt in flight
  ---
  duration_ms: 0.078208
  ...
# Subtest: idle health checks every 200 ms do not retire anything
ok 365 - idle health checks every 200 ms do not retire anything
  ---
  duration_ms: 0.058459
  ...
# Subtest: only the newest attempt can complete
ok 366 - only the newest attempt can complete
  ---
  duration_ms: 0.048708
  ...
# Subtest: aggregate transfer budget counts other peers, both lanes and the encoded envelope while reserving control headroom
ok 367 - aggregate transfer budget counts other peers, both lanes and the encoded envelope while reserving control headroom
  ---
  duration_ms: 3.040417
  ...
# Subtest: deferred fast health replies recheck visibility and both lanes without depending on reliable backlog
ok 368 - deferred fast health replies recheck visibility and both lanes without depending on reliable backlog
  ---
  duration_ms: 0.161334
  ...
# Subtest: healthy open channel under the buffer limit is permitted for gameplay and probes
ok 369 - healthy open channel under the buffer limit is permitted for gameplay and probes
  ---
  duration_ms: 0.071417
  ...
# Subtest: a closing signal recorded before the DOM readyState changes blocks gameplay and probe sends
ok 370 - a closing signal recorded before the DOM readyState changes blocks gameplay and probe sends
  ---
  duration_ms: 0.052292
  ...
# Subtest: bulk transfer idle permission requires an open, fully drained, undrained action channel
ok 371 - bulk transfer idle permission requires an open, fully drained, undrained action channel
  ---
  duration_ms: 0.124708
  ...
# Subtest: solo starts one human and four AI without browser services, ready only on start
ok 372 - solo starts one human and four AI without browser services, ready only on start
  ---
  duration_ms: 9.074292
  ...
# Subtest: fixed ticks publish the ordinary game and matching zero-RTT motion clock
ok 373 - fixed ticks publish the ordinary game and matching zero-RTT motion clock
  ---
  duration_ms: 78.152166
  ...
# Subtest: visibility suspension clears held controls and old scope, with no hidden catch-up
ok 374 - visibility suspension clears held controls and old scope, with no hidden catch-up
  ---
  duration_ms: 21.381959
  ...
# Subtest: lobby settings and rematch use ordinary commands, stop disposes callbacks
ok 375 - lobby settings and rematch use ordinary commands, stop disposes callbacks
  ---
  duration_ms: 0.57875
  ...
# Subtest: fire edges stamped from a stalled wall-clock estimate are admitted for the next authority tick (\#43)
ok 376 - fire edges stamped from a stalled wall-clock estimate are admitted for the next authority tick (\#43)
  ---
  duration_ms: 16.089333
  ...
# Subtest: a hold resend that estimated an earlier tick cannot skip the solo press (\#43)
ok 377 - a hold resend that estimated an earlier tick cannot skip the solo press (\#43)
  ---
  duration_ms: 24.270625
  ...
# Subtest: distances render as whole arena units and durations reuse the shared formatter
ok 378 - distances render as whole arena units and durations reuse the shared formatter
  ---
  duration_ms: 0.465041
  ...
# Subtest: empty statistics produce an empty recap with no placeholder awards or totals
ok 379 - empty statistics produce an empty recap with no placeholder awards or totals
  ---
  duration_ms: 0.521125
  ...
# Subtest: a single rider stands alone as champion, wins every non-zero award and fills the table
ok 380 - a single rider stands alone as champion, wins every non-zero award and fills the table
  ---
  duration_ms: 0.385875
  ...
# Subtest: podium centres champions, keeps side places in seat order and excludes placements beyond third
ok 381 - podium centres champions, keeps side places in seat order and excludes placements beyond third
  ---
  duration_ms: 0.10225
  ...
# Subtest: a tied first place shows every champion in the centre and no second place
ok 382 - a tied first place shows every champion in the centre and no second place
  ---
  duration_ms: 0.104
  ...
# Subtest: a match where nobody won any round places everyone on the podium as champions
ok 383 - a match where nobody won any round places everyone on the podium as champions
  ---
  duration_ms: 0.090583
  ...
# Subtest: awards share ties by joining names in placement order and skip counters nobody raised
ok 384 - awards share ties by joining names in placement order and skip counters nobody raised
  ---
  duration_ms: 0.115084
  ...
# Subtest: all-zero statistics yield no awards while the podium and table still render
ok 385 - all-zero statistics yield no awards while the podium and table still render
  ---
  duration_ms: 0.079333
  ...
# Subtest: singular award details read naturally
ok 386 - singular award details read naturally
  ---
  duration_ms: 0.08
  ...
# Subtest: comparison rows order by placement then seat and format every recorded counter
ok 387 - comparison rows order by placement then seat and format every recorded counter
  ---
  duration_ms: 0.097
  ...
# Subtest: match totals sum the recorded counters across riders
ok 388 - match totals sum the recorded counters across riders
  ---
  duration_ms: 0.080416
  ...
# Subtest: the signature changes with any rendered figure and is order independent
ok 389 - the signature changes with any rendered figure and is order independent
  ---
  duration_ms: 0.096167
  ...
# Subtest: recap ignores riders with an unset placement rather than inventing a podium slot
ok 390 - recap ignores riders with an unset placement rather than inventing a podium slot
  ---
  duration_ms: 0.057667
  ...
# Subtest: records authoritative actions and returns detached snapshots
ok 391 - records authoritative actions and returns detached snapshots
  ---
  duration_ms: 1.060916
  ...
# Subtest: tracks round draws, longest survival and competition-ranked win ties
ok 392 - tracks round draws, longest survival and competition-ranked win ties
  ---
  duration_ms: 0.139042
  ...
# Subtest: validates references, distances and round membership
ok 393 - validates references, distances and round membership
  ---
  duration_ms: 0.35225
  ...
# Subtest: never credits self deaths and updates an existing participant identity
ok 394 - never credits self deaths and updates an existing participant identity
  ---
  duration_ms: 0.068458
  ...
# Subtest: a joined phone is the same landscape controller in every phase (\#13)
ok 395 - a joined phone is the same landscape controller in every phase (\#13)
  ---
  duration_ms: 0.779625
  ...
# Subtest: unjoined, display-only, desktop and mouse views keep the normal layout
ok 396 - unjoined, display-only, desktop and mouse views keep the normal layout
  ---
  duration_ms: 0.119958
  ...
# Subtest: an ended room is not joined play on any phone size or phase
ok 397 - an ended room is not joined play on any phone size or phase
  ---
  duration_ms: 0.225125
  ...
# Subtest: one validated nearby probe qualifies immediately; high RTT restores conservative delay
ok 398 - one validated nearby probe qualifies immediately; high RTT restores conservative delay
  ---
  duration_ms: 0.595333
  ...
# Subtest: stale, paused and explicit reset lose qualification; rejected samples do not extend freshness
ok 399 - stale, paused and explicit reset lose qualification; rejected samples do not extend freshness
  ---
  duration_ms: 0.127542
  ...
# Subtest: regional60ms never qualifies and a fresh scope is independently classified
ok 400 - regional60ms never qualifies and a fresh scope is independently classified
  ---
  duration_ms: 0.074916
  ...
# Subtest: half-tick presentation never rewinds or extrapolates; missing clock remains newest only
ok 401 - half-tick presentation never rewinds or extrapolates; missing clock remains newest only
  ---
  duration_ms: 0.428917
  ...
# Subtest: clock discontinuity clears the old clock even when observed before rendering
ok 402 - clock discontinuity clears the old clock even when observed before rendering
  ---
  duration_ms: 0.133708
  ...
# Subtest: rejected excessive RTT cancels fast classification and exact40ms boundary qualifies
ok 403 - rejected excessive RTT cancels fast classification and exact40ms boundary qualifies
  ---
  duration_ms: 0.054791
  ...
# Subtest: clock diagnostics are read-only and cannot refresh a sample or mutate its scope
ok 404 - clock diagnostics are read-only and cannot refresh a sample or mutate its scope
  ---
  duration_ms: 0.074916
  ...
# Subtest: empty and invalid clock observations cannot enable fast presentation
ok 405 - empty and invalid clock observations cannot enable fast presentation
  ---
  duration_ms: 0.050083
  ...
# Subtest: replacement reservation fences partitions and rejects delayed old renewals
ok 406 - replacement reservation fences partitions and rejects delayed old renewals
  ---
  duration_ms: 1.034292
  ...
# Subtest: clock uncertainty prevents overlapping old and new authorization
ok 407 - clock uncertainty prevents overlapping old and new authorization
  ---
  duration_ms: 0.277667
  ...
# Subtest: clock stops after suspension or stale samples, resuming only after fresh sample
ok 408 - clock stops after suspension or stale samples, resuming only after fresh sample
  ---
  duration_ms: 0.098334
  ...
# Subtest: clock rejects bad samples and conservative intervals crossing lease boundaries
ok 409 - clock rejects bad samples and conservative intervals crossing lease boundaries
  ---
  duration_ms: 0.09825
  ...
# Subtest: grant boundary validation rejects malformed values and exhausted epochs
ok 410 - grant boundary validation rejects malformed values and exhausted epochs
  ---
  duration_ms: 0.308542
  ...
# Subtest: checkpoint restore is atomic on the malformed sequences regression
ok 411 - checkpoint restore is atomic on the malformed sequences regression
  ---
  duration_ms: 11.37325
  ...
# Subtest: checkpoint restores exact physics, pending preferences and neutral disconnected identities
ok 412 - checkpoint restores exact physics, pending preferences and neutral disconnected identities
  ---
  duration_ms: 3.703083
  ...
# Subtest: checkpoint rejects missing required game maps and nested fields
ok 413 - checkpoint rejects missing required game maps and nested fields
  ---
  duration_ms: 112.472791
  ...
# Subtest: checkpoint rejects schema incompatibility, foreign host and unsafe shape extensions
ok 414 - checkpoint rejects schema incompatibility, foreign host and unsafe shape extensions
  ---
  duration_ms: 19.885125
  ...
# Subtest: checkpoint rejects invalid sequences, duplicate map keys and cross references
ok 415 - checkpoint rejects invalid sequences, duplicate map keys and cross references
  ---
  duration_ms: 10.342667
  ...
# Subtest: checkpoint rejects nonfinite values, excessive bytes/depth and oversized nested trails
ok 416 - checkpoint rejects nonfinite values, excessive bytes/depth and oversized nested trails
  ---
  duration_ms: 15.01825
  ...
# Subtest: real countdown, playing and round transitions produce restorable bounded checkpoints
ok 417 - real countdown, playing and round transitions produce restorable bounded checkpoints
  ---
  duration_ms: 415.028583
  ...
# Subtest: checkpoint validates bombs, shell lifetime sentinel, pickups and portal geometry
ok 418 - checkpoint validates bombs, shell lifetime sentinel, pickups and portal geometry
  ---
  duration_ms: 2.912583
  ...
# Subtest: checkpoint rejects oversized history, malformed maps and missing participant statistics
ok 419 - checkpoint rejects oversized history, malformed maps and missing participant statistics
  ---
  duration_ms: 18.326291
  ...
# Subtest: room settings reject malformed values, restore safe defaults and allow all drops off
ok 420 - room settings reject malformed values, restore safe defaults and allow all drops off
  ---
  duration_ms: 1.171084
  ...
# Subtest: rooms isolate players and only the host can start or change rules
ok 421 - rooms isolate players and only the host can start or change rules
  ---
  duration_ms: 20.171
  ...
# Subtest: fixed one-round rooms finish after one round
ok 422 - fixed one-round rooms finish after one round
  ---
  duration_ms: 9.140083
  ...
# Subtest: world deltas reconstruct split, removed and appended trails and recover via keyframe
ok 423 - world deltas reconstruct split, removed and appended trails and recover via keyframe
  ---
  duration_ms: 9.675042
  ...
# Subtest: fresh encoder after reconnection replaces old stream without accepting retired frames
ok 424 - fresh encoder after reconnection replaces old stream without accepting retired frames
  ---
  duration_ms: 0.392583
  ...
# Subtest: host checkpoint restores world and sequence numbers without replaying held fire
ok 425 - host checkpoint restores world and sequence numbers without replaying held fire
  ---
  duration_ms: 3.463416
  ...
# Subtest: field patches update joins and clear optional charge state without repeating identity
ok 426 - field patches update joins and clear optional charge state without repeating identity
  ---
  duration_ms: 0.5515
  ...
# Subtest: delayed unseen old keyframe cannot roll a newer generation backward
ok 427 - delayed unseen old keyframe cannot roll a newer generation backward
  ---
  duration_ms: 0.112625
  ...
# Subtest: invalid higher generation and corrupt trail patches cannot mutate accepted baseline
ok 428 - invalid higher generation and corrupt trail patches cannot mutate accepted baseline
  ---
  duration_ms: 0.318917
  ...
# Subtest: online return to lobby preserves transport simulation time
ok 429 - online return to lobby preserves transport simulation time
  ---
  duration_ms: 0.138708
  ...
# Subtest: guests that vanish in the lobby free their seats and the removal replicates to guests
ok 430 - guests that vanish in the lobby free their seats and the removal replicates to guests
  ---
  duration_ms: 0.475875
  ...
# Subtest: a guest lost mid-round keeps its seat until the match ends, then a newcomer reclaims it
ok 431 - a guest lost mid-round keeps its seat until the match ends, then a newcomer reclaims it
  ---
  duration_ms: 1.445417
  ...
# Subtest: a rematch drops the riders that were lost during the finished match
ok 432 - a rematch drops the riders that were lost during the finished match
  ---
  duration_ms: 0.928208
  ...
# Subtest: a whole round of chained deltas stays exact without any periodic re-baseline
ok 433 - a whole round of chained deltas stays exact without any periodic re-baseline
  ---
  duration_ms: 353.975791
  ...
# Subtest: Pages invites preserve project path while API requests use configured backend
ok 434 - Pages invites preserve project path while API requests use configured backend
  ---
  duration_ms: 0.513834
  ...
# Subtest: local origin default and endpoint boundaries are explicit
ok 435 - local origin default and endpoint boundaries are explicit
  ---
  duration_ms: 0.285042
  ...
# Subtest: failed press plus fresh held resends cannot invent charge or fire on release
ok 436 - failed press plus fresh held resends cannot invent charge or fire on release
  ---
  duration_ms: 22.375375
  ...
# Subtest: lost final release without other held controls cancels within ten ticks and is never retried
ok 437 - lost final release without other held controls cancels within ten ticks and is never retried
  ---
  duration_ms: 3.674
  ...
# Subtest: steering heartbeat after lost release carries bomb false and safely cancels instead of firing
ok 438 - steering heartbeat after lost release carries bomb false and safely cancels instead of firing
  ---
  duration_ms: 0.823166
  ...
# Subtest: ordered-but-delayed release expires rather than replaying after network recovery
ok 439 - ordered-but-delayed release expires rather than replaying after network recovery
  ---
  duration_ms: 1.222792
  ...
# Subtest: first fresh press after countdown and explicit lobby reset fires without a neutral packet
ok 440 - first fresh press after countdown and explicit lobby reset fires without a neutral packet
  ---
  duration_ms: 30.531958
  ...
# Subtest: idle watchdog without a held gesture does not block the first fresh shot
ok 441 - idle watchdog without a held gesture does not block the first fresh shot
  ---
  duration_ms: 7.461833
  ...
# Subtest: new scope rejects old held/release packets but accepts a fresh press
ok 442 - new scope rejects old held/release packets but accepts a fresh press
  ---
  duration_ms: 3.177458
  ...
# Subtest: watchdog still suppresses interrupted held gestures until an actual release
ok 443 - watchdog still suppresses interrupted held gestures until an actual release
  ---
  duration_ms: 1.931625
  ...
# Subtest: receipt is not application: future steering waits and reports exact application tick
ok 444 - receipt is not application: future steering waits and reports exact application tick
  ---
  duration_ms: 29.1875
  ...
# Subtest: same-tick newest movement wins while all outcomes are acknowledged
ok 445 - same-tick newest movement wins while all outcomes are acknowledged
  ---
  duration_ms: 9.007292
  ...
# Subtest: older future slot cannot undo newer applied movement and exact result acknowledgements preserve pending input
ok 446 - older future slot cannot undo newer applied movement and exact result acknowledgements preserve pending input
  ---
  duration_ms: 1.275
  ...
# Subtest: held acknowledged steering continues then expires at ten ticks without fresh application
ok 447 - held acknowledged steering continues then expires at ten ticks without fresh application
  ---
  duration_ms: 3.760459
  ...
# Subtest: same-tick press/release survives steering supersession, duplicates cannot launch twice
ok 448 - same-tick press/release survives steering supersession, duplicates cannot launch twice
  ---
  duration_ms: 1.045042
  ...
# Subtest: a press stamped later than the following hold sample is still processed first in sequence order (\#43)
ok 449 - a press stamped later than the following hold sample is still processed first in sequence order (\#43)
  ---
  duration_ms: 0.727459
  ...
# Subtest: old-scope release cannot cancel current charge; expired current release cancels without firing
ok 450 - old-scope release cannot cancel current charge; expired current release cancels without firing
  ---
  duration_ms: 0.756625
  ...
# Subtest: disconnect, match changes and restore create fresh neutral scope while preserving received highwater
ok 451 - disconnect, match changes and restore create fresh neutral scope while preserving received highwater
  ---
  duration_ms: 3.053416
  ...
# Subtest: queue and result history are bounded and overflow forces explicit neutral resync
ok 452 - queue and result history are bounded and overflow forces explicit neutral resync
  ---
  duration_ms: 0.984083
  ...
# Subtest: malformed timing and aim cannot apply motion or keep an invalid release charging
ok 453 - malformed timing and aim cannot apply motion or keep an invalid release charging
  ---
  duration_ms: 0.570833
  ...
# Subtest: queued release is discarded on disconnect and cannot fire into a rejoined control scope
ok 454 - queued release is discarded on disconnect and cannot fire into a rejoined control scope
  ---
  duration_ms: 0.631334
  ...
# Subtest: paused old-alias endpoint restores outbound health before acknowledging a new checkpoint header
ok 455 - paused old-alias endpoint restores outbound health before acknowledging a new checkpoint header
  ---
  duration_ms: 1.4995
  ...
# Subtest: direct-only path resumes on two fresh acknowledgements without relay quarantine
ok 456 - direct-only path resumes on two fresh acknowledgements without relay quarantine
  ---
  duration_ms: 0.092166
  ...
# Subtest: three-second blackhole after long healthy uptime retains channel and recovers on fresh probes
ok 457 - three-second blackhole after long healthy uptime retains channel and recovers on fresh probes
  ---
  duration_ms: 0.15775
  ...
# Subtest: restart requires eight continuously unhealthy seconds, reset by recovered health
ok 458 - restart requires eight continuously unhealthy seconds, reset by recovered health
  ---
  duration_ms: 0.0565
  ...
# Subtest: expired duplicate and pre-failure probes cannot keep blackholed path healthy
ok 459 - expired duplicate and pre-failure probes cannot keep blackholed path healthy
  ---
  duration_ms: 0.365791
  ...
# Subtest: pulse mode preserves fresh acknowledgement time and never revives expired evidence
ok 460 - pulse mode preserves fresh acknowledgement time and never revives expired evidence
  ---
  duration_ms: 0.073291
  ...
# Subtest: pause is irreversible within an alias and late application proof cannot reactivate it
ok 461 - pause is irreversible within an alias and late application proof cannot reactivate it
  ---
  duration_ms: 0.076
  ...
# Subtest: effects do not replay on repeated snapshots or across authority/match reset
ok 462 - effects do not replay on repeated snapshots or across authority/match reset
  ---
  duration_ms: 0.79075
  ...
# Subtest: bomb flight sprite follows segmented path while damage radius stays at landing point
ok 463 - bomb flight sprite follows segmented path while damage radius stays at landing point
  ---
  duration_ms: 0.474
  ...
# Subtest: death transitions occur once and backward presentation resets cosmetic history
ok 464 - death transitions occur once and backward presentation resets cosmetic history
  ---
  duration_ms: 0.103292
  ...
# Subtest: flight fallback clamps before launch and shells never use bomb arcs
ok 465 - flight fallback clamps before launch and shells never use bomb arcs
  ---
  duration_ms: 0.072667
  ...
# Subtest: a continuous bend is one stroke with the exact supplied vertices
ok 466 - a continuous bend is one stroke with the exact supplied vertices
  ---
  duration_ms: 0.804834
  ...
# Subtest: portal jumps, deleted ticks and clipped segments remain separate strokes
ok 467 - portal jumps, deleted ticks and clipped segments remain separate strokes
  ---
  duration_ms: 0.183958
  ...
# Subtest: history survives fractional motion, a changing predicted tip and equivalent deserialized snapshots
ok 468 - history survives fractional motion, a changing predicted tip and equivalent deserialized snapshots
  ---
  duration_ms: 0.5275
  ...
# Subtest: history refreshes for trail holes, clipping, expiry, death, identity, scope and reset
ok 469 - history refreshes for trail holes, clipping, expiry, death, identity, scope and reset
  ---
  duration_ms: 0.132875
  ...
# Subtest: a fresh trail follows the interpolated head by at most one simulation step
ok 470 - a fresh trail follows the interpolated head by at most one simulation step
  ---
  duration_ms: 0.142792
  ...
# Subtest: head interpolation never extends a stale, destroyed, teleported or dead trail
ok 471 - head interpolation never extends a stale, destroyed, teleported or dead trail
  ---
  duration_ms: 0.105375
  ...
# Subtest: arena backing follows displayed size and screen density without changing world aspect
ok 472 - arena backing follows displayed size and screen density without changing world aspect
  ---
  duration_ms: 0.797958
  ...
# Subtest: arena backing bounds oversized displays and survives hidden or unavailable density
ok 473 - arena backing bounds oversized displays and survives hidden or unavailable density
  ---
  duration_ms: 0.07725
  ...
# Subtest: weighted table gives Five one third Triple probability with deterministic intervals
ok 474 - weighted table gives Five one third Triple probability with deterministic intervals
  ---
  duration_ms: 13.400042
  ...
# Subtest: Star is removed while remaining relative weights are preserved
ok 475 - Star is removed while remaining relative weights are preserved
  ---
  duration_ms: 0.178917
  ...
# Subtest: powerup pacing ramps every twenty seconds and stays bounded in overtime
ok 476 - powerup pacing ramps every twenty seconds and stays bounded in overtime
  ---
  duration_ms: 0.448958
  ...
# Subtest: portal transits survivors, breaks trail, preserves heading/charge, counts actual movement
ok 477 - portal transits survivors, breaks trail, preserves heading/charge, counts actual movement
  ---
  duration_ms: 14.194542
  ...
# Subtest: entry collision is resolved before transit, and shield remains independent
ok 478 - entry collision is resolved before transit, and shield remains independent
  ---
  duration_ms: 1.311416
  ...
# Subtest: unsafe exit defers teleport for rider, pending trail, trail, bomb and blast hazards
ok 479 - unsafe exit defers teleport for rider, pending trail, trail, bomb and blast hazards
  ---
  duration_ms: 12.4985
  ...
# Subtest: portal grace is defensive for both riders, protects trails/walls and does not consume shield
ok 480 - portal grace is defensive for both riders, protects trails/walls and does not consume shield
  ---
  duration_ms: 1.048583
  ...
# Subtest: portal expiry, snapshot copying, compact geometry omission and round reset
ok 481 - portal expiry, snapshot copying, compact geometry omission and round reset
  ---
  duration_ms: 0.678834
  ...
# Subtest: portal pickup creates deterministic pair, records stats, replaces pair without clearing cooldown
ok 482 - portal pickup creates deterministic pair, records stats, replaces pair without clearing cooldown
  ---
  duration_ms: 2.372583
  ...
# Subtest: impossible placement leaves pickup and old pair unconsumed
ok 483 - impossible placement leaves pickup and old pair unconsumed
  ---
  duration_ms: 1.00125
  ...
# Subtest: reverse transit respects cooldown at its exact deadline after replacement
ok 484 - reverse transit respects cooldown at its exact deadline after replacement
  ---
  duration_ms: 2.471833
  ...
# Subtest: portal defensive grace expires exactly at the authoritative tick
ok 485 - portal defensive grace expires exactly at the authoritative tick
  ---
  duration_ms: 1.400375
  ...
# Subtest: concurrent riders preserve separate entry heights at the linked wall
ok 486 - concurrent riders preserve separate entry heights at the linked wall
  ---
  duration_ms: 1.303083
  ...
# Subtest: wall placement remains useful on an occupied five-rider field across seeds
ok 487 - wall placement remains useful on an occupied five-rider field across seeds
  ---
  duration_ms: 195.18225
  ...
# Subtest: authoritative overtime shrinks portal wall length and removes reclaimed walls from snapshots
ok 488 - authoritative overtime shrinks portal wall length and removes reclaimed walls from snapshots
  ---
  duration_ms: 0.488583
  ...
# Subtest: compressed linked wall reserves an exit for the first rider rather than overlapping arrivals
ok 489 - compressed linked wall reserves an exit for the first rider rather than overlapping arrivals
  ---
  duration_ms: 0.492375
  ...
# Subtest: placement sizes walls to one third of field, caps at 300 and reserves full corridor
ok 490 - placement sizes walls to one third of field, caps at 300 and reserves full corridor
  ---
  duration_ms: 0.648208
  ...
# Subtest: placement remains bounded for unsafe or insufficiently separated sites
ok 491 - placement remains bounded for unsafe or insufficiently separated sites
  ---
  duration_ms: 0.223666
  ...
# Subtest: full wall safety catches a hazard between sampled center and endpoints
ok 492 - full wall safety catches a hazard between sampled center and endpoints
  ---
  duration_ms: 0.103041
  ...
# Subtest: swept wall entry preserves heading and relative linked height
ok 493 - swept wall entry preserves heading and relative linked height
  ---
  duration_ms: 0.607291
  ...
# Subtest: both directions and earliest intersected wall work
ok 494 - both directions and earliest intersected wall work
  ---
  duration_ms: 0.085875
  ...
# Subtest: rounded endpoints detect vertical and tangent contact without phantom end extensions
ok 495 - rounded endpoints detect vertical and tangent contact without phantom end extensions
  ---
  duration_ms: 0.084041
  ...
# Subtest: cooldown, expiry, inside, stationary, moving away and short movement do not retrigger
ok 496 - cooldown, expiry, inside, stationary, moving away and short movement do not retrigger
  ---
  duration_ms: 0.09325
  ...
# Subtest: unsafe and out-of-field exits defer transit and safety receives actual offset exit
ok 497 - unsafe and out-of-field exits defer transit and safety receives actual offset exit
  ---
  duration_ms: 0.132541
  ...
# Subtest: shrinking trims walls and removes pairs whose centerline or usable ends are reclaimed
ok 498 - shrinking trims walls and removes pairs whose centerline or usable ends are reclaimed
  ---
  duration_ms: 0.194333
  ...
# Subtest: motion ledger boundary rejects malformed, unbounded and contradictory tick data
ok 499 - motion ledger boundary rejects malformed, unbounded and contradictory tick data
  ---
  duration_ms: 0.53675
  ...
# Subtest: local steering responds next frame using a partial step which never changes fixed replay
ok 500 - local steering responds next frame using a partial step which never changes fixed replay
  ---
  duration_ms: 10.567
  ...
# Subtest: acknowledged held turn replays exactly with no pending events, including drunk offset
ok 501 - acknowledged held turn replays exactly with no pending events, including drunk offset
  ---
  duration_ms: 13.474292
  ...
# Subtest: fresh-input age neutralizes held controls at tick ten
ok 502 - fresh-input age neutralizes held controls at tick ten
  ---
  duration_ms: 2.245083
  ...
# Subtest: press and release scheduled for same tick uses latest sample, received ack cannot retire either
ok 503 - press and release scheduled for same tick uses latest sample, received ack cannot retire either
  ---
  duration_ms: 2.098458
  ...
# Subtest: mismatched snapshot and application tick rejected atomically
ok 504 - mismatched snapshot and application tick rejected atomically
  ---
  duration_ms: 0.893584
  ...
# Subtest: applied result retires pending but continues authoritative held input
ok 505 - applied result retires pending but continues authoritative held input
  ---
  duration_ms: 0.64775
  ...
# Subtest: death and portal reset local motion and epoch invalidates timing
ok 506 - death and portal reset local motion and epoch invalidates timing
  ---
  duration_ms: 3.074583
  ...
# Subtest: clock retains conservative send sampled bounds and rejects pause stale and invalid RTT
ok 507 - clock retains conservative send sampled bounds and rejects pause stale and invalid RTT
  ---
  duration_ms: 0.114292
  ...
# Subtest: remote buffer uses coherent past state and fractional ticks without portal chords
ok 508 - remote buffer uses coherent past state and fractional ticks without portal chords
  ---
  duration_ms: 2.804208
  ...
# Subtest: spectator clock advances fractional render ticks without a player seat and resets scope
ok 509 - spectator clock advances fractional render ticks without a player seat and resets scope
  ---
  duration_ms: 0.627916
  ...
# Subtest: presentation connector is bounded and never mutates confirmed trails
ok 510 - presentation connector is bounded and never mutates confirmed trails
  ---
  duration_ms: 0.610625
  ...
# Subtest: inactive snapshots do not invent movement correction or smoothing offsets
ok 511 - inactive snapshots do not invent movement correction or smoothing offsets
  ---
  duration_ms: 1.788667
  ...
# Subtest: slow round trip or lagging snapshot never rejects input locally; host admission and the four-tick lead cap bound it (\#15)
ok 512 - slow round trip or lagging snapshot never rejects input locally; host admission and the four-tick lead cap bound it (\#15)
  ---
  duration_ms: 1.299459
  ...
# Subtest: transport-refused and stale inputs never count toward the bound; overflow drops the backlog instead of blocking (\#20)
ok 513 - transport-refused and stale inputs never count toward the bound; overflow drops the backlog instead of blocking (\#20)
  ---
  duration_ms: 1.232875
  ...
# Subtest: overflow first drops inputs behind the host window and only clears a fully fresh backlog (\#15 follow-up)
ok 514 - overflow first drops inputs behind the host window and only clears a fully fresh backlog (\#15 follow-up)
  ---
  duration_ms: 0.852166
  ...
# Subtest: a lost clock limits the preview but never the send (\#65)
ok 515 - a lost clock limits the preview but never the send (\#65)
  ---
  duration_ms: 2.002291
  ...
# Subtest: all semantic message variants validate without accepting extra fields
ok 516 - all semantic message variants validate without accepting extra fields
  ---
  duration_ms: 1.984584
  ...
# Subtest: untrusted message shapes, sizes, tokens and input sequences fail closed
ok 517 - untrusted message shapes, sizes, tokens and input sequences fail closed
  ---
  duration_ms: 0.305167
  ...
# Subtest: target aim accepts finite normalized coordinates only and rejects nested extras
ok 518 - target aim accepts finite normalized coordinates only and rejects nested extras
  ---
  duration_ms: 0.171542
  ...
# Subtest: serialized recipient acknowledgement preserves own zero and negative sequences without other seats
ok 519 - serialized recipient acknowledgement preserves own zero and negative sequences without other seats
  ---
  duration_ms: 0.845833
  ...
# Subtest: recipient ack envelopes preserve complete keyframe retry and unchanged world decoding
ok 520 - recipient ack envelopes preserve complete keyframe retry and unchanged world decoding
  ---
  duration_ms: 1.079084
  ...
# Subtest: candidates before the remote description are buffered, bounded at 64 and flushed in order
ok 521 - candidates before the remote description are buffered, bounded at 64 and flushed in order
  ---
  duration_ms: 1.737166
  ...
# Subtest: candidates arriving while a description is being applied wait, then apply; later ones apply directly
ok 522 - candidates arriving while a description is being applied wait, then apply; later ones apply directly
  ---
  duration_ms: 0.112625
  ...
# Subtest: answer-side candidates that arrive after the local answer are applied against the remote description
ok 523 - answer-side candidates that arrive after the local answer are applied against the remote description
  ---
  duration_ms: 0.10025
  ...
# Subtest: a restart offer changes the ufrag: old-generation candidates never poison it and new ones wait for it
ok 524 - a restart offer changes the ufrag: old-generation candidates never poison it and new ones wait for it
  ---
  duration_ms: 0.113
  ...
# Subtest: browser rejection of a candidate is counted, not thrown into the signalling loop
ok 525 - browser rejection of a candidate is counted, not thrown into the signalling loop
  ---
  duration_ms: 0.109917
  ...
# Subtest: only actual changed heading counts, unchanged animation frames do not
ok 526 - only actual changed heading counts, unchanged animation frames do not
  ---
  duration_ms: 2.039833
  ...
# Subtest: clock-aligned render frames detect wrapped positive heading and reject the wrong direction
ok 527 - clock-aligned render frames detect wrapped positive heading and reject the wrong direction
  ---
  duration_ms: 0.169
  ...
# Subtest: death, round transition, intoxication and live powerups invalidate the measurement
ok 528 - death, round transition, intoxication and live powerups invalidate the measurement
  ---
  duration_ms: 0.119209
  ...
# Subtest: turning, short, stale and missing baselines are rejected without cherry-picking
ok 529 - turning, short, stale and missing baselines are rejected without cherry-picking
  ---
  duration_ms: 0.076334
  ...
# Subtest: unchanged heading times out and incomplete capture is separately rejected
ok 530 - unchanged heading times out and incomplete capture is separately rejected
  ---
  duration_ms: 0.0705
  ...
# Subtest: one degree metric remains later than the first tiny numerical departure
ok 531 - one degree metric remains later than the first tiny numerical departure
  ---
  duration_ms: 0.064
  ...
# Subtest: render continuity separates repeated authoritative ticks from animation cadence and attempt gaps
ok 532 - render continuity separates repeated authoritative ticks from animation cadence and attempt gaps
  ---
  duration_ms: 4.192208
  ...
# Subtest: return to lobby from lobby clears match state without inventing session points
ok 533 - return to lobby from lobby clears match state without inventing session points
  ---
  duration_ms: 11.02875
  ...
# Subtest: return to lobby from countdown clears match state without inventing session points
ok 534 - return to lobby from countdown clears match state without inventing session points
  ---
  duration_ms: 1.270834
  ...
# Subtest: return to lobby from playing clears match state without inventing session points
ok 535 - return to lobby from playing clears match state without inventing session points
  ---
  duration_ms: 0.57625
  ...
# Subtest: return to lobby from roundOver clears match state without inventing session points
ok 536 - return to lobby from roundOver clears match state without inventing session points
  ---
  duration_ms: 0.554583
  ...
# Subtest: return to lobby from matchOver clears match state without inventing session points
ok 537 - return to lobby from matchOver clears match state without inventing session points
  ---
  duration_ms: 0.644833
  ...
# Subtest: empty party can return to lobby and invalid scope is rejected before mutation
ok 538 - empty party can return to lobby and invalid scope is rejected before mutation
  ---
  duration_ms: 0.166208
  ...
# Subtest: pure rider kernel exactly matches authoritative turns including drunk offsets
ok 539 - pure rider kernel exactly matches authoritative turns including drunk offsets
  ---
  duration_ms: 32.22125
  ...
# Subtest: opposite controls cancel steering and pure motion leaves input pose unchanged
ok 540 - opposite controls cancel steering and pure motion leaves input pose unchanged
  ---
  duration_ms: 0.088834
  ...
# Subtest: short codes map the full67600 space and reject biased random tail
ok 541 - short codes map the full67600 space and reject biased random tail
  ---
  duration_ms: 0.666542
  ...
# Subtest: new and temporary legacy room identities validate without making codes secrets
ok 542 - new and temporary legacy room identities validate without making codes secrets
  ---
  duration_ms: 0.133834
  ...
# Subtest: collision reservation is bounded and never masks noncollision failure
ok 543 - collision reservation is bounded and never masks noncollision failure
  ---
  duration_ms: 0.563625
  ...
# Subtest: ordinary initial show is inert and permanent departure disposes the room
ok 544 - ordinary initial show is inert and permanent departure disposes the room
  ---
  duration_ms: 0.803459
  ...
# Subtest: BFCache restoration reloads stopped room exactly once instead of reviving its transport
ok 545 - BFCache restoration reloads stopped room exactly once instead of reviving its transport
  ---
  duration_ms: 0.08175
  ...
# Subtest: expired room stops before clearing runtime and never retries a reused public code
ok 546 - expired room stops before clearing runtime and never retries a reused public code
  ---
  duration_ms: 0.774292
  ...
# Subtest: temporary network failure retries while replaced host is terminal separately
ok 547 - temporary network failure retries while replaced host is terminal separately
  ---
  duration_ms: 0.091417
  ...
# Subtest: safeStorage falls back to an in-memory store when the underlying storage throws on access
ok 548 - safeStorage falls back to an in-memory store when the underlying storage throws on access
  ---
  duration_ms: 0.60925
  ...
# Subtest: safeStorage does not evaluate the storage accessor until a get/set/remove call is made
ok 549 - safeStorage does not evaluate the storage accessor until a get/set/remove call is made
  ---
  duration_ms: 0.078583
  ...
# Subtest: safeStorage passes through to real storage when it works
ok 550 - safeStorage passes through to real storage when it works
  ---
  duration_ms: 0.09225
  ...
# Subtest: createMemoryStorage never throws and reports missing keys as null
ok 551 - createMemoryStorage never throws and reports missing keys as null
  ---
  duration_ms: 0.048875
  ...
# Subtest: LAN AI management is authorized, shares seats, follows normal rounds and can be removed
ok 552 - LAN AI management is authorized, shares seats, follows normal rounds and can be removed
  ---
  duration_ms: 44.414
  ...
# Subtest: LAN bot protocol rejects missing IDs, human IDs and unexpected action data
ok 553 - LAN bot protocol rejects missing IDs, human IDs and unexpected action data
  ---
  duration_ms: 0.50725
  ...
# Subtest: a reconnect cancels prior charge and accepts a fresh explicit press-release pair
ok 554 - a reconnect cancels prior charge and accepts a fresh explicit press-release pair
  ---
  duration_ms: 96.1385
  ...
# Subtest: match rematch resets scope and wins, then round-over automatically starts the next round
ok 555 - match rematch resets scope and wins, then round-over automatically starts the next round
  ---
  duration_ms: 60.692625
  ...
# Subtest: controller snapshots strip the full match statistics table
ok 556 - controller snapshots strip the full match statistics table
  ---
  duration_ms: 0.879875
  ...
# Subtest: five seats, sixth denial, full public snapshots and private host control
ok 557 - five seats, sixth denial, full public snapshots and private host control
  ---
  duration_ms: 110.39525
  ...
# Subtest: reconnect replaces the same seat, sequences continue, stale input becomes neutral, rapid bomb taps survive
ok 558 - reconnect replaces the same seat, sequences continue, stale input becomes neutral, rapid bomb taps survive
  ---
  duration_ms: 18.371709
  ...
# Subtest: admission rejects late/invalid joins, leave frees lobby seats and eliminates during play
ok 559 - admission rejects late/invalid joins, leave frees lobby seats and eliminates during play
  ---
  duration_ms: 25.235917
  ...
# Subtest: charge holds use authoritative ticks and launch only on explicit release
ok 560 - charge holds use authoritative ticks and launch only on explicit release
  ---
  duration_ms: 23.2415
  ...
# Subtest: cancel, stale input, and socket replacement discard charges and queued releases
ok 561 - cancel, stale input, and socket replacement discard charges and queued releases
  ---
  duration_ms: 13.79075
  ...
# Subtest: typed injected clock drives heartbeat timeout and rate window without sleeping
ok 562 - typed injected clock drives heartbeat timeout and rate window without sleeping
  ---
  duration_ms: 9.051667
  ...
# Subtest: a flood of malformed frames is counted against the rate limit and closes the socket with 1008
ok 563 - a flood of malformed frames is counted against the rate limit and closes the socket with 1008
  ---
  duration_ms: 4.37
  ...
# Subtest: invalid frames do not refresh lastSeen so the idle watchdog still prunes a garbage-only client
ok 564 - invalid frames do not refresh lastSeen so the idle watchdog still prunes a garbage-only client
  ---
  duration_ms: 2.265583
  ...
# Subtest: bounded catch-up discards sleep-sized backlogs
ok 565 - bounded catch-up discards sleep-sized backlogs
  ---
  duration_ms: 0.510167
  ...
# Subtest: a finished match can accept fresh phones after every original player leaves
ok 566 - a finished match can accept fresh phones after every original player leaves
  ---
  duration_ms: 15.447292
  ...
# Subtest: injected scheduler advances fixed ticks, caps catch-up, discards excess and cancels on close
ok 567 - injected scheduler advances fixed ticks, caps catch-up, discards excess and cancels on close
  ---
  duration_ms: 1.390083
  ...
# Subtest: display receives 20Hz world state while phones receive compact 10Hz updates and measured input acknowledgments
ok 568 - display receives 20Hz world state while phones receive compact 10Hz updates and measured input acknowledgments
  ---
  duration_ms: 16.767542
  ...
# Subtest: late countdown joins wait safely, reconnect and enter next round automatically
ok 569 - late countdown joins wait safely, reconnect and enter next round automatically
  ---
  duration_ms: 18.325875
  ...
# Subtest: late playing joins wait safely, reconnect and enter next round automatically
ok 570 - late playing joins wait safely, reconnect and enter next round automatically
  ---
  duration_ms: 18.189334
  ...
# Subtest: target release aim survives newer input packets through real socket transport
ok 571 - target release aim survives newer input packets through real socket transport
  ---
  duration_ms: 12.271041
  ...
# Subtest: host can abort to lobby without losing phone seats or replaying buffered bomb releases
ok 572 - host can abort to lobby without losing phone seats or replaying buffered bomb releases
  ---
  duration_ms: 17.111584
  ...
# Subtest: serialized avatar joins assign an allowed head and reconnect preserves server identity
ok 573 - serialized avatar joins assign an allowed head and reconnect preserves server identity
  ---
  duration_ms: 4.35675
  ...
# Subtest: a joined controller can change only its own avatar during play without altering gameplay
ok 574 - a joined controller can change only its own avatar during play without altering gameplay
  ---
  duration_ms: 10.596625
  ...
# Subtest: phones that vanish in the lobby release their seats for newcomers and for the next start
ok 575 - phones that vanish in the lobby release their seats for newcomers and for the next start
  ---
  duration_ms: 5.466833
  ...
# Subtest: a full lobby reclaims a vanished seat for a newcomer without any host action
ok 576 - a full lobby reclaims a vanished seat for a newcomer without any host action
  ---
  duration_ms: 7.490666
  ...
# Subtest: a phone that vanishes mid-round keeps its seat for reconnection and never yields it to a newcomer
ok 577 - a phone that vanishes mid-round keeps its seat for reconnection and never yields it to a newcomer
  ---
  duration_ms: 11.269458
  ...
# Subtest: actual service exposes Cloud Run safe health aliases without requiring provider operations
ok 578 - actual service exposes Cloud Run safe health aliases without requiring provider operations
  ---
  duration_ms: 906.978
  ...
# Subtest: service transaction retries keep one logical connection/grant and fenced replacement
ok 579 - service transaction retries keep one logical connection/grant and fenced replacement
  ---
  duration_ms: 3.255833
  ...
# Subtest: service reserves creator slot and atomically bounds concurrent admission
ok 580 - service reserves creator slot and atomically bounds concurrent admission
  ---
  duration_ms: 1.193584
  ...
# Subtest: two gateways advertise actual remote members and route only signalling
ok 581 - two gateways advertise actual remote members and route only signalling
  ---
  duration_ms: 1.333125
  ...
# Subtest: mesh signalling permits guest pairs while rejecting foreign room and replaced target scopes
ok 582 - mesh signalling permits guest pairs while rejecting foreign room and replaced target scopes
  ---
  duration_ms: 0.496667
  ...
# Subtest: guest mesh signals retain source replacement and cross-room membership fences
ok 583 - guest mesh signals retain source replacement and cross-room membership fences
  ---
  duration_ms: 3.018834
  ...
# Subtest: fast bus after delayed metadata emits new source membership before SDP
ok 584 - fast bus after delayed metadata emits new source membership before SDP
  ---
  duration_ms: 0.936583
  ...
# Subtest: expired and duplicate bus packets never repeat SDP; old replacement source is rejected
ok 585 - expired and duplicate bus packets never repeat SDP; old replacement source is rejected
  ---
  duration_ms: 0.403833
  ...
# Subtest: time renewals preserve exact authority and stale close cannot revoke replacement
ok 586 - time renewals preserve exact authority and stale close cannot revoke replacement
  ---
  duration_ms: 0.51925
  ...
# Subtest: idle teardown and immediate rejoin serialize a new subscription before admission
ok 587 - idle teardown and immediate rejoin serialize a new subscription before admission
  ---
  duration_ms: 0.290875
  ...
# Subtest: bus failure and slow receiver fail explicitly without keeping hidden relay queues
ok 588 - bus failure and slow receiver fail explicitly without keeping hidden relay queues
  ---
  duration_ms: 0.366625
  ...
# Subtest: runtime metadata and bus schemas reject corrupt scope and gameplay frames
ok 589 - runtime metadata and bus schemas reject corrupt scope and gameplay frames
  ---
  duration_ms: 0.335333
  ...
# Subtest: v2 renewal accepts GrantIdentity without timestamps at the actual JSON boundary
ok 590 - v2 renewal accepts GrantIdentity without timestamps at the actual JSON boundary
  ---
  duration_ms: 0.294375
  ...
# Subtest: failed bus is drained before a queued new connection can mark it ready
ok 591 - failed bus is drained before a queued new connection can mark it ready
  ---
  duration_ms: 1.636208
  ...
# Subtest: short-code transactional collisions preserve the live room and retry only bounded conflicts
ok 592 - short-code transactional collisions preserve the live room and retry only bounded conflicts
  ---
  duration_ms: 1.719667
  ...
# Subtest: guest keepalives never extend host-session lifetime and exact expiry rejects admission
ok 593 - guest keepalives never extend host-session lifetime and exact expiry rejects admission
  ---
  duration_ms: 0.320167
  ...
# Subtest: only the current host extends reconnect grace and replacement close cannot shorten it
ok 594 - only the current host extends reconnect grace and replacement close cannot shorten it
  ---
  duration_ms: 0.201542
  ...
# Subtest: host end is authorized, immediate and cannot end a reused code with an old capability
ok 595 - host end is authorized, immediate and cannot end a reused code with an old capability
  ---
  duration_ms: 0.614333
  ...
# Subtest: cached signalling refuses expired rooms before asynchronous TTL deletion
ok 596 - cached signalling refuses expired rooms before asynchronous TTL deletion
  ---
  duration_ms: 0.558291
  ...
# Subtest: gateway expiry timer closes silent sockets without depending on TTL deletion or traffic
ok 597 - gateway expiry timer closes silent sockets without depending on TTL deletion or traffic
  ---
  duration_ms: 6.150583
  ...
# Subtest: delayed old-incarnation heartbeat or read cannot roll back a reused room view
ok 598 - delayed old-incarnation heartbeat or read cannot roll back a reused room view
  ---
  duration_ms: 1.139084
  ...
# Subtest: delayed old admission cannot replace a newly observed room incarnation
ok 599 - delayed old admission cannot replace a newly observed room incarnation
  ---
  duration_ms: 0.697958
  ...
# Subtest: cancelled metadata watch callbacks cannot mutate a recreated room view
ok 600 - cancelled metadata watch callbacks cannot mutate a recreated room view
  ---
  duration_ms: 0.391583
  ...
# Subtest: direct new admission rotates an active old watch before its delayed callbacks arrive
ok 601 - direct new admission rotates an active old watch before its delayed callbacks arrive
  ---
  duration_ms: 0.356541
  ...
# Subtest: shell reflects remaining travel and exposes the true collision path
ok 602 - shell reflects remaining travel and exposes the true collision path
  ---
  duration_ms: 3.046166
  ...
# Subtest: corners reflect both axes and shrinking bounds clamp safely
ok 603 - corners reflect both axes and shrinking bounds clamp safely
  ---
  duration_ms: 0.220541
  ...
# Subtest: shell ricochets off a tail without crossing it and keeps its speed
ok 604 - shell ricochets off a tail without crossing it and keeps its speed
  ---
  duration_ms: 0.519666
  ...
# Subtest: diagonal tails and exposed endpoints reflect instead of tunnelling
ok 605 - diagonal tails and exposed endpoints reflect instead of tunnelling
  ---
  duration_ms: 0.121541
  ...
# Subtest: failure notice classifies only press/release gestures, never neutral or held heartbeats
ok 606 - failure notice classifies only press/release gestures, never neutral or held heartbeats
  ---
  duration_ms: 0.416833
  ...
# Subtest: shot notice persists three seconds independently and another failure restarts the deadline
ok 607 - shot notice persists three seconds independently and another failure restarts the deadline
  ---
  duration_ms: 0.089834
  ...
# Subtest: every candidate shape Chrome and Safari emit passes the signalling boundary
ok 608 - every candidate shape Chrome and Safari emit passes the signalling boundary
  ---
  duration_ms: 1.091042
  ...
# Subtest: descriptions from localDescription.toJSON() pass; anything else is rejected
ok 609 - descriptions from localDescription.toJSON() pass; anything else is rejected
  ---
  duration_ms: 0.418167
  ...
# Subtest: connect() while the previous socket is still CONNECTING closes it instead of orphaning it
ok 610 - connect() while the previous socket is still CONNECTING closes it instead of orphaning it
  ---
  duration_ms: 1.997375
  ...
# Subtest: connect() with no prior socket does not attempt to close anything
ok 611 - connect() with no prior socket does not attempt to close anything
  ---
  duration_ms: 0.326333
  ...
# Subtest: a real disconnect on the current socket reports status and reconnects
ok 612 - a real disconnect on the current socket reports status and reconnects
  ---
  duration_ms: 0.290375
  ...
# Subtest: send() only transmits once the current socket reports OPEN, and close() is idempotent-safe
ok 613 - send() only transmits once the current socket reports OPEN, and close() is idempotent-safe
  ---
  duration_ms: 0.266166
  ...
# Subtest: an inbound pong reports round-trip time instead of reaching onMessage
ok 614 - an inbound pong reports round-trip time instead of reaching onMessage
  ---
  duration_ms: 1.659083
  ...
# Subtest: a host error reply survives 200 ms of ticks and world frames, then the connection status returns
ok 615 - a host error reply survives 200 ms of ticks and world frames, then the connection status returns
  ---
  duration_ms: 0.977875
  ...
# Subtest: unchanged recurring status is emitted once however many ticks and frames restate it
ok 616 - unchanged recurring status is emitted once however many ticks and frames restate it
  ---
  duration_ms: 0.236708
  ...
# Subtest: the recurring status that returns after a notice is the latest one, not the one it replaced
ok 617 - the recurring status that returns after a notice is the latest one, not the one it replaced
  ---
  duration_ms: 0.119208
  ...
# Subtest: a join error survives the 500 ms join retry cadence without restating itself
ok 618 - a join error survives the 500 ms join retry cadence without restating itself
  ---
  duration_ms: 0.168291
  ...
# Subtest: a later notice replaces a live notice and extends the hold
ok 619 - a later notice replaces a live notice and extends the hold
  ---
  duration_ms: 0.094625
  ...
# Subtest: a notice raised before any connection status is never replaced by a silent refresh
ok 620 - a notice raised before any connection status is never replaced by a silent refresh
  ---
  duration_ms: 0.12425
  ...
# Subtest: a rejected input frame flashes without holding the line or hiding a real error
ok 621 - a rejected input frame flashes without holding the line or hiding a real error
  ---
  duration_ms: 0.116167
  ...
# Subtest: a terminal notice is never overwritten by recurring status or by later notices
ok 622 - a terminal notice is never overwritten by recurring status or by later notices
  ---
  duration_ms: 0.133541
  ...
# Subtest: target collection arms one normal-strength bomb and preserves volley upgrades
ok 623 - target collection arms one normal-strength bomb and preserves volley upgrades
  ---
  duration_ms: 16.59075
  ...
# Subtest: targeting requires pickup and clamps to the current safe field
ok 624 - targeting requires pickup and clamps to the current safe field
  ---
  duration_ms: 3.061
  ...
# Subtest: cancel, rejected release and death clear preview without consuming; next round resets
ok 625 - cancel, rejected release and death clear preview without consuming; next round resets
  ---
  duration_ms: 1.087541
  ...
# Subtest: queued release uses its own aim rather than a later packet in the same server tick
ok 626 - queued release uses its own aim rather than a later packet in the same server tick
  ---
  duration_ms: 1.325916
  ...
# Subtest: Target detonates on the release tick, with damage and protection resolved immediately
ok 627 - Target detonates on the release tick, with damage and protection resolved immediately
  ---
  duration_ms: 2.164334
  ...
# Subtest: instant Target blast chains nearby bombs in the same tick
ok 628 - instant Target blast chains nearby bombs in the same tick
  ---
  duration_ms: 1.339292
  ...
# Subtest: host clock replies are bound, single-use, bounded and invalidated at recovery
ok 629 - host clock replies are bound, single-use, bounded and invalidated at recovery
  ---
  duration_ms: 0.540458
  ...
# Subtest: trail clipping preserves contained geometry identity and timestamps
ok 630 - trail clipping preserves contained geometry identity and timestamps
  ---
  duration_ms: 0.513916
  ...
# Subtest: trail clipping trims crossings on every edge in both directions
ok 631 - trail clipping trims crossings on every edge in both directions
  ---
  duration_ms: 0.504959
  ...
# Subtest: trail clipping keeps closed tangent edges and corner contacts
ok 632 - trail clipping keeps closed tangent edges and corner contacts
  ---
  duration_ms: 0.073709
  ...
# Subtest: trail clipping removes exterior points, parallel lines and disjoint diagonal segments
ok 633 - trail clipping removes exterior points, parallel lines and disjoint diagonal segments
  ---
  duration_ms: 0.067583
  ...
# Subtest: overtime trims dead and living trails before collision and snapshot, retaining disconnected pieces
ok 634 - overtime trims dead and living trails before collision and snapshot, retaining disconnected pieces
  ---
  duration_ms: 13.816625
  ...
# Subtest: star, shield and portal grace bounce trails cannot start outside the newly closed field
ok 635 - star, shield and portal grace bounce trails cannot start outside the newly closed field
  ---
  duration_ms: 3.306417
  ...
# Subtest: overtime clipping preserves portal entry and exit discontinuity
ok 636 - overtime clipping preserves portal entry and exit discontinuity
  ---
  duration_ms: 1.905167
  ...
# Subtest: Worker persists an incarnation and allocates authority to the current host connection only
ok 637 - Worker persists an incarnation and allocates authority to the current host connection only
  ---
  duration_ms: 21.269708
  ...
# Subtest: Worker fences host replacement and delayed close without overlapping lease validity
ok 638 - Worker fences host replacement and delayed close without overlapping lease validity
  ---
  duration_ms: 6.109875
  ...
# Subtest: Worker renews only an active exact grant from its current host, with authenticated clock echo
ok 639 - Worker renews only an active exact grant from its current host, with authenticated clock echo
  ---
  duration_ms: 2.27925
  ...
# Subtest: Worker routes only current authenticated endpoints and includes source connection scope
ok 640 - Worker routes only current authenticated endpoints and includes source connection scope
  ---
  duration_ms: 5.538333
  ...
# Subtest: Worker serializes simultaneous host reservations and retains fencing through hibernation state
ok 641 - Worker serializes simultaneous host reservations and retains fencing through hibernation state
  ---
  duration_ms: 2.395917
  ...
# Subtest: Worker rejects malformed clock requests and bounds six active memberships while permitting replacement
ok 642 - Worker rejects malformed clock requests and bounds six active memberships while permitting replacement
  ---
  duration_ms: 9.397334
  ...
# Subtest: Worker reserves creator capacity when invitees arrive before the host
ok 643 - Worker reserves creator capacity when invitees arrive before the host
  ---
  duration_ms: 9.039583
  ...
# Subtest: Worker rejects gameplay relay even between valid host and guest sockets
ok 644 - Worker rejects gameplay relay even between valid host and guest sockets
  ---
  duration_ms: 1.39375
  ...
# Subtest: Worker expires at90seconds without host heartbeat even while guests keep sending
ok 645 - Worker expires at90seconds without host heartbeat even while guests keep sending
  ---
  duration_ms: 2.8825
  ...
# Subtest: Worker end requires host capability and code reuse clears prior authority
ok 646 - Worker end requires host capability and code reuse clears prior authority
  ---
  duration_ms: 3.939417
  ...
# Subtest: Worker current host heartbeats extend deadline while stale closes do not
ok 647 - Worker current host heartbeats extend deadline while stale closes do not
  ---
  duration_ms: 2.949209
  ...
1..647
# tests 647
# suites 0
# pass 647
# fail 0
# cancelled 0
# skipped 0
# todo 0
# duration_ms 17353.4555
--------------------------|---------|----------|---------|---------|--------------------------------
File                      | % Stmts | % Branch | % Funcs | % Lines | Uncovered Line #s              
--------------------------|---------|----------|---------|---------|--------------------------------
All files                 |   99.62 |    94.35 |   99.23 |   99.62 |                                
 client                   |     100 |    97.94 |    98.3 |     100 |                                
  audio-director.ts       |     100 |    98.38 |     100 |     100 | 77                             
  controller-keyboard.ts  |     100 |      100 |     100 |     100 |                                
  controller-pointers.ts  |     100 |    98.48 |   91.66 |     100 | 56                             
  controller-state.ts     |     100 |    98.95 |     100 |     100 | 81                             
  render-snapshot.ts      |     100 |       90 |     100 |     100 | 37-45                          
  snapshot-stream.ts      |     100 |      100 |     100 |     100 |                                
 online                   |   99.73 |    93.05 |   99.05 |   99.73 |                                
  action-replication.ts   |     100 |    89.94 |     100 |     100 | ...135,142,153,159,162,164-166 
  authority-grace.ts      |     100 |      100 |     100 |     100 |                                
  authority-status.ts     |     100 |      100 |     100 |     100 |                                
  authority.ts            |     100 |      100 |     100 |     100 |                                
  checkpoint.ts           |     100 |    92.22 |     100 |     100 | ...112,114,117-119,121,137,141 
  direct-clock.ts         |     100 |    98.98 |     100 |     100 | 75                             
  direct-control.ts       |     100 |      100 |     100 |     100 |                                
  direct-heartbeat.ts     |     100 |    95.52 |     100 |     100 | 19,86,95,100,105,107           
  direct-ingress.ts       |     100 |      100 |     100 |     100 |                                
  direct-origin.ts        |     100 |    97.26 |     100 |     100 | 62,74                          
  direct-presentation.ts  |     100 |    98.46 |     100 |     100 | 28                             
  direct-room-state.ts    |     100 |     94.5 |     100 |     100 | ...,92,100,105,116,124,141-142 
  direct-segment.ts       |     100 |    92.32 |   96.96 |     100 | ...201,210,251,290,301,312,327 
  direct-stream.ts        |     100 |    98.75 |     100 |     100 | 42,159                         
  host-session.ts         |   99.49 |    89.79 |     100 |   99.49 | 41                             
  ice-config.ts           |     100 |    97.36 |     100 |     100 | 13                             
  ice-signal.ts           |     100 |       92 |     100 |     100 | 9,18                           
  keyframe-delivery.ts    |     100 |      100 |     100 |     100 |                                
  link-callback.ts        |     100 |      100 |     100 |     100 |                                
  link-diagnostics.ts     |     100 |       84 |     100 |     100 | 16,20,33,39-42                 
  link-health.ts          |     100 |      100 |     100 |     100 |                                
  link-restart.ts         |     100 |      100 |     100 |     100 |                                
  link-send-gate.ts       |     100 |      100 |     100 |     100 |                                
  local-runtime.ts        |     100 |    89.58 |     100 |     100 | 33,54,61,71-73                 
  mobile-play-policy.ts   |     100 |      100 |     100 |     100 |                                
  prediction-clock.ts     |     100 |    98.03 |     100 |     100 | 37                             
  prediction.ts           |     100 |    87.15 |     100 |     100 | ...1,84-85,106,114-115,118-120 
  recipient-ack.ts        |     100 |      100 |     100 |     100 |                                
  remote-signal.ts        |   95.34 |    94.73 |     100 |   95.34 | 36-37                          
  response-measurement.ts |     100 |    98.52 |     100 |     100 | 25                             
  rollback-world.ts       |     100 |    91.91 |     100 |     100 | ...205,228,236,244-246,253,269 
  room-lifecycle.ts       |     100 |      100 |     100 |     100 |                                
  room-socket-close.ts    |     100 |      100 |     100 |     100 |                                
  runtime.ts              |   98.83 |    89.44 |   93.93 |   98.83 | 36-39,336-337                  
  status-notices.ts       |     100 |      100 |     100 |     100 |                                
  world-codec.ts          |     100 |     86.4 |      90 |     100 | ...64,66,68,71-75,86,88-95,100 
 server                   |    98.2 |     92.2 |     100 |    98.2 |                                
  bomb-input.ts           |     100 |      100 |     100 |     100 |                                
  index.ts                |    97.9 |    90.95 |     100 |    97.9 | 60,74,283-286                  
 service                  |     100 |      100 |     100 |     100 |                                
  signal.ts               |     100 |      100 |     100 |     100 |                                
 shared                   |   99.59 |    96.85 |     100 |   99.59 |                                
  action-log.ts           |     100 |       96 |     100 |     100 | 40,44,75-76,113                
  avatars.ts              |     100 |      100 |     100 |     100 |                                
  blast-geometry.ts       |     100 |      100 |     100 |     100 |                                
  bomb-launch.ts          |     100 |      100 |     100 |     100 |                                
  bot-controller.ts       |     100 |      100 |     100 |     100 |                                
  deterministic-math.ts   |     100 |      100 |     100 |     100 |                                
  direct-input.ts         |     100 |      100 |     100 |     100 |                                
  drunk.ts                |     100 |      100 |     100 |     100 |                                
  duration-text.ts        |     100 |      100 |     100 |     100 |                                
  game.ts                 |   99.44 |    95.82 |     100 |   99.44 | 342-343,730-731,1154-1156      
  gun.ts                  |     100 |    88.23 |     100 |     100 | 26,31                          
  launch-modifiers.ts     |     100 |      100 |     100 |     100 |                                
  leaderboard.ts          |   96.63 |    94.33 |     100 |   96.63 | 46-47,89-90                    
  match-recap.ts          |     100 |    95.71 |     100 |     100 | 23,83,86                       
  match-stats.ts          |     100 |    98.36 |     100 |     100 | 181                            
  pickup-weights.ts       |     100 |       90 |     100 |     100 | 16                             
  portal.ts               |     100 |      100 |     100 |     100 |                                
  protocol.ts             |     100 |      100 |     100 |     100 |                                
  rider-motion.ts         |     100 |      100 |     100 |     100 |                                
  room-code.ts            |     100 |      100 |     100 |     100 |                                
  room-settings.ts        |     100 |    92.85 |     100 |     100 | 27                             
  shell.ts                |     100 |    93.47 |     100 |     100 | 15,47-50                       
  trail-clipping.ts       |     100 |      100 |     100 |     100 |                                
--------------------------|---------|----------|---------|---------|--------------------------------
