TAP version 13
# Subtest: accepted host actions replay complete lifecycle, bots, timeout cancellation and resets
ok 1 - accepted host actions replay complete lifecycle, bots, timeout cancellation and resets
  ---
  duration_ms: 3825.294417
  ...
# Subtest: replica game checkpoint preserves connected and charging state without host recovery sanitization
ok 2 - replica game checkpoint preserves connected and charging state without host recovery sanitization
  ---
  duration_ms: 2.674416
  ...
# Subtest: steady held input records only changes; bomb edges never persist into later ticks
ok 3 - steady held input records only changes; bomb edges never persist into later ticks
  ---
  duration_ms: 1.847833
  ...
# Subtest: MessagePack tuples and malformed operations are bounded
ok 4 - MessagePack tuples and malformed operations are bounded
  ---
  duration_ms: 2.038709
  ...
# Subtest: real encoded sender/receiver: duplicate, dropped and reordered batches repair without divergent commit
ok 5 - real encoded sender/receiver: duplicate, dropped and reordered batches repair without divergent commit
  ---
  duration_ms: 4.476417
  ...
# Subtest: invalid transaction and repeated hash mismatch never replace healthy state; fresh baseline repairs
ok 6 - invalid transaction and repeated hash mismatch never replace healthy state; fresh baseline repairs
  ---
  duration_ms: 1.474583
  ...
# Subtest: checkpoint chunk loss, reordering, corruption and timeout are bounded
ok 7 - checkpoint chunk loss, reordering, corruption and timeout are bounded
  ---
  duration_ms: 3.092916
  ...
# Subtest: decoder rejects nested allocation bombs before decoding and accepts ordinary envelopes
ok 8 - decoder rejects nested allocation bombs before decoding and accepts ordinary envelopes
  ---
  duration_ms: 6.488084
  ...
# Subtest: checkpoint and action identity validation agree, including history bounds and legal slot reuse
ok 9 - checkpoint and action identity validation agree, including history bounds and legal slot reuse
  ---
  duration_ms: 66.616375
  ...
# Subtest: newer checkpoint generations cannot erase same-tick accepted lifecycle operations
ok 10 - newer checkpoint generations cannot erase same-tick accepted lifecycle operations
  ---
  duration_ms: 1.080416
  ...
# Subtest: hash comparison survives backpressure precisely on twentieth ticks
ok 11 - hash comparison survives backpressure precisely on twentieth ticks
  ---
  duration_ms: 7.028958
  ...
# Subtest: missing middle checkpoint chunk times out, throttled pump recovers with a fresh generation
ok 12 - missing middle checkpoint chunk times out, throttled pump recovers with a fresh generation
  ---
  duration_ms: 74.012083
  ...
# Subtest: signed-zero headings and arena-coordinate bomb targets survive checkpoint suffix replay
ok 13 - signed-zero headings and arena-coordinate bomb targets survive checkpoint suffix replay
  ---
  duration_ms: 2.439958
  ...
# Subtest: host refuses a new historical identity before replay/checkpoint capacity is exceeded
ok 14 - host refuses a new historical identity before replay/checkpoint capacity is exceeded
  ---
  duration_ms: 2.3805
  ...
# Subtest: signed-zero local aim is normalized before MessagePack checkpoint and action capture
ok 15 - signed-zero local aim is normalized before MessagePack checkpoint and action capture
  ---
  duration_ms: 2.740959
  ...
# Subtest: MessagePack action changes carry full applied ticks across sparse input and bomb transitions
ok 16 - MessagePack action changes carry full applied ticks across sparse input and bomb transitions
  ---
  duration_ms: 1.930667
  ...
# Subtest: absolute action ticks above uint16 replay independently of previous held timestamps
ok 17 - absolute action ticks above uint16 replay independently of previous held timestamps
  ---
  duration_ms: 0.382833
  ...
# Subtest: action tick mismatch and legacy replay checkpoints preserve healthy receiver state
ok 18 - action tick mismatch and legacy replay checkpoints preserve healthy receiver state
  ---
  duration_ms: 1.533125
  ...
# Subtest: assets resolve once under a Pages base and preserve external URLs
ok 19 - assets resolve once under a Pages base and preserve external URLs
  ---
  duration_ms: 0.462209
  ...
# Subtest: audio requires gesture unlock, routes independent mute and volume, and tolerates refusal
ok 20 - audio requires gesture unlock, routes independent mute and volume, and tolerates refusal
  ---
  duration_ms: 0.994708
  ...
# Subtest: original score loops with bounded scheduling and no background catch-up
ok 21 - original score loops with bounded scheduling and no background catch-up
  ---
  duration_ms: 1.250583
  ...
# Subtest: authoritative effects coalesce volleys, reject stale events and baseline reconnects silently
ok 22 - authoritative effects coalesce volleys, reject stale events and baseline reconnects silently
  ---
  duration_ms: 2.507584
  ...
# Subtest: pickup cues use authoritative collection events and reconnect baseline stays silent
ok 23 - pickup cues use authoritative collection events and reconnect baseline stays silent
  ---
  duration_ms: 0.131042
  ...
# Subtest: engine emits collection once only after a real pickup is consumed
ok 24 - engine emits collection once only after a real pickup is consumed
  ---
  duration_ms: 16.932917
  ...
# Subtest: older round snapshots cannot reset scope or stop music
ok 25 - older round snapshots cannot reset scope or stop music
  ---
  duration_ms: 0.200166
  ...
# Subtest: eight original scores have long arrangements, distinct melodies and bounded valid voices
ok 26 - eight original scores have long arrangements, distinct melodies and bounded valid voices
  ---
  duration_ms: 28.346791
  ...
# Subtest: playlist completes an arrangement, rotates all eight tunes and retains mute and volume
ok 27 - playlist completes an arrangement, rotates all eight tunes and retains mute and volume
  ---
  duration_ms: 0.737292
  ...
# Subtest: new rounds advance playlist once; repeated snapshots and reconnects do not rewind it
ok 28 - new rounds advance playlist once; repeated snapshots and reconnects do not rewind it
  ---
  duration_ms: 0.120417
  ...
# Subtest: enabled audio plays in the lobby and intermissions and explicit enable confirms output
ok 29 - enabled audio plays in the lobby and intermissions and explicit enable confirms output
  ---
  duration_ms: 0.098
  ...
# Subtest: two jazz tunes swing in tempo and use soft walking bass and seventh chords
ok 30 - two jazz tunes swing in tempo and use soft walking bass and seventh chords
  ---
  duration_ms: 0.150667
  ...
# Subtest: director schedules swung offbeats without catch-up bursts
ok 31 - director schedules swung offbeats without catch-up bursts
  ---
  duration_ms: 0.101666
  ...
# Subtest: gun launch plays a layered cannon cue
ok 32 - gun launch plays a layered cannon cue
  ---
  duration_ms: 0.102167
  ...
# Subtest: a host stall over the clock threshold pauses advancing but keeps seat scopes; queued and old-scope inputs still apply
ok 33 - a host stall over the clock threshold pauses advancing but keeps seat scopes; queued and old-scope inputs still apply
  ---
  duration_ms: 17.76775
  ...
# Subtest: a single time sample above the lease guard pauses for one sample period without rotating seat scopes
ok 34 - a single time sample above the lease guard pauses for one sample period without rotating seat scopes
  ---
  duration_ms: 4.803167
  ...
# Subtest: continuous non-permission beyond the grace clears seats exactly once; a fresh certification re-arms it
ok 35 - continuous non-permission beyond the grace clears seats exactly once; a fresh certification re-arms it
  ---
  duration_ms: 15.633416
  ...
# Subtest: a lease that actually lapses under a healthy clock stops advancing at once and clears seats after the grace
ok 36 - a lease that actually lapses under a healthy clock stops advancing at once and clears seats after the grace
  ---
  duration_ms: 4.715125
  ...
# Subtest: AuthorityGrace fires once per outage, only after prior permission, and reset() scopes it to one authority
ok 37 - AuthorityGrace fires once per outage, only after prior permission, and reset() scopes it to one authority
  ---
  duration_ms: 0.283209
  ...
# Subtest: authority recovery clears a stale pause once without overwriting subsequent command errors
ok 38 - authority recovery clears a stale pause once without overwriting subsequent command errors
  ---
  duration_ms: 0.460084
  ...
# Subtest: a sustained pause announces itself once; further ticks preserve the notice on screen
ok 39 - a sustained pause announces itself once; further ticks preserve the notice on screen
  ---
  duration_ms: 0.080959
  ...
# Subtest: initial permission produces confirmed status and sustained permission stays silent
ok 40 - initial permission produces confirmed status and sustained permission stays silent
  ---
  duration_ms: 0.049375
  ...
# Subtest: ten distinct avatar ids address exactly ten atlas cells
ok 41 - ten distinct avatar ids address exactly ten atlas cells
  ---
  duration_ms: 1.228792
  ...
# Subtest: default and selected heads appear in authoritative snapshots without changing slot color
ok 42 - default and selected heads appear in authoritative snapshots without changing slot color
  ---
  duration_ms: 6.3385
  ...
# Subtest: live avatar messages only accept a known head and no player override
ok 43 - live avatar messages only accept a known head and no player override
  ---
  duration_ms: 0.131208
  ...
# Subtest: disk uses radial distance rather than bounding square or cross
ok 44 - disk uses radial distance rather than bounding square or cross
  ---
  duration_ms: 0.439875
  ...
# Subtest: swept disk detects crossing, tangent, radius padding and endpoint misses
ok 45 - swept disk detects crossing, tangent, radius padding and endpoint misses
  ---
  duration_ms: 0.085541
  ...
# Subtest: ordered bomb edges survive a between-tick tap, while held resends do not repeat presses
ok 46 - ordered bomb edges survive a between-tick tap, while held resends do not repeat presses
  ---
  duration_ms: 0.797083
  ...
# Subtest: interruption discards even a queued release and requires a neutral handshake
ok 47 - interruption discards even a queued release and requires a neutral handshake
  ---
  duration_ms: 0.093792
  ...
# Subtest: overflow cancels the bounded queue and a later fresh press can recover
ok 48 - overflow cancels the bounded queue and a later fresh press can recover
  ---
  duration_ms: 0.0655
  ...
# Subtest: target input preserves per-release aim despite later packets and caller mutation
ok 49 - target input preserves per-release aim despite later packets and caller mutation
  ---
  duration_ms: 0.106167
  ...
# Subtest: maps charge ticks linearly between accepted minimum and maximum
ok 50 - maps charge ticks linearly between accepted minimum and maximum
  ---
  duration_ms: 1.133583
  ...
# Subtest: projects along the release angle and clamps each coordinate to safe bounds
ok 51 - projects along the release angle and clamps each coordinate to safe bounds
  ---
  duration_ms: 0.637208
  ...
# Subtest: AI is deterministic, uses its injected random stream and never mutates the observed world
ok 52 - AI is deterministic, uses its injected random stream and never mutates the observed world
  ---
  duration_ms: 9.894917
  ...
# Subtest: AI is neutral when absent, dead, disconnected or waiting for next round
ok 53 - AI is neutral when absent, dead, disconnected or waiting for next round
  ---
  duration_ms: 0.548583
  ...
# Subtest: AI turns away from imminent walls, trails and rider paths
ok 54 - AI turns away from imminent walls, trails and rider paths
  ---
  duration_ms: 1.61725
  ...
# Subtest: AI considers expired and recent own trails, pickups, blasts, shells and drunk heading without changing physics
ok 55 - AI considers expired and recent own trails, pickups, blasts, shells and drunk heading without changing physics
  ---
  duration_ms: 10.626
  ...
# Subtest: AI presses, holds and releases ordinary bombs through the same charge/cooldown rules
ok 56 - AI presses, holds and releases ordinary bombs through the same charge/cooldown rules
  ---
  duration_ms: 13.897208
  ...
# Subtest: AI target/gun/shell shots use normal input actions and target aim is bounded
ok 57 - AI target/gun/shell shots use normal input actions and target aim is bounded
  ---
  duration_ms: 3.103375
  ...
# Subtest: Host alone can manage AI, five shared slots are enforced, and a solo host can start
ok 58 - Host alone can manage AI, five shared slots are enforced, and a solo host can start
  ---
  duration_ms: 0.896166
  ...
# Subtest: AI arriving during a match waits and appears in the next round without a timed click
ok 59 - AI arriving during a match waits and appears in the next round without a timed click
  ---
  duration_ms: 129.152375
  ...
# Subtest: AI removal/reset frees its slot without converting humans or reusing old bot identity
ok 60 - AI removal/reset frees its slot without converting humans or reusing old bot identity
  ---
  duration_ms: 0.282958
  ...
# Subtest: Checkpoint v3 restores only validated bot ownership and rejects malformed registries atomically
ok 61 - Checkpoint v3 restores only validated bot ownership and rejects malformed registries atomically
  ---
  duration_ms: 2.096667
  ...
# Subtest: visual projection uses authoritative tick spacing during packet bursts
ok 62 - visual projection uses authoritative tick spacing during packet bursts
  ---
  duration_ms: 0.650542
  ...
# Subtest: visual projection freezes after 50 ms and never projects death or non-playing phases
ok 63 - visual projection freezes after 50 ms and never projects death or non-playing phases
  ---
  duration_ms: 0.087792
  ...
# Subtest: visual projection does not cross round, match, membership or timestamp boundaries
ok 64 - visual projection does not cross round, match, membership or timestamp boundaries
  ---
  duration_ms: 0.092667
  ...
# Subtest: visual projection snaps a portal transit and resumes on the next ordinary movement pair
ok 65 - visual projection snaps a portal transit and resumes on the next ordinary movement pair
  ---
  duration_ms: 0.085084
  ...
# Subtest: multitouch retains a control until its final pointer releases
ok 66 - multitouch retains a control until its final pointer releases
  ---
  duration_ms: 0.563209
  ...
# Subtest: fast bomb tap and cancellation always send the falling edge
ok 67 - fast bomb tap and cancellation always send the falling edge
  ---
  duration_ms: 0.108167
  ...
# Subtest: pointer cancellation never launches and lost capture after release is a no-op
ok 68 - pointer cancellation never launches and lost capture after release is a no-op
  ---
  duration_ms: 0.082375
  ...
# Subtest: reconnect can force a neutral sample to rearm bomb edges
ok 69 - reconnect can force a neutral sample to rearm bomb edges
  ---
  duration_ms: 0.065
  ...
# Subtest: held-state resend advances sequence while idle resend stays silent
ok 70 - held-state resend advances sequence while idle resend stays silent
  ---
  duration_ms: 0.146583
  ...
# Subtest: snapshot acceptance handles opaque match ids without lexicographic ordering
ok 71 - snapshot acceptance handles opaque match ids without lexicographic ordering
  ---
  duration_ms: 0.137833
  ...
# Subtest: snapshot acceptance rejects an older round in the active match
ok 72 - snapshot acceptance rejects an older round in the active match
  ---
  duration_ms: 0.048458
  ...
# Subtest: target preview projects for at most one tick and stays inside the arena
ok 73 - target preview projects for at most one tick and stays inside the arena
  ---
  duration_ms: 0.10125
  ...
# Subtest: shell visuals advance between server ticks and reflect off walls without changing authority
ok 74 - shell visuals advance between server ticks and reflect off walls without changing authority
  ---
  duration_ms: 0.221083
  ...
# Subtest: public smoke exercises real gateway socket boundaries and emits no credentials
ok 75 - public smoke exercises real gateway socket boundaries and emits no credentials
  ---
  duration_ms: 49.558
  ...
# Subtest: public smoke stops on broken CORS and reports only a safe check label
ok 76 - public smoke stops on broken CORS and reports only a safe check label
  ---
  duration_ms: 9.45475
  ...
# Subtest: public smoke rejects plaintext and credential-bearing production origins before requests
ok 77 - public smoke rejects plaintext and credential-bearing production origins before requests
  ---
  duration_ms: 2958.249167
  ...
# Subtest: arrows share held state and Space emits exactly one press and release despite repeats
ok 78 - arrows share held state and Space emits exactly one press and release despite repeats
  ---
  duration_ms: 1.013334
  ...
# Subtest: pointer ownership survives keyboard release and cancellation
ok 79 - pointer ownership survives keyboard release and cancellation
  ---
  duration_ms: 0.112083
  ...
# Subtest: menu/focus/visibility cancellation never fires and repeat after reset cannot restart charge
ok 80 - menu/focus/visibility cancellation never fires and repeat after reset cannot restart charge
  ---
  duration_ms: 0.093709
  ...
# Subtest: blocked and unrelated keys retain normal browser handling
ok 81 - blocked and unrelated keys retain normal browser handling
  ---
  duration_ms: 0.061375
  ...
# Subtest: blocked new key clears previously held keys without releasing a bomb
ok 82 - blocked new key clears previously held keys without releasing a bomb
  ---
  duration_ms: 0.05675
  ...
# Subtest: browser modifier shortcuts remain untouched while keyup releases an earlier plain hold
ok 83 - browser modifier shortcuts remain untouched while keyup releases an earlier plain hold
  ---
  duration_ms: 0.114042
  ...
# Subtest: A and D aliases retain independent held ownership from arrow keys
ok 84 - A and D aliases retain independent held ownership from arrow keys
  ---
  duration_ms: 0.079709
  ...
# Subtest: keyboard ArrowLeft/ArrowRight and Space share serialized steering and charge/release semantics
ok 85 - keyboard ArrowLeft/ArrowRight and Space share serialized steering and charge/release semantics
  ---
  duration_ms: 1.283208
  ...
# Subtest: keyboard KeyA/KeyD and Space share serialized steering and charge/release semantics
ok 86 - keyboard KeyA/KeyD and Space share serialized steering and charge/release semantics
  ---
  duration_ms: 0.120333
  ...
# Subtest: arrow and letter aliases keep steering until both keys are released
ok 87 - arrow and letter aliases keep steering until both keys are released
  ---
  duration_ms: 0.268416
  ...
# Subtest: keyboard and pointer holds do not release each other
ok 88 - keyboard and pointer holds do not release each other
  ---
  duration_ms: 0.2505
  ...
# Subtest: focus/lifecycle cancellation never fires or reactivates a held key on repeat
ok 89 - focus/lifecycle cancellation never fires or reactivates a held key on repeat
  ---
  duration_ms: 0.1695
  ...
# Subtest: typing, disabled contexts and browser shortcuts are left alone, but keyup still releases
ok 90 - typing, disabled contexts and browser shortcuts are left alone, but keyup still releases
  ---
  duration_ms: 0.136084
  ...
# Subtest: recycled pointer ownership cancels old steering and makes both buttons reusable
ok 91 - recycled pointer ownership cancels old steering and makes both buttons reusable
  ---
  duration_ms: 0.131584
  ...
# Subtest: global release works if capture throws and leaves simultaneous touches intact
ok 92 - global release works if capture throws and leaves simultaneous touches intact
  ---
  duration_ms: 0.104834
  ...
# Subtest: lost capture and clear cancel charge without accidental release, then recover immediately
ok 93 - lost capture and clear cancel charge without accidental release, then recover immediately
  ---
  duration_ms: 0.124125
  ...
# Subtest: disabled buttons, unrelated capture loss, right clicks and duplicate terminal events do nothing
ok 94 - disabled buttons, unrelated capture loss, right clicks and duplicate terminal events do nothing
  ---
  duration_ms: 0.095875
  ...
# Subtest: input model independently repairs pointer reassignment and preserves duplicate down
ok 95 - input model independently repairs pointer reassignment and preserves duplicate down
  ---
  duration_ms: 0.072208
  ...
# Subtest: held drag enters, switches and exits buttons without tapping; hovering does not press
ok 96 - held drag enters, switches and exits buttons without tapping; hovering does not press
  ---
  duration_ms: 0.178042
  ...
# Subtest: Target aim keeps its thumb while sliding across other controls
ok 97 - Target aim keeps its thumb while sliding across other controls
  ---
  duration_ms: 0.546417
  ...
# Subtest: cancelled or cleared contacts cannot slide-reactivate before lifting
ok 98 - cancelled or cleared contacts cannot slide-reactivate before lifting
  ---
  duration_ms: 0.193125
  ...
# Subtest: target trackpad uses relative motion, throttles packets and sends final release coordinates
ok 99 - target trackpad uses relative motion, throttles packets and sends final release coordinates
  ---
  duration_ms: 1.626875
  ...
# Subtest: aim clamps the board and other fingers cannot move it; cancellation clears it
ok 100 - aim clamps the board and other fingers cannot move it; cancellation clears it
  ---
  duration_ms: 0.146042
  ...
# Subtest: second Fire contact inherits aim without a jump, refresh does not reset active aim
ok 101 - second Fire contact inherits aim without a jump, refresh does not reset active aim
  ---
  duration_ms: 0.0845
  ...
# Subtest: ordinary controls send no aim and invalid positions do not corrupt it
ok 102 - ordinary controls send no aim and invalid positions do not corrupt it
  ---
  duration_ms: 0.074292
  ...
# Subtest: host intention waits for permission, latest wins, expires and cannot cross authority reset
ok 103 - host intention waits for permission, latest wins, expires and cannot cross authority reset
  ---
  duration_ms: 0.739834
  ...
# Subtest: wire actions use full uint32 ticks and strict bounded MessagePack tuples
ok 104 - wire actions use full uint32 ticks and strict bounded MessagePack tuples
  ---
  duration_ms: 1.722708
  ...
# Subtest: independent stream fills holes, permits older repairs after watermark, ignores reordered watermarks
ok 105 - independent stream fills holes, permits older repairs after watermark, ignores reordered watermarks
  ---
  duration_ms: 0.362917
  ...
# Subtest: conflicting IDs, incomparable promises, chronological inversion and reused gesture are atomic faults
ok 106 - conflicting IDs, incomparable promises, chronological inversion and reused gesture are atomic faults
  ---
  duration_ms: 0.347583
  ...
# Subtest: whole world advances with no action packets, then bounded rollback exactly reconstructs late actions
ok 107 - whole world advances with no action packets, then bounded rollback exactly reconstructs late actions
  ---
  duration_ms: 60.517625
  ...
# Subtest: all same-tick press/release packet permutations yield exactly one identical shot
ok 108 - all same-tick press/release packet permutations yield exactly one identical shot
  ---
  duration_ms: 44.73025
  ...
# Subtest: replacement press restarts charge; old release cannot fire the newer gesture
ok 109 - replacement press restarts charge; old release cannot fire the newer gesture
  ---
  duration_ms: 3.746291
  ...
# Subtest: missing press never invents charge; cancel and aiming preserve per-action target order
ok 110 - missing press never invents charge; cancel and aiming preserve per-action target order
  ---
  duration_ms: 12.933
  ...
# Subtest: idle repair delivers a lost final release; receipt loss never duplicates shots
ok 111 - idle repair delivers a lost final release; receipt loss never duplicates shots
  ---
  duration_ms: 25.938625
  ...
# Subtest: origin immediately sends newest plus old gap records; backpressure repair is paced and bounded
ok 112 - origin immediately sends newest plus old gap records; backpressure repair is paced and bounded
  ---
  duration_ms: 8.430292
  ...
# Subtest: finality waits for cross-channel input gaps, then emits derived effects exactly once
ok 113 - finality waits for cross-channel input gaps, then emits derived effects exactly once
  ---
  duration_ms: 11.796083
  ...
# Subtest: finalized bootstrap uses applied prefixes, leaving already received future actions for suffix replay
ok 114 - finalized bootstrap uses applied prefixes, leaving already received future actions for suffix replay
  ---
  duration_ms: 47.761875
  ...
# Subtest: speculation pauses at its fixed bound and resumes after verified finality
ok 115 - speculation pauses at its fixed bound and resumes after verified finality
  ---
  duration_ms: 64.11125
  ...
# Subtest: malformed/future/wrong-owner/stale-segment messages do not alter healthy world
ok 116 - malformed/future/wrong-owner/stale-segment messages do not alter healthy world
  ---
  duration_ms: 29.936542
  ...
# Subtest: invalid bootstrap, changed rules, corrupt state and wrong scope never instantiate a replica
ok 117 - invalid bootstrap, changed rules, corrupt state and wrong scope never instantiate a replica
  ---
  duration_ms: 4.549334
  ...
# Subtest: encoded history budget rejects growth atomically rather than discarding rollback dependencies
ok 118 - encoded history budget rejects growth atomically rather than discarding rollback dependencies
  ---
  duration_ms: 10.676167
  ...
# Subtest: six independently advancing replicas converge through delayed/reordered delivery for five streams
ok 119 - six independently advancing replicas converge through delayed/reordered delivery for five streams
  ---
  duration_ms: 5658.118625
  ...
# Subtest: new completeness cuts preserve older promises and already certified progress
ok 120 - new completeness cuts preserve older promises and already certified progress
  ---
  duration_ms: 0.166209
  ...
# Subtest: watermark cuts, including empty periods, have a hard retention bound
ok 121 - watermark cuts, including empty periods, have a hard retention bound
  ---
  duration_ms: 0.71925
  ...
# Subtest: bootstrap rejects a rehashed impossible gesture state, not only corrupt hashes
ok 122 - bootstrap rejects a rehashed impossible gesture state, not only corrupt hashes
  ---
  duration_ms: 1.308833
  ...
# Subtest: held controls emit only edges, with independent wire and UI sequence numbering
ok 123 - held controls emit only edges, with independent wire and UI sequence numbering
  ---
  duration_ms: 1.19175
  ...
# Subtest: a local change group is atomic until the caller installs the candidate
ok 124 - a local change group is atomic until the caller installs the candidate
  ---
  duration_ms: 1.103625
  ...
# Subtest: all subscriber candidates admit a full group before bytes, and failed enqueue retains it for repair
ok 125 - all subscriber candidates admit a full group before bytes, and failed enqueue retains it for repair
  ---
  duration_ms: 0.461166
  ...
# Subtest: press replacement, missing press, release and neutral cancellation preserve gesture semantics
ok 126 - press replacement, missing press, release and neutral cancellation preserve gesture semantics
  ---
  duration_ms: 0.106042
  ...
# Subtest: origin exact cuts cannot cover future actions or permit a later action before the cut
ok 127 - origin exact cuts cannot cover future actions or permit a later action before the cut
  ---
  duration_ms: 0.172125
  ...
# Subtest: invalid local frames and exhausted ticks consume neither revisions nor actions
ok 128 - invalid local frames and exhausted ticks consume neither revisions nor actions
  ---
  duration_ms: 0.191791
  ...
# Subtest: future start requires coordinator confirmation, and both clocks advance without gameplay packets
ok 129 - future start requires coordinator confirmation, and both clocks advance without gameplay packets
  ---
  duration_ms: 0.518834
  ...
# Subtest: lowest RTT filtering tolerates valid asymmetric delay without a false four-tick fault
ok 130 - lowest RTT filtering tolerates valid asymmetric delay without a false four-tick fault
  ---
  duration_ms: 0.097917
  ...
# Subtest: running clock slews in either direction at one tick per second and never moves backward
ok 131 - running clock slews in either direction at one tick per second and never moves backward
  ---
  duration_ms: 0.12825
  ...
# Subtest: scope fences, expired and reordered replies cannot move time or refresh readiness
ok 132 - scope fences, expired and reordered replies cannot move time or refresh readiness
  ---
  duration_ms: 0.129333
  ...
# Subtest: discrepancy and monotonic-clock faults stay latched, including on the coordinator
ok 133 - discrepancy and monotonic-clock faults stay latched, including on the coordinator
  ---
  duration_ms: 0.144583
  ...
# Subtest: stale baseline recovery remains conservative, and a failed release cannot revive after a fresh sample
ok 134 - stale baseline recovery remains conservative, and a failed release cannot revive after a fresh sample
  ---
  duration_ms: 0.123583
  ...
# Subtest: integrated sway remains within 15 degrees and leaves zero heading drift for many seeded effects
ok 135 - integrated sway remains within 15 degrees and leaves zero heading drift for many seeded effects
  ---
  duration_ms: 34.795625
  ...
# Subtest: two-second cycle preserves phase during refresh and smooth onset/expiry
ok 136 - two-second cycle preserves phase during refresh and smooth onset/expiry
  ---
  duration_ms: 0.145166
  ...
# Subtest: engine adds bounded sway to ordinary steering and restores intended heading at expiry
ok 137 - engine adds bounded sway to ordinary steering and restores intended heading at expiry
  ---
  duration_ms: 18.826542
  ...
# Subtest: late refresh stays bounded and leaves no residual at the extended deadline
ok 138 - late refresh stays bounded and leaves no residual at the extended deadline
  ---
  duration_ms: 0.151667
  ...
# Subtest: durationText rounds whole seconds before splitting minutes so 59.95s never renders as "60s"
ok 139 - durationText rounds whole seconds before splitting minutes so 59.95s never renders as "60s"
  ---
  duration_ms: 0.44325
  ...
# Subtest: spawns two through five players evenly on a circle with clockwise tangent headings
ok 140 - spawns two through five players evenly on a circle with clockwise tangent headings
  ---
  duration_ms: 1.354625
  ...
# Subtest: replaying the same accepted inputs produces the same snapshots and events
ok 141 - replaying the same accepted inputs produces the same snapshots and events
  ---
  duration_ms: 75.9045
  ...
# Subtest: trail segments remain active through T+159 and expire exactly at T+160
ok 142 - trail segments remain active through T+159 and expire exactly at T+160
  ---
  duration_ms: 0.55075
  ...
# Subtest: a due blast removes an intersecting segment before trail collision
ok 143 - a due blast removes an intersecting segment before trail collision
  ---
  duration_ms: 0.563083
  ...
# Subtest: swept movement collides with an old trail even when the endpoint has crossed it
ok 144 - swept movement collides with an old trail even when the endpoint has crossed it
  ---
  duration_ms: 0.424916
  ...
# Subtest: recent self trail is ignored but becomes lethal at the exact grace boundary
ok 145 - recent self trail is ignored but becomes lethal at the exact grace boundary
  ---
  duration_ms: 0.697625
  ...
# Subtest: head-on swept rider collision eliminates both and produces a draw
ok 146 - head-on swept rider collision eliminates both and produces a draw
  ---
  duration_ms: 0.446459
  ...
# Subtest: bomb input charges, launches on release, caps one live bomb, chains once, and observes cooldown
ok 147 - bomb input charges, launches on release, caps one live bomb, chains once, and observes cooldown
  ---
  duration_ms: 0.803125
  ...
# Subtest: quick bomb action bursts launch at minimum range and cancel paths never launch
ok 148 - quick bomb action bursts launch at minimum range and cancel paths never launch
  ---
  duration_ms: 3.4975
  ...
# Subtest: charged launches cap and clamp to the active safe interior
ok 149 - charged launches cap and clamp to the active safe interior
  ---
  duration_ms: 0.631167
  ...
# Subtest: a flying bomb cannot explode or chain-trigger before landing
ok 150 - a flying bomb cannot explode or chain-trigger before landing
  ---
  duration_ms: 1.273167
  ...
# Subtest: Triple Shot releases one deterministic straight three-bomb volley
ok 151 - Triple Shot releases one deterministic straight three-bomb volley
  ---
  duration_ms: 0.728833
  ...
# Subtest: invalid release and cancellation preserve launch modifiers
ok 152 - invalid release and cancellation preserve launch modifiers
  ---
  duration_ms: 0.384458
  ...
# Subtest: round wins score once, first to three ends the match, and rematch resets wins and scope
ok 153 - round wins score once, first to three ends the match, and rematch resets wins and scope
  ---
  duration_ms: 1.433667
  ...
# Subtest: overtime inset updates before collision and a 90-second unresolved round draws
ok 154 - overtime inset updates before collision and a 90-second unresolved round draws
  ---
  duration_ms: 1.546334
  ...
# Subtest: lifecycle commands enforce phase, capacity, identity, and connected-player guards
ok 155 - lifecycle commands enforce phase, capacity, identity, and connected-player guards
  ---
  duration_ms: 0.868958
  ...
# Subtest: wall and explosion causes are authoritative, clipped, and blast visuals expire exactly
ok 156 - wall and explosion causes are authoritative, clipped, and blast visuals expire exactly
  ---
  duration_ms: 4.744625
  ...
# Subtest: a finished match can replace every seat and start a clean rematch without restarting the server
ok 157 - a finished match can replace every seat and start a clean rematch without restarting the server
  ---
  duration_ms: 0.445125
  ...
# Subtest: the larger arena and seeded pickup schedule replay deterministically
ok 158 - the larger arena and seeded pickup schedule replay deterministically
  ---
  duration_ms: 0.675583
  ...
# Subtest: blast pickups cap at level two and affect bombs placed on the collection tick
ok 159 - blast pickups cap at level two and affect bombs placed on the collection tick
  ---
  duration_ms: 4.004833
  ...
# Subtest: a star collected on the swept path rescues and reflects a wall hit, then expires sharply
ok 160 - a star collected on the swept path rescues and reflects a wall hit, then expires sharply
  ---
  duration_ms: 0.523208
  ...
# Subtest: star head contact kills only a normal rider while two stars pass through
ok 161 - star head contact kills only a normal rider while two stars pass through
  ---
  duration_ms: 1.844584
  ...
# Subtest: pickup expiry, active cap, and impossible safe interior stay bounded
ok 162 - pickup expiry, active cap, and impossible safe interior stay bounded
  ---
  duration_ms: 1.931458
  ...
# Subtest: beer pickup debuffs every other living rider, refreshes, and keeps the collector unchanged
ok 163 - beer pickup debuffs every other living rider, refreshes, and keeps the collector unchanged
  ---
  duration_ms: 0.639625
  ...
# Subtest: drunk wobble expires at the strict tick boundary and resets between rounds
ok 164 - drunk wobble expires at the strict tick boundary and resets between rounds
  ---
  duration_ms: 0.418667
  ...
# Subtest: modifier pickups arm one use, refresh without stacking, and reset between rounds
ok 165 - modifier pickups arm one use, refresh without stacking, and reset between rounds
  ---
  duration_ms: 0.4505
  ...
# Subtest: orbit shields absorb a whole clustered hazard tick and grace protects until strict expiry
ok 166 - orbit shields absorb a whole clustered hazard tick and grace protects until strict expiry
  ---
  duration_ms: 0.544708
  ...
# Subtest: two shields both break on contact while Star preserves its stored shield
ok 167 - two shields both break on contact while Star preserves its stored shield
  ---
  duration_ms: 0.664916
  ...
# Subtest: shield break reflects an outward wall sweep and records the bounce
ok 168 - shield break reflects an outward wall sweep and records the bounce
  ---
  duration_ms: 0.352167
  ...
# Subtest: countdown leave is stamped, scored once, and a later join receives no prior-round award
ok 169 - countdown leave is stamped, scored once, and a later join receives no prior-round award
  ---
  duration_ms: 0.402584
  ...
# Subtest: overlapping blast owners receive no speculative elimination credit
ok 170 - overlapping blast owners receive no speculative elimination credit
  ---
  duration_ms: 1.063166
  ...
# Subtest: match-over recap is frozen and deeply detached from engine state
ok 171 - match-over recap is frozen and deeply detached from engine state
  ---
  duration_ms: 0.461875
  ...
# Subtest: Five Shot survives Triple collection and cancellation, then launches five with one cooldown
ok 172 - Five Shot survives Triple collection and cancellation, then launches five with one cooldown
  ---
  duration_ms: 0.63675
  ...
# Subtest: radial blast hits diagonal riders, clears diagonal trails and chains diagonal bombs
ok 173 - radial blast hits diagonal riders, clears diagonal trails and chains diagonal bombs
  ---
  duration_ms: 0.543583
  ...
# Subtest: bomb landing hits a rider before detonation, respecting star and shield
ok 174 - bomb landing hits a rider before detonation, respecting star and shield
  ---
  duration_ms: 1.65675
  ...
# Subtest: a bomb landing inside an active blast chains immediately
ok 175 - a bomb landing inside an active blast chains immediately
  ---
  duration_ms: 0.608375
  ...
# Subtest: blast preview is harmless before the fuse, both in flight and after landing
ok 176 - blast preview is harmless before the fuse, both in flight and after landing
  ---
  duration_ms: 1.602625
  ...
# Subtest: bomb skips riders along flight and only snipes at its landing position
ok 177 - bomb skips riders along flight and only snipes at its landing position
  ---
  duration_ms: 0.594584
  ...
# Subtest: landing step never uses blast radius for contact damage
ok 178 - landing step never uses blast radius for contact damage
  ---
  duration_ms: 2.589625
  ...
# Subtest: shell persists beyond five seconds and permits another shot after cooldown
ok 179 - shell persists beyond five seconds and permits another shot after cooldown
  ---
  duration_ms: 1.029583
  ...
# Subtest: shell body hits once, shield absorbs it, and no blast radius is produced
ok 180 - shell body hits once, shield absorbs it, and no blast radius is produced
  ---
  duration_ms: 0.896708
  ...
# Subtest: Gun pickup fires one bullet at twice rider speed and cuts a traversable trail gap
ok 181 - Gun pickup fires one bullet at twice rider speed and cuts a traversable trail gap
  ---
  duration_ms: 0.88625
  ...
# Subtest: gun head and wall impacts explode
ok 182 - gun head and wall impacts explode
  ---
  duration_ms: 0.943083
  ...
# Subtest: stopwatch caps at two levels, changes only future own bombs and resets next round
ok 183 - stopwatch caps at two levels, changes only future own bombs and resets next round
  ---
  duration_ms: 2.6665
  ...
# Subtest: first stopwatch level produces a one-and-a-half second fuse
ok 184 - first stopwatch level produces a one-and-a-half second fuse
  ---
  duration_ms: 1.674458
  ...
# Subtest: live shell bounces off a rider trail without damage or resetting its lifetime
ok 185 - live shell bounces off a rider trail without damage or resetting its lifetime
  ---
  duration_ms: 0.601792
  ...
# Subtest: gun explodes against the trail directly behind a rider and kills the rider
ok 186 - gun explodes against the trail directly behind a rider and kills the rider
  ---
  duration_ms: 0.504209
  ...
# Subtest: a blast clears trails whether it came from a landed bomb or a gun projectile hitting a rider
ok 187 - a blast clears trails whether it came from a landed bomb or a gun projectile hitting a rider
  ---
  duration_ms: 0.938875
  ...
# Subtest: a fixed-rounds match ends on the standings leader even when another rider wins the final round
ok 188 - a fixed-rounds match ends on the standings leader even when another rider wins the final round
  ---
  duration_ms: 1.156625
  ...
# Subtest: a drawn final round still awards the fixed-rounds match to the standings leader
ok 189 - a drawn final round still awards the fixed-rounds match to the standings leader
  ---
  duration_ms: 2.429709
  ...
# Subtest: a fixed-rounds leader who also wins the final round is credited exactly once
ok 190 - a fixed-rounds leader who also wins the final round is credited exactly once
  ---
  duration_ms: 0.973042
  ...
# Subtest: a fixed-rounds match tied at the final round ends without a match winner
ok 191 - a fixed-rounds match tied at the final round ends without a match winner
  ---
  duration_ms: 0.772333
  ...
# Subtest: gun speed is twice rider speed with a bounded nearby steering correction
ok 192 - gun speed is twice rider speed with a bounded nearby steering correction
  ---
  duration_ms: 1.092958
  ...
# Subtest: gun holes split trails precisely, keeping expiry metadata and distant trails
ok 193 - gun holes split trails precisely, keeping expiry metadata and distant trails
  ---
  duration_ms: 0.1475
  ...
# Subtest: defaults carry two STUN providers and no TURN
ok 194 - defaults carry two STUN providers and no TURN
  ---
  duration_ms: 0.945708
  ...
# Subtest: service ICE lists are validated at the client boundary and fall back to defaults
ok 195 - service ICE lists are validated at the client boundary and fall back to defaults
  ---
  duration_ms: 0.2585
  ...
# Subtest: peer connections wait for the ICE fetch instead of negotiating with the initial list (issue \#27)
ok 196 - peer connections wait for the ICE fetch instead of negotiating with the initial list (issue \#27)
  ---
  duration_ms: 0.274584
  ...
# Subtest: a failed ICE fetch yields the STUN defaults, never an empty list
ok 197 - a failed ICE fetch yields the STUN defaults, never an empty list
  ---
  duration_ms: 0.194917
  ...
# Subtest: a hung ICE fetch falls back to the STUN defaults when the abort bound fires, even if the fetch ignores the signal
ok 198 - a hung ICE fetch falls back to the STUN defaults when the abort bound fires, even if the fetch ignores the signal
  ---
  duration_ms: 0.159959
  ...
# Subtest: candidate types are read from the candidate line without keeping addresses
ok 199 - candidate types are read from the candidate line without keeping addresses
  ---
  duration_ms: 0.451667
  ...
# Subtest: ufrag and fingerprint readers tolerate missing lines
ok 200 - ufrag and fingerprint readers tolerate missing lines
  ---
  duration_ms: 0.489
  ...
# Subtest: restart offers keep the DTLS certificate; a recreated connection does not
ok 201 - restart offers keep the DTLS certificate; a recreated connection does not
  ---
  duration_ms: 0.06525
  ...
# Subtest: candidates are scoped to the ICE generation named by their ufrag
ok 202 - candidates are scoped to the ICE generation named by their ufrag
  ---
  duration_ms: 0.113583
  ...
# Subtest: Ink affects only other living riders, refreshes three seconds and snapshots without changing steering
ok 203 - Ink affects only other living riders, refreshes three seconds and snapshots without changing steering
  ---
  duration_ms: 31.91825
  ...
# Subtest: Ink clears at the next round
ok 204 - Ink clears at the next round
  ---
  duration_ms: 1.097917
  ...
# Subtest: join survives authority setup and failed delivery until roster confirmation
ok 205 - join survives authority setup and failed delivery until roster confirmation
  ---
  duration_ms: 0.767583
  ...
# Subtest: lost baseline retries identical full envelope on bounded clock, not dependent deltas
ok 206 - lost baseline retries identical full envelope on bounded clock, not dependent deltas
  ---
  duration_ms: 1.2345
  ...
# Subtest: lost ACK can acknowledge exact previously accepted duplicate without applying it twice
ok 207 - lost ACK can acknowledge exact previously accepted duplicate without applying it twice
  ---
  duration_ms: 2.245875
  ...
# Subtest: old generation stream sequence match and round ACKs cannot retire current baseline
ok 208 - old generation stream sequence match and round ACKs cannot retire current baseline
  ---
  duration_ms: 0.146875
  ...
# Subtest: five-second expiry bounds retained baseline and repeated poll/resync cannot flood retries
ok 209 - five-second expiry bounds retained baseline and repeated poll/resync cannot flood retries
  ---
  duration_ms: 0.382959
  ...
# Subtest: baseline is accepted before any dependent delta; ACK loss does not corrupt next decode
ok 210 - baseline is accepted before any dependent delta; ACK loss does not corrupt next decode
  ---
  duration_ms: 0.230291
  ...
# Subtest: creates a deterministic straight triple fan with seven points per bomb
ok 211 - creates a deterministic straight triple fan with seven points per bomb
  ---
  duration_ms: 1.08725
  ...
# Subtest: all fan paths clamp to safe bounds
ok 212 - all fan paths clamp to safe bounds
  ---
  duration_ms: 0.127333
  ...
# Subtest: rejects invalid geometry
ok 213 - rejects invalid geometry
  ---
  duration_ms: 0.157667
  ...
# Subtest: awards five-player placement points
ok 214 - awards five-player placement points
  ---
  duration_ms: 0.844625
  ...
# Subtest: two participants use winner five and runner-up three
ok 215 - two participants use winner five and runner-up three
  ---
  duration_ms: 0.080542
  ...
# Subtest: averages simultaneous elimination places exactly
ok 216 - averages simultaneous elimination places exactly
  ---
  duration_ms: 0.116792
  ...
# Subtest: does not mutate participants and rejects invalid groups
ok 217 - does not mutate participants and rejects invalid groups
  ---
  duration_ms: 0.18225
  ...
# Subtest: survivors share the top occupied ranks at timeout and points remain conserved
ok 218 - survivors share the top occupied ranks at timeout and points remain conserved
  ---
  duration_ms: 0.120292
  ...
# Subtest: score application validates the complete result before mutating totals
ok 219 - score application validates the complete result before mutating totals
  ---
  duration_ms: 0.146542
  ...
# Subtest: accumulates repeated matches and preserves departures
ok 220 - accumulates repeated matches and preserves departures
  ---
  duration_ms: 0.081166
  ...
# Subtest: returns copies in score order with deterministic tie break
ok 221 - returns copies in score order with deterministic tie break
  ---
  duration_ms: 6.122083
  ...
# Subtest: legendSrc routes pickup legend icons through assetUrl so they work under a Pages base path
ok 222 - legendSrc routes pickup legend icons through assetUrl so they work under a Pages base path
  ---
  duration_ms: 0.484625
  ...
# Subtest: queued retired-channel pongs cannot certify a new RTC link whose probe IDs restarted
ok 223 - queued retired-channel pongs cannot certify a new RTC link whose probe IDs restarted
  ---
  duration_ms: 0.487208
  ...
# Subtest: a replaced channel on the same live link cannot update state or expose stale errors
ok 224 - a replaced channel on the same live link cannot update state or expose stale errors
  ---
  duration_ms: 0.06275
  ...
# Subtest: retired peer callbacks cannot replace the current data channel even with identical service identity
ok 225 - retired peer callbacks cannot replace the current data channel even with identical service identity
  ---
  duration_ms: 0.059958
  ...
# Subtest: the reason names the first missing step in the direct-link pipeline
ok 226 - the reason names the first missing step in the direct-link pipeline
  ---
  duration_ms: 0.672834
  ...
# Subtest: the panel text is redacted and complete
ok 227 - the panel text is redacted and complete
  ---
  duration_ms: 0.253625
  ...
# Subtest: restarts are due every interval and stop after the bounded budget
ok 228 - restarts are due every interval and stop after the bounded budget
  ---
  duration_ms: 0.454958
  ...
# Subtest: fresh health restores the budget and retires the attempt in flight
ok 229 - fresh health restores the budget and retires the attempt in flight
  ---
  duration_ms: 0.076208
  ...
# Subtest: idle health checks every 200 ms do not retire anything
ok 230 - idle health checks every 200 ms do not retire anything
  ---
  duration_ms: 0.052625
  ...
# Subtest: only the newest attempt can complete
ok 231 - only the newest attempt can complete
  ---
  duration_ms: 0.051
  ...
# Subtest: healthy open channel under the buffer limit is permitted for gameplay and probes
ok 232 - healthy open channel under the buffer limit is permitted for gameplay and probes
  ---
  duration_ms: 0.435167
  ...
# Subtest: a closing signal recorded before the DOM readyState changes blocks gameplay and probe sends
ok 233 - a closing signal recorded before the DOM readyState changes blocks gameplay and probe sends
  ---
  duration_ms: 0.068917
  ...
# Subtest: solo starts one human and four AI without browser services, ready only on start
ok 234 - solo starts one human and four AI without browser services, ready only on start
  ---
  duration_ms: 15.008875
  ...
# Subtest: fixed ticks publish the ordinary game and matching zero-RTT motion clock
ok 235 - fixed ticks publish the ordinary game and matching zero-RTT motion clock
  ---
  duration_ms: 49.530417
  ...
# Subtest: visibility suspension clears held controls and old scope, with no hidden catch-up
ok 236 - visibility suspension clears held controls and old scope, with no hidden catch-up
  ---
  duration_ms: 8.136083
  ...
# Subtest: lobby settings and rematch use ordinary commands, stop disposes callbacks
ok 237 - lobby settings and rematch use ordinary commands, stop disposes callbacks
  ---
  duration_ms: 2.461292
  ...
# Subtest: fire edges stamped from a stalled wall-clock estimate are admitted for the next authority tick (\#43)
ok 238 - fire edges stamped from a stalled wall-clock estimate are admitted for the next authority tick (\#43)
  ---
  duration_ms: 13.267792
  ...
# Subtest: a hold resend that estimated an earlier tick cannot skip the solo press (\#43)
ok 239 - a hold resend that estimated an earlier tick cannot skip the solo press (\#43)
  ---
  duration_ms: 17.225458
  ...
# Subtest: distances render as whole arena units and durations reuse the shared formatter
ok 240 - distances render as whole arena units and durations reuse the shared formatter
  ---
  duration_ms: 0.635709
  ...
# Subtest: empty statistics produce an empty recap with no placeholder awards or totals
ok 241 - empty statistics produce an empty recap with no placeholder awards or totals
  ---
  duration_ms: 0.580084
  ...
# Subtest: a single rider stands alone as champion, wins every non-zero award and fills the table
ok 242 - a single rider stands alone as champion, wins every non-zero award and fills the table
  ---
  duration_ms: 0.4085
  ...
# Subtest: podium centres champions, keeps side places in seat order and excludes placements beyond third
ok 243 - podium centres champions, keeps side places in seat order and excludes placements beyond third
  ---
  duration_ms: 0.110875
  ...
# Subtest: a tied first place shows every champion in the centre and no second place
ok 244 - a tied first place shows every champion in the centre and no second place
  ---
  duration_ms: 0.105625
  ...
# Subtest: a match where nobody won any round places everyone on the podium as champions
ok 245 - a match where nobody won any round places everyone on the podium as champions
  ---
  duration_ms: 0.089708
  ...
# Subtest: awards share ties by joining names in placement order and skip counters nobody raised
ok 246 - awards share ties by joining names in placement order and skip counters nobody raised
  ---
  duration_ms: 0.112792
  ...
# Subtest: all-zero statistics yield no awards while the podium and table still render
ok 247 - all-zero statistics yield no awards while the podium and table still render
  ---
  duration_ms: 0.07925
  ...
# Subtest: singular award details read naturally
ok 248 - singular award details read naturally
  ---
  duration_ms: 0.082417
  ...
# Subtest: comparison rows order by placement then seat and format every recorded counter
ok 249 - comparison rows order by placement then seat and format every recorded counter
  ---
  duration_ms: 0.096
  ...
# Subtest: match totals sum the recorded counters across riders
ok 250 - match totals sum the recorded counters across riders
  ---
  duration_ms: 0.078958
  ...
# Subtest: the signature changes with any rendered figure and is order independent
ok 251 - the signature changes with any rendered figure and is order independent
  ---
  duration_ms: 0.095334
  ...
# Subtest: recap ignores riders with an unset placement rather than inventing a podium slot
ok 252 - recap ignores riders with an unset placement rather than inventing a podium slot
  ---
  duration_ms: 0.060125
  ...
# Subtest: records authoritative actions and returns detached snapshots
ok 253 - records authoritative actions and returns detached snapshots
  ---
  duration_ms: 1.026375
  ...
# Subtest: tracks round draws, longest survival and competition-ranked win ties
ok 254 - tracks round draws, longest survival and competition-ranked win ties
  ---
  duration_ms: 0.136792
  ...
# Subtest: validates references, distances and round membership
ok 255 - validates references, distances and round membership
  ---
  duration_ms: 0.331333
  ...
# Subtest: never credits self deaths and updates an existing participant identity
ok 256 - never credits self deaths and updates an existing participant identity
  ---
  duration_ms: 0.066792
  ...
# Subtest: a joined phone is the same landscape controller in every phase (\#13)
ok 257 - a joined phone is the same landscape controller in every phase (\#13)
  ---
  duration_ms: 0.783625
  ...
# Subtest: unjoined, display-only, desktop and mouse views keep the normal layout
ok 258 - unjoined, display-only, desktop and mouse views keep the normal layout
  ---
  duration_ms: 0.112833
  ...
# Subtest: an ended room is not joined play on any phone size or phase
ok 259 - an ended room is not joined play on any phone size or phase
  ---
  duration_ms: 0.227458
  ...
# Subtest: one validated nearby probe qualifies immediately; high RTT restores conservative delay
ok 260 - one validated nearby probe qualifies immediately; high RTT restores conservative delay
  ---
  duration_ms: 0.575708
  ...
# Subtest: stale, paused and explicit reset lose qualification; rejected samples do not extend freshness
ok 261 - stale, paused and explicit reset lose qualification; rejected samples do not extend freshness
  ---
  duration_ms: 0.12825
  ...
# Subtest: regional60ms never qualifies and a fresh scope is independently classified
ok 262 - regional60ms never qualifies and a fresh scope is independently classified
  ---
  duration_ms: 0.075334
  ...
# Subtest: half-tick presentation never rewinds or extrapolates; missing clock remains newest only
ok 263 - half-tick presentation never rewinds or extrapolates; missing clock remains newest only
  ---
  duration_ms: 0.43125
  ...
# Subtest: clock discontinuity clears the old clock even when observed before rendering
ok 264 - clock discontinuity clears the old clock even when observed before rendering
  ---
  duration_ms: 0.070042
  ...
# Subtest: rejected excessive RTT cancels fast classification and exact40ms boundary qualifies
ok 265 - rejected excessive RTT cancels fast classification and exact40ms boundary qualifies
  ---
  duration_ms: 0.057125
  ...
# Subtest: clock diagnostics are read-only and cannot refresh a sample or mutate its scope
ok 266 - clock diagnostics are read-only and cannot refresh a sample or mutate its scope
  ---
  duration_ms: 0.06125
  ...
# Subtest: empty and invalid clock observations cannot enable fast presentation
ok 267 - empty and invalid clock observations cannot enable fast presentation
  ---
  duration_ms: 0.048292
  ...
# Subtest: replacement reservation fences partitions and rejects delayed old renewals
ok 268 - replacement reservation fences partitions and rejects delayed old renewals
  ---
  duration_ms: 0.799375
  ...
# Subtest: clock uncertainty prevents overlapping old and new authorization
ok 269 - clock uncertainty prevents overlapping old and new authorization
  ---
  duration_ms: 0.215042
  ...
# Subtest: clock stops after suspension or stale samples, resuming only after fresh sample
ok 270 - clock stops after suspension or stale samples, resuming only after fresh sample
  ---
  duration_ms: 0.09225
  ...
# Subtest: clock rejects bad samples and conservative intervals crossing lease boundaries
ok 271 - clock rejects bad samples and conservative intervals crossing lease boundaries
  ---
  duration_ms: 0.102708
  ...
# Subtest: grant boundary validation rejects malformed values and exhausted epochs
ok 272 - grant boundary validation rejects malformed values and exhausted epochs
  ---
  duration_ms: 0.287542
  ...
# Subtest: checkpoint restore is atomic on the malformed sequences regression
ok 273 - checkpoint restore is atomic on the malformed sequences regression
  ---
  duration_ms: 11.033875
  ...
# Subtest: checkpoint restores exact physics, pending preferences and neutral disconnected identities
ok 274 - checkpoint restores exact physics, pending preferences and neutral disconnected identities
  ---
  duration_ms: 4.502
  ...
# Subtest: checkpoint rejects missing required game maps and nested fields
ok 275 - checkpoint rejects missing required game maps and nested fields
  ---
  duration_ms: 27.722083
  ...
# Subtest: checkpoint rejects schema incompatibility, foreign host and unsafe shape extensions
ok 276 - checkpoint rejects schema incompatibility, foreign host and unsafe shape extensions
  ---
  duration_ms: 8.945792
  ...
# Subtest: checkpoint rejects invalid sequences, duplicate map keys and cross references
ok 277 - checkpoint rejects invalid sequences, duplicate map keys and cross references
  ---
  duration_ms: 13.30775
  ...
# Subtest: checkpoint rejects nonfinite values, excessive bytes/depth and oversized nested trails
ok 278 - checkpoint rejects nonfinite values, excessive bytes/depth and oversized nested trails
  ---
  duration_ms: 17.449667
  ...
# Subtest: real countdown, playing and round transitions produce restorable bounded checkpoints
ok 279 - real countdown, playing and round transitions produce restorable bounded checkpoints
  ---
  duration_ms: 260.936458
  ...
# Subtest: checkpoint validates bombs, shell lifetime sentinel, pickups and portal geometry
ok 280 - checkpoint validates bombs, shell lifetime sentinel, pickups and portal geometry
  ---
  duration_ms: 2.814167
  ...
# Subtest: checkpoint rejects oversized history, malformed maps and missing participant statistics
ok 281 - checkpoint rejects oversized history, malformed maps and missing participant statistics
  ---
  duration_ms: 24.631333
  ...
# Subtest: room settings reject malformed values, restore safe defaults and allow all drops off
ok 282 - room settings reject malformed values, restore safe defaults and allow all drops off
  ---
  duration_ms: 0.951458
  ...
# Subtest: rooms isolate players and only the host can start or change rules
ok 283 - rooms isolate players and only the host can start or change rules
  ---
  duration_ms: 7.344917
  ...
# Subtest: fixed one-round rooms finish after one round
ok 284 - fixed one-round rooms finish after one round
  ---
  duration_ms: 2.444083
  ...
# Subtest: world deltas reconstruct split, removed and appended trails and recover via keyframe
ok 285 - world deltas reconstruct split, removed and appended trails and recover via keyframe
  ---
  duration_ms: 1.168958
  ...
# Subtest: fresh encoder after reconnection replaces old stream without accepting retired frames
ok 286 - fresh encoder after reconnection replaces old stream without accepting retired frames
  ---
  duration_ms: 0.172875
  ...
# Subtest: host checkpoint restores world and sequence numbers without replaying held fire
ok 287 - host checkpoint restores world and sequence numbers without replaying held fire
  ---
  duration_ms: 3.679167
  ...
# Subtest: field patches update joins and clear optional charge state without repeating identity
ok 288 - field patches update joins and clear optional charge state without repeating identity
  ---
  duration_ms: 0.552083
  ...
# Subtest: delayed unseen old keyframe cannot roll a newer generation backward
ok 289 - delayed unseen old keyframe cannot roll a newer generation backward
  ---
  duration_ms: 0.1095
  ...
# Subtest: invalid higher generation and corrupt trail patches cannot mutate accepted baseline
ok 290 - invalid higher generation and corrupt trail patches cannot mutate accepted baseline
  ---
  duration_ms: 0.382583
  ...
# Subtest: online return to lobby preserves transport simulation time
ok 291 - online return to lobby preserves transport simulation time
  ---
  duration_ms: 0.1325
  ...
# Subtest: guests that vanish in the lobby free their seats and the removal replicates to guests
ok 292 - guests that vanish in the lobby free their seats and the removal replicates to guests
  ---
  duration_ms: 0.456834
  ...
# Subtest: a guest lost mid-round keeps its seat until the match ends, then a newcomer reclaims it
ok 293 - a guest lost mid-round keeps its seat until the match ends, then a newcomer reclaims it
  ---
  duration_ms: 1.293833
  ...
# Subtest: a rematch drops the riders that were lost during the finished match
ok 294 - a rematch drops the riders that were lost during the finished match
  ---
  duration_ms: 0.8565
  ...
# Subtest: a whole round of chained deltas stays exact without any periodic re-baseline
ok 295 - a whole round of chained deltas stays exact without any periodic re-baseline
  ---
  duration_ms: 199.003625
  ...
# Subtest: Pages invites preserve project path while API requests use configured backend
ok 296 - Pages invites preserve project path while API requests use configured backend
  ---
  duration_ms: 0.500667
  ...
# Subtest: local origin default and endpoint boundaries are explicit
ok 297 - local origin default and endpoint boundaries are explicit
  ---
  duration_ms: 0.264875
  ...
# Subtest: failed press plus fresh held resends cannot invent charge or fire on release
ok 298 - failed press plus fresh held resends cannot invent charge or fire on release
  ---
  duration_ms: 12.70125
  ...
# Subtest: lost final release without other held controls cancels within ten ticks and is never retried
ok 299 - lost final release without other held controls cancels within ten ticks and is never retried
  ---
  duration_ms: 2.168209
  ...
# Subtest: steering heartbeat after lost release carries bomb false and safely cancels instead of firing
ok 300 - steering heartbeat after lost release carries bomb false and safely cancels instead of firing
  ---
  duration_ms: 0.790583
  ...
# Subtest: ordered-but-delayed release expires rather than replaying after network recovery
ok 301 - ordered-but-delayed release expires rather than replaying after network recovery
  ---
  duration_ms: 1.066125
  ...
# Subtest: first fresh press after countdown and explicit lobby reset fires without a neutral packet
ok 302 - first fresh press after countdown and explicit lobby reset fires without a neutral packet
  ---
  duration_ms: 10.56375
  ...
# Subtest: idle watchdog without a held gesture does not block the first fresh shot
ok 303 - idle watchdog without a held gesture does not block the first fresh shot
  ---
  duration_ms: 3.460166
  ...
# Subtest: new scope rejects old held/release packets but accepts a fresh press
ok 304 - new scope rejects old held/release packets but accepts a fresh press
  ---
  duration_ms: 2.853833
  ...
# Subtest: watchdog still suppresses interrupted held gestures until an actual release
ok 305 - watchdog still suppresses interrupted held gestures until an actual release
  ---
  duration_ms: 1.587291
  ...
# Subtest: receipt is not application: future steering waits and reports exact application tick
ok 306 - receipt is not application: future steering waits and reports exact application tick
  ---
  duration_ms: 12.291458
  ...
# Subtest: same-tick newest movement wins while all outcomes are acknowledged
ok 307 - same-tick newest movement wins while all outcomes are acknowledged
  ---
  duration_ms: 0.796583
  ...
# Subtest: older future slot cannot undo newer applied movement and exact result acknowledgements preserve pending input
ok 308 - older future slot cannot undo newer applied movement and exact result acknowledgements preserve pending input
  ---
  duration_ms: 0.778
  ...
# Subtest: held acknowledged steering continues then expires at ten ticks without fresh application
ok 309 - held acknowledged steering continues then expires at ten ticks without fresh application
  ---
  duration_ms: 2.108458
  ...
# Subtest: same-tick press/release survives steering supersession, duplicates cannot launch twice
ok 310 - same-tick press/release survives steering supersession, duplicates cannot launch twice
  ---
  duration_ms: 0.933708
  ...
# Subtest: a press stamped later than the following hold sample is still processed first in sequence order (\#43)
ok 311 - a press stamped later than the following hold sample is still processed first in sequence order (\#43)
  ---
  duration_ms: 0.668459
  ...
# Subtest: old-scope release cannot cancel current charge; expired current release cancels without firing
ok 312 - old-scope release cannot cancel current charge; expired current release cancels without firing
  ---
  duration_ms: 0.692959
  ...
# Subtest: disconnect, match changes and restore create fresh neutral scope while preserving received highwater
ok 313 - disconnect, match changes and restore create fresh neutral scope while preserving received highwater
  ---
  duration_ms: 1.552417
  ...
# Subtest: queue and result history are bounded and overflow forces explicit neutral resync
ok 314 - queue and result history are bounded and overflow forces explicit neutral resync
  ---
  duration_ms: 7.550584
  ...
# Subtest: malformed timing and aim cannot apply motion or keep an invalid release charging
ok 315 - malformed timing and aim cannot apply motion or keep an invalid release charging
  ---
  duration_ms: 0.570459
  ...
# Subtest: queued release is discarded on disconnect and cannot fire into a rejoined control scope
ok 316 - queued release is discarded on disconnect and cannot fire into a rejoined control scope
  ---
  duration_ms: 0.612708
  ...
# Subtest: direct-only path resumes on two fresh acknowledgements without relay quarantine
ok 317 - direct-only path resumes on two fresh acknowledgements without relay quarantine
  ---
  duration_ms: 0.514334
  ...
# Subtest: three-second blackhole after long healthy uptime retains channel and recovers on fresh probes
ok 318 - three-second blackhole after long healthy uptime retains channel and recovers on fresh probes
  ---
  duration_ms: 0.169583
  ...
# Subtest: restart requires eight continuously unhealthy seconds, reset by recovered health
ok 319 - restart requires eight continuously unhealthy seconds, reset by recovered health
  ---
  duration_ms: 0.063167
  ...
# Subtest: expired duplicate and pre-failure probes cannot keep blackholed path healthy
ok 320 - expired duplicate and pre-failure probes cannot keep blackholed path healthy
  ---
  duration_ms: 0.344791
  ...
# Subtest: effects do not replay on repeated snapshots or across authority/match reset
ok 321 - effects do not replay on repeated snapshots or across authority/match reset
  ---
  duration_ms: 1.390916
  ...
# Subtest: bomb flight sprite follows segmented path while damage radius stays at landing point
ok 322 - bomb flight sprite follows segmented path while damage radius stays at landing point
  ---
  duration_ms: 0.473292
  ...
# Subtest: death transitions occur once and backward presentation resets cosmetic history
ok 323 - death transitions occur once and backward presentation resets cosmetic history
  ---
  duration_ms: 0.105584
  ...
# Subtest: flight fallback clamps before launch and shells never use bomb arcs
ok 324 - flight fallback clamps before launch and shells never use bomb arcs
  ---
  duration_ms: 0.072458
  ...
# Subtest: a continuous bend is one stroke with the exact supplied vertices
ok 325 - a continuous bend is one stroke with the exact supplied vertices
  ---
  duration_ms: 0.787708
  ...
# Subtest: portal jumps, deleted ticks and clipped segments remain separate strokes
ok 326 - portal jumps, deleted ticks and clipped segments remain separate strokes
  ---
  duration_ms: 0.102792
  ...
# Subtest: history survives fractional motion, a changing predicted tip and equivalent deserialized snapshots
ok 327 - history survives fractional motion, a changing predicted tip and equivalent deserialized snapshots
  ---
  duration_ms: 0.504459
  ...
# Subtest: history refreshes for trail holes, clipping, expiry, death, identity, scope and reset
ok 328 - history refreshes for trail holes, clipping, expiry, death, identity, scope and reset
  ---
  duration_ms: 0.13325
  ...
# Subtest: a fresh trail follows the interpolated head by at most one simulation step
ok 329 - a fresh trail follows the interpolated head by at most one simulation step
  ---
  duration_ms: 0.138
  ...
# Subtest: head interpolation never extends a stale, destroyed, teleported or dead trail
ok 330 - head interpolation never extends a stale, destroyed, teleported or dead trail
  ---
  duration_ms: 0.1035
  ...
# Subtest: arena backing follows displayed size and screen density without changing world aspect
ok 331 - arena backing follows displayed size and screen density without changing world aspect
  ---
  duration_ms: 0.734084
  ...
# Subtest: arena backing bounds oversized displays and survives hidden or unavailable density
ok 332 - arena backing bounds oversized displays and survives hidden or unavailable density
  ---
  duration_ms: 0.073167
  ...
# Subtest: weighted table gives Five one third Triple probability with deterministic intervals
ok 333 - weighted table gives Five one third Triple probability with deterministic intervals
  ---
  duration_ms: 12.566791
  ...
# Subtest: Star is removed while remaining relative weights are preserved
ok 334 - Star is removed while remaining relative weights are preserved
  ---
  duration_ms: 0.141791
  ...
# Subtest: powerup pacing ramps every twenty seconds and stays bounded in overtime
ok 335 - powerup pacing ramps every twenty seconds and stays bounded in overtime
  ---
  duration_ms: 0.421167
  ...
# Subtest: portal transits survivors, breaks trail, preserves heading/charge, counts actual movement
ok 336 - portal transits survivors, breaks trail, preserves heading/charge, counts actual movement
  ---
  duration_ms: 9.308125
  ...
# Subtest: entry collision is resolved before transit, and shield remains independent
ok 337 - entry collision is resolved before transit, and shield remains independent
  ---
  duration_ms: 2.140625
  ...
# Subtest: unsafe exit defers teleport for rider, pending trail, trail, bomb and blast hazards
ok 338 - unsafe exit defers teleport for rider, pending trail, trail, bomb and blast hazards
  ---
  duration_ms: 4.217458
  ...
# Subtest: portal grace is defensive for both riders, protects trails/walls and does not consume shield
ok 339 - portal grace is defensive for both riders, protects trails/walls and does not consume shield
  ---
  duration_ms: 0.604292
  ...
# Subtest: portal expiry, snapshot copying, compact geometry omission and round reset
ok 340 - portal expiry, snapshot copying, compact geometry omission and round reset
  ---
  duration_ms: 1.275709
  ...
# Subtest: portal pickup creates deterministic pair, records stats, replaces pair without clearing cooldown
ok 341 - portal pickup creates deterministic pair, records stats, replaces pair without clearing cooldown
  ---
  duration_ms: 1.990333
  ...
# Subtest: impossible placement leaves pickup and old pair unconsumed
ok 342 - impossible placement leaves pickup and old pair unconsumed
  ---
  duration_ms: 0.783334
  ...
# Subtest: reverse transit respects cooldown at its exact deadline after replacement
ok 343 - reverse transit respects cooldown at its exact deadline after replacement
  ---
  duration_ms: 0.569083
  ...
# Subtest: portal defensive grace expires exactly at the authoritative tick
ok 344 - portal defensive grace expires exactly at the authoritative tick
  ---
  duration_ms: 1.901458
  ...
# Subtest: concurrent riders preserve separate entry heights at the linked wall
ok 345 - concurrent riders preserve separate entry heights at the linked wall
  ---
  duration_ms: 0.553084
  ...
# Subtest: wall placement remains useful on an occupied five-rider field across seeds
ok 346 - wall placement remains useful on an occupied five-rider field across seeds
  ---
  duration_ms: 85.219417
  ...
# Subtest: authoritative overtime shrinks portal wall length and removes reclaimed walls from snapshots
ok 347 - authoritative overtime shrinks portal wall length and removes reclaimed walls from snapshots
  ---
  duration_ms: 0.476459
  ...
# Subtest: compressed linked wall reserves an exit for the first rider rather than overlapping arrivals
ok 348 - compressed linked wall reserves an exit for the first rider rather than overlapping arrivals
  ---
  duration_ms: 0.480791
  ...
# Subtest: placement sizes walls to one third of field, caps at 300 and reserves full corridor
ok 349 - placement sizes walls to one third of field, caps at 300 and reserves full corridor
  ---
  duration_ms: 0.631
  ...
# Subtest: placement remains bounded for unsafe or insufficiently separated sites
ok 350 - placement remains bounded for unsafe or insufficiently separated sites
  ---
  duration_ms: 0.30625
  ...
# Subtest: full wall safety catches a hazard between sampled center and endpoints
ok 351 - full wall safety catches a hazard between sampled center and endpoints
  ---
  duration_ms: 0.101
  ...
# Subtest: swept wall entry preserves heading and relative linked height
ok 352 - swept wall entry preserves heading and relative linked height
  ---
  duration_ms: 2.440042
  ...
# Subtest: both directions and earliest intersected wall work
ok 353 - both directions and earliest intersected wall work
  ---
  duration_ms: 0.427083
  ...
# Subtest: rounded endpoints detect vertical and tangent contact without phantom end extensions
ok 354 - rounded endpoints detect vertical and tangent contact without phantom end extensions
  ---
  duration_ms: 1.360291
  ...
# Subtest: cooldown, expiry, inside, stationary, moving away and short movement do not retrigger
ok 355 - cooldown, expiry, inside, stationary, moving away and short movement do not retrigger
  ---
  duration_ms: 0.386167
  ...
# Subtest: unsafe and out-of-field exits defer transit and safety receives actual offset exit
ok 356 - unsafe and out-of-field exits defer transit and safety receives actual offset exit
  ---
  duration_ms: 0.763125
  ...
# Subtest: shrinking trims walls and removes pairs whose centerline or usable ends are reclaimed
ok 357 - shrinking trims walls and removes pairs whose centerline or usable ends are reclaimed
  ---
  duration_ms: 0.237
  ...
# Subtest: motion ledger boundary rejects malformed, unbounded and contradictory tick data
ok 358 - motion ledger boundary rejects malformed, unbounded and contradictory tick data
  ---
  duration_ms: 0.515167
  ...
# Subtest: local steering responds next frame using a partial step which never changes fixed replay
ok 359 - local steering responds next frame using a partial step which never changes fixed replay
  ---
  duration_ms: 10.426917
  ...
# Subtest: acknowledged held turn replays exactly with no pending events, including drunk offset
ok 360 - acknowledged held turn replays exactly with no pending events, including drunk offset
  ---
  duration_ms: 0.931542
  ...
# Subtest: fresh-input age neutralizes held controls at tick ten
ok 361 - fresh-input age neutralizes held controls at tick ten
  ---
  duration_ms: 3.105542
  ...
# Subtest: press and release scheduled for same tick uses latest sample, received ack cannot retire either
ok 362 - press and release scheduled for same tick uses latest sample, received ack cannot retire either
  ---
  duration_ms: 0.757125
  ...
# Subtest: mismatched snapshot and application tick rejected atomically
ok 363 - mismatched snapshot and application tick rejected atomically
  ---
  duration_ms: 0.790458
  ...
# Subtest: applied result retires pending but continues authoritative held input
ok 364 - applied result retires pending but continues authoritative held input
  ---
  duration_ms: 0.582958
  ...
# Subtest: death and portal reset local motion and epoch invalidates timing
ok 365 - death and portal reset local motion and epoch invalidates timing
  ---
  duration_ms: 0.573583
  ...
# Subtest: clock retains conservative send sampled bounds and rejects pause stale and invalid RTT
ok 366 - clock retains conservative send sampled bounds and rejects pause stale and invalid RTT
  ---
  duration_ms: 0.081292
  ...
# Subtest: remote buffer uses coherent past state and fractional ticks without portal chords
ok 367 - remote buffer uses coherent past state and fractional ticks without portal chords
  ---
  duration_ms: 0.798792
  ...
# Subtest: spectator clock advances fractional render ticks without a player seat and resets scope
ok 368 - spectator clock advances fractional render ticks without a player seat and resets scope
  ---
  duration_ms: 4.910583
  ...
# Subtest: presentation connector is bounded and never mutates confirmed trails
ok 369 - presentation connector is bounded and never mutates confirmed trails
  ---
  duration_ms: 0.632625
  ...
# Subtest: inactive snapshots do not invent movement correction or smoothing offsets
ok 370 - inactive snapshots do not invent movement correction or smoothing offsets
  ---
  duration_ms: 2.163541
  ...
# Subtest: slow round trip or lagging snapshot never rejects input locally; host admission and the four-tick lead cap bound it (\#15)
ok 371 - slow round trip or lagging snapshot never rejects input locally; host admission and the four-tick lead cap bound it (\#15)
  ---
  duration_ms: 1.696792
  ...
# Subtest: transport-refused and stale inputs never count toward the bound; overflow drops the backlog instead of blocking (\#20)
ok 372 - transport-refused and stale inputs never count toward the bound; overflow drops the backlog instead of blocking (\#20)
  ---
  duration_ms: 1.311041
  ...
# Subtest: overflow first drops inputs behind the host window and only clears a fully fresh backlog (\#15 follow-up)
ok 373 - overflow first drops inputs behind the host window and only clears a fully fresh backlog (\#15 follow-up)
  ---
  duration_ms: 0.75675
  ...
# Subtest: a lost clock limits the preview but never the send (\#65)
ok 374 - a lost clock limits the preview but never the send (\#65)
  ---
  duration_ms: 0.573958
  ...
# Subtest: all semantic message variants validate without accepting extra fields
ok 375 - all semantic message variants validate without accepting extra fields
  ---
  duration_ms: 2.407458
  ...
# Subtest: untrusted message shapes, sizes, tokens and input sequences fail closed
ok 376 - untrusted message shapes, sizes, tokens and input sequences fail closed
  ---
  duration_ms: 0.495959
  ...
# Subtest: target aim accepts finite normalized coordinates only and rejects nested extras
ok 377 - target aim accepts finite normalized coordinates only and rejects nested extras
  ---
  duration_ms: 0.431375
  ...
# Subtest: serialized recipient acknowledgement preserves own zero and negative sequences without other seats
ok 378 - serialized recipient acknowledgement preserves own zero and negative sequences without other seats
  ---
  duration_ms: 0.75375
  ...
# Subtest: recipient ack envelopes preserve complete keyframe retry and unchanged world decoding
ok 379 - recipient ack envelopes preserve complete keyframe retry and unchanged world decoding
  ---
  duration_ms: 0.989084
  ...
# Subtest: candidates before the remote description are buffered, bounded at 64 and flushed in order
ok 380 - candidates before the remote description are buffered, bounded at 64 and flushed in order
  ---
  duration_ms: 2.099708
  ...
# Subtest: candidates arriving while a description is being applied wait, then apply; later ones apply directly
ok 381 - candidates arriving while a description is being applied wait, then apply; later ones apply directly
  ---
  duration_ms: 0.171416
  ...
# Subtest: answer-side candidates that arrive after the local answer are applied against the remote description
ok 382 - answer-side candidates that arrive after the local answer are applied against the remote description
  ---
  duration_ms: 0.098042
  ...
# Subtest: a restart offer changes the ufrag: old-generation candidates never poison it and new ones wait for it
ok 383 - a restart offer changes the ufrag: old-generation candidates never poison it and new ones wait for it
  ---
  duration_ms: 0.110375
  ...
# Subtest: browser rejection of a candidate is counted, not thrown into the signalling loop
ok 384 - browser rejection of a candidate is counted, not thrown into the signalling loop
  ---
  duration_ms: 0.09475
  ...
# Subtest: only actual changed heading counts, unchanged animation frames do not
ok 385 - only actual changed heading counts, unchanged animation frames do not
  ---
  duration_ms: 0.628
  ...
# Subtest: clock-aligned render frames detect wrapped positive heading and reject the wrong direction
ok 386 - clock-aligned render frames detect wrapped positive heading and reject the wrong direction
  ---
  duration_ms: 0.101209
  ...
# Subtest: death, round transition, intoxication and live powerups invalidate the measurement
ok 387 - death, round transition, intoxication and live powerups invalidate the measurement
  ---
  duration_ms: 0.108167
  ...
# Subtest: turning, short, stale and missing baselines are rejected without cherry-picking
ok 388 - turning, short, stale and missing baselines are rejected without cherry-picking
  ---
  duration_ms: 0.070792
  ...
# Subtest: unchanged heading times out and incomplete capture is separately rejected
ok 389 - unchanged heading times out and incomplete capture is separately rejected
  ---
  duration_ms: 0.071
  ...
# Subtest: one degree metric remains later than the first tiny numerical departure
ok 390 - one degree metric remains later than the first tiny numerical departure
  ---
  duration_ms: 0.064084
  ...
# Subtest: render continuity separates repeated authoritative ticks from animation cadence and attempt gaps
ok 391 - render continuity separates repeated authoritative ticks from animation cadence and attempt gaps
  ---
  duration_ms: 2.530042
  ...
# Subtest: return to lobby from lobby clears match state without inventing session points
ok 392 - return to lobby from lobby clears match state without inventing session points
  ---
  duration_ms: 9.56325
  ...
# Subtest: return to lobby from countdown clears match state without inventing session points
ok 393 - return to lobby from countdown clears match state without inventing session points
  ---
  duration_ms: 1.582667
  ...
# Subtest: return to lobby from playing clears match state without inventing session points
ok 394 - return to lobby from playing clears match state without inventing session points
  ---
  duration_ms: 0.648959
  ...
# Subtest: return to lobby from roundOver clears match state without inventing session points
ok 395 - return to lobby from roundOver clears match state without inventing session points
  ---
  duration_ms: 0.581375
  ...
# Subtest: return to lobby from matchOver clears match state without inventing session points
ok 396 - return to lobby from matchOver clears match state without inventing session points
  ---
  duration_ms: 0.646375
  ...
# Subtest: empty party can return to lobby and invalid scope is rejected before mutation
ok 397 - empty party can return to lobby and invalid scope is rejected before mutation
  ---
  duration_ms: 0.137958
  ...
# Subtest: pure rider kernel exactly matches authoritative turns including drunk offsets
ok 398 - pure rider kernel exactly matches authoritative turns including drunk offsets
  ---
  duration_ms: 19.9245
  ...
# Subtest: opposite controls cancel steering and pure motion leaves input pose unchanged
ok 399 - opposite controls cancel steering and pure motion leaves input pose unchanged
  ---
  duration_ms: 0.083792
  ...
# Subtest: short codes map the full67600 space and reject biased random tail
ok 400 - short codes map the full67600 space and reject biased random tail
  ---
  duration_ms: 0.640875
  ...
# Subtest: new and temporary legacy room identities validate without making codes secrets
ok 401 - new and temporary legacy room identities validate without making codes secrets
  ---
  duration_ms: 0.123666
  ...
# Subtest: collision reservation is bounded and never masks noncollision failure
ok 402 - collision reservation is bounded and never masks noncollision failure
  ---
  duration_ms: 0.534917
  ...
# Subtest: ordinary initial show is inert and permanent departure disposes the room
ok 403 - ordinary initial show is inert and permanent departure disposes the room
  ---
  duration_ms: 0.793417
  ...
# Subtest: BFCache restoration reloads stopped room exactly once instead of reviving its transport
ok 404 - BFCache restoration reloads stopped room exactly once instead of reviving its transport
  ---
  duration_ms: 0.077333
  ...
# Subtest: expired room stops before clearing runtime and never retries a reused public code
ok 405 - expired room stops before clearing runtime and never retries a reused public code
  ---
  duration_ms: 0.764667
  ...
# Subtest: temporary network failure retries while replaced host is terminal separately
ok 406 - temporary network failure retries while replaced host is terminal separately
  ---
  duration_ms: 0.087375
  ...
# Subtest: safeStorage falls back to an in-memory store when the underlying storage throws on access
ok 407 - safeStorage falls back to an in-memory store when the underlying storage throws on access
  ---
  duration_ms: 0.501667
  ...
# Subtest: safeStorage does not evaluate the storage accessor until a get/set/remove call is made
ok 408 - safeStorage does not evaluate the storage accessor until a get/set/remove call is made
  ---
  duration_ms: 0.076209
  ...
# Subtest: safeStorage passes through to real storage when it works
ok 409 - safeStorage passes through to real storage when it works
  ---
  duration_ms: 0.090333
  ...
# Subtest: createMemoryStorage never throws and reports missing keys as null
ok 410 - createMemoryStorage never throws and reports missing keys as null
  ---
  duration_ms: 0.047084
  ...
# Subtest: LAN AI management is authorized, shares seats, follows normal rounds and can be removed
ok 411 - LAN AI management is authorized, shares seats, follows normal rounds and can be removed
  ---
  duration_ms: 28.864334
  ...
# Subtest: LAN bot protocol rejects missing IDs, human IDs and unexpected action data
ok 412 - LAN bot protocol rejects missing IDs, human IDs and unexpected action data
  ---
  duration_ms: 0.490375
  ...
# Subtest: a reconnect cancels prior charge and accepts a fresh explicit press-release pair
ok 413 - a reconnect cancels prior charge and accepts a fresh explicit press-release pair
  ---
  duration_ms: 79.055625
  ...
# Subtest: match rematch resets scope and wins, then round-over automatically starts the next round
ok 414 - match rematch resets scope and wins, then round-over automatically starts the next round
  ---
  duration_ms: 44.035584
  ...
# Subtest: controller snapshots strip the full match statistics table
ok 415 - controller snapshots strip the full match statistics table
  ---
  duration_ms: 1.158667
  ...
# Subtest: five seats, sixth denial, full public snapshots and private host control
ok 416 - five seats, sixth denial, full public snapshots and private host control
  ---
  duration_ms: 65.825792
  ...
# Subtest: reconnect replaces the same seat, sequences continue, stale input becomes neutral, rapid bomb taps survive
ok 417 - reconnect replaces the same seat, sequences continue, stale input becomes neutral, rapid bomb taps survive
  ---
  duration_ms: 15.780625
  ...
# Subtest: admission rejects late/invalid joins, leave frees lobby seats and eliminates during play
ok 418 - admission rejects late/invalid joins, leave frees lobby seats and eliminates during play
  ---
  duration_ms: 14.42625
  ...
# Subtest: charge holds use authoritative ticks and launch only on explicit release
ok 419 - charge holds use authoritative ticks and launch only on explicit release
  ---
  duration_ms: 10.971917
  ...
# Subtest: cancel, stale input, and socket replacement discard charges and queued releases
ok 420 - cancel, stale input, and socket replacement discard charges and queued releases
  ---
  duration_ms: 10.38425
  ...
# Subtest: typed injected clock drives heartbeat timeout and rate window without sleeping
ok 421 - typed injected clock drives heartbeat timeout and rate window without sleeping
  ---
  duration_ms: 3.510375
  ...
# Subtest: a flood of malformed frames is counted against the rate limit and closes the socket with 1008
ok 422 - a flood of malformed frames is counted against the rate limit and closes the socket with 1008
  ---
  duration_ms: 3.876875
  ...
# Subtest: invalid frames do not refresh lastSeen so the idle watchdog still prunes a garbage-only client
ok 423 - invalid frames do not refresh lastSeen so the idle watchdog still prunes a garbage-only client
  ---
  duration_ms: 1.053875
  ...
# Subtest: bounded catch-up discards sleep-sized backlogs
ok 424 - bounded catch-up discards sleep-sized backlogs
  ---
  duration_ms: 0.071
  ...
# Subtest: a finished match can accept fresh phones after every original player leaves
ok 425 - a finished match can accept fresh phones after every original player leaves
  ---
  duration_ms: 7.407459
  ...
# Subtest: injected scheduler advances fixed ticks, caps catch-up, discards excess and cancels on close
ok 426 - injected scheduler advances fixed ticks, caps catch-up, discards excess and cancels on close
  ---
  duration_ms: 0.517125
  ...
# Subtest: display receives 20Hz world state while phones receive compact 10Hz updates and measured input acknowledgments
ok 427 - display receives 20Hz world state while phones receive compact 10Hz updates and measured input acknowledgments
  ---
  duration_ms: 7.214583
  ...
# Subtest: late countdown joins wait safely, reconnect and enter next round automatically
ok 428 - late countdown joins wait safely, reconnect and enter next round automatically
  ---
  duration_ms: 10.796958
  ...
# Subtest: late playing joins wait safely, reconnect and enter next round automatically
ok 429 - late playing joins wait safely, reconnect and enter next round automatically
  ---
  duration_ms: 10.522666
  ...
# Subtest: target release aim survives newer input packets through real socket transport
ok 430 - target release aim survives newer input packets through real socket transport
  ---
  duration_ms: 6.211958
  ...
# Subtest: host can abort to lobby without losing phone seats or replaying buffered bomb releases
ok 431 - host can abort to lobby without losing phone seats or replaying buffered bomb releases
  ---
  duration_ms: 9.458667
  ...
# Subtest: serialized avatar joins assign an allowed head and reconnect preserves server identity
ok 432 - serialized avatar joins assign an allowed head and reconnect preserves server identity
  ---
  duration_ms: 2.355791
  ...
# Subtest: a joined controller can change only its own avatar during play without altering gameplay
ok 433 - a joined controller can change only its own avatar during play without altering gameplay
  ---
  duration_ms: 7.315167
  ...
# Subtest: phones that vanish in the lobby release their seats for newcomers and for the next start
ok 434 - phones that vanish in the lobby release their seats for newcomers and for the next start
  ---
  duration_ms: 4.841625
  ...
# Subtest: a full lobby reclaims a vanished seat for a newcomer without any host action
ok 435 - a full lobby reclaims a vanished seat for a newcomer without any host action
  ---
  duration_ms: 4.590541
  ...
# Subtest: a phone that vanishes mid-round keeps its seat for reconnection and never yields it to a newcomer
ok 436 - a phone that vanishes mid-round keeps its seat for reconnection and never yields it to a newcomer
  ---
  duration_ms: 10.834709
  ...
# Subtest: actual service exposes Cloud Run safe health aliases without requiring provider operations
ok 437 - actual service exposes Cloud Run safe health aliases without requiring provider operations
  ---
  duration_ms: 766.579209
  ...
# Subtest: service transaction retries keep one logical connection/grant and fenced replacement
ok 438 - service transaction retries keep one logical connection/grant and fenced replacement
  ---
  duration_ms: 1.538459
  ...
# Subtest: service reserves creator slot and atomically bounds concurrent admission
ok 439 - service reserves creator slot and atomically bounds concurrent admission
  ---
  duration_ms: 0.967333
  ...
# Subtest: two gateways advertise actual remote members and route only signalling
ok 440 - two gateways advertise actual remote members and route only signalling
  ---
  duration_ms: 1.16825
  ...
# Subtest: mesh signalling permits guest pairs while rejecting foreign room and replaced target scopes
ok 441 - mesh signalling permits guest pairs while rejecting foreign room and replaced target scopes
  ---
  duration_ms: 0.450375
  ...
# Subtest: guest mesh signals retain source replacement and cross-room membership fences
ok 442 - guest mesh signals retain source replacement and cross-room membership fences
  ---
  duration_ms: 0.720041
  ...
# Subtest: fast bus after delayed metadata emits new source membership before SDP
ok 443 - fast bus after delayed metadata emits new source membership before SDP
  ---
  duration_ms: 0.477
  ...
# Subtest: expired and duplicate bus packets never repeat SDP; old replacement source is rejected
ok 444 - expired and duplicate bus packets never repeat SDP; old replacement source is rejected
  ---
  duration_ms: 0.367708
  ...
# Subtest: time renewals preserve exact authority and stale close cannot revoke replacement
ok 445 - time renewals preserve exact authority and stale close cannot revoke replacement
  ---
  duration_ms: 0.505375
  ...
# Subtest: idle teardown and immediate rejoin serialize a new subscription before admission
ok 446 - idle teardown and immediate rejoin serialize a new subscription before admission
  ---
  duration_ms: 0.282833
  ...
# Subtest: bus failure and slow receiver fail explicitly without keeping hidden relay queues
ok 447 - bus failure and slow receiver fail explicitly without keeping hidden relay queues
  ---
  duration_ms: 1.220875
  ...
# Subtest: runtime metadata and bus schemas reject corrupt scope and gameplay frames
ok 448 - runtime metadata and bus schemas reject corrupt scope and gameplay frames
  ---
  duration_ms: 0.376208
  ...
# Subtest: v2 renewal accepts GrantIdentity without timestamps at the actual JSON boundary
ok 449 - v2 renewal accepts GrantIdentity without timestamps at the actual JSON boundary
  ---
  duration_ms: 0.297209
  ...
# Subtest: failed bus is drained before a queued new connection can mark it ready
ok 450 - failed bus is drained before a queued new connection can mark it ready
  ---
  duration_ms: 0.3785
  ...
# Subtest: short-code transactional collisions preserve the live room and retry only bounded conflicts
ok 451 - short-code transactional collisions preserve the live room and retry only bounded conflicts
  ---
  duration_ms: 0.757083
  ...
# Subtest: guest keepalives never extend host-session lifetime and exact expiry rejects admission
ok 452 - guest keepalives never extend host-session lifetime and exact expiry rejects admission
  ---
  duration_ms: 0.259708
  ...
# Subtest: only the current host extends reconnect grace and replacement close cannot shorten it
ok 453 - only the current host extends reconnect grace and replacement close cannot shorten it
  ---
  duration_ms: 0.176167
  ...
# Subtest: host end is authorized, immediate and cannot end a reused code with an old capability
ok 454 - host end is authorized, immediate and cannot end a reused code with an old capability
  ---
  duration_ms: 0.520875
  ...
# Subtest: cached signalling refuses expired rooms before asynchronous TTL deletion
ok 455 - cached signalling refuses expired rooms before asynchronous TTL deletion
  ---
  duration_ms: 0.483625
  ...
# Subtest: gateway expiry timer closes silent sockets without depending on TTL deletion or traffic
ok 456 - gateway expiry timer closes silent sockets without depending on TTL deletion or traffic
  ---
  duration_ms: 8.410042
  ...
# Subtest: delayed old-incarnation heartbeat or read cannot roll back a reused room view
ok 457 - delayed old-incarnation heartbeat or read cannot roll back a reused room view
  ---
  duration_ms: 2.392334
  ...
# Subtest: delayed old admission cannot replace a newly observed room incarnation
ok 458 - delayed old admission cannot replace a newly observed room incarnation
  ---
  duration_ms: 0.632291
  ...
# Subtest: cancelled metadata watch callbacks cannot mutate a recreated room view
ok 459 - cancelled metadata watch callbacks cannot mutate a recreated room view
  ---
  duration_ms: 0.370833
  ...
# Subtest: direct new admission rotates an active old watch before its delayed callbacks arrive
ok 460 - direct new admission rotates an active old watch before its delayed callbacks arrive
  ---
  duration_ms: 0.330875
  ...
# Subtest: shell reflects remaining travel and exposes the true collision path
ok 461 - shell reflects remaining travel and exposes the true collision path
  ---
  duration_ms: 0.83725
  ...
# Subtest: corners reflect both axes and shrinking bounds clamp safely
ok 462 - corners reflect both axes and shrinking bounds clamp safely
  ---
  duration_ms: 0.088167
  ...
# Subtest: shell ricochets off a tail without crossing it and keeps its speed
ok 463 - shell ricochets off a tail without crossing it and keeps its speed
  ---
  duration_ms: 0.238458
  ...
# Subtest: diagonal tails and exposed endpoints reflect instead of tunnelling
ok 464 - diagonal tails and exposed endpoints reflect instead of tunnelling
  ---
  duration_ms: 0.091834
  ...
# Subtest: failure notice classifies only press/release gestures, never neutral or held heartbeats
ok 465 - failure notice classifies only press/release gestures, never neutral or held heartbeats
  ---
  duration_ms: 0.402083
  ...
# Subtest: shot notice persists three seconds independently and another failure restarts the deadline
ok 466 - shot notice persists three seconds independently and another failure restarts the deadline
  ---
  duration_ms: 0.086125
  ...
# Subtest: every candidate shape Chrome and Safari emit passes the signalling boundary
ok 467 - every candidate shape Chrome and Safari emit passes the signalling boundary
  ---
  duration_ms: 0.46
  ...
# Subtest: descriptions from localDescription.toJSON() pass; anything else is rejected
ok 468 - descriptions from localDescription.toJSON() pass; anything else is rejected
  ---
  duration_ms: 0.203875
  ...
# Subtest: connect() while the previous socket is still CONNECTING closes it instead of orphaning it
ok 469 - connect() while the previous socket is still CONNECTING closes it instead of orphaning it
  ---
  duration_ms: 1.017875
  ...
# Subtest: connect() with no prior socket does not attempt to close anything
ok 470 - connect() with no prior socket does not attempt to close anything
  ---
  duration_ms: 0.118834
  ...
# Subtest: a real disconnect on the current socket reports status and reconnects
ok 471 - a real disconnect on the current socket reports status and reconnects
  ---
  duration_ms: 0.101958
  ...
# Subtest: send() only transmits once the current socket reports OPEN, and close() is idempotent-safe
ok 472 - send() only transmits once the current socket reports OPEN, and close() is idempotent-safe
  ---
  duration_ms: 0.095666
  ...
# Subtest: an inbound pong reports round-trip time instead of reaching onMessage
ok 473 - an inbound pong reports round-trip time instead of reaching onMessage
  ---
  duration_ms: 0.531209
  ...
# Subtest: a host error reply survives 200 ms of ticks and world frames, then the connection status returns
ok 474 - a host error reply survives 200 ms of ticks and world frames, then the connection status returns
  ---
  duration_ms: 0.898
  ...
# Subtest: unchanged recurring status is emitted once however many ticks and frames restate it
ok 475 - unchanged recurring status is emitted once however many ticks and frames restate it
  ---
  duration_ms: 0.196667
  ...
# Subtest: the recurring status that returns after a notice is the latest one, not the one it replaced
ok 476 - the recurring status that returns after a notice is the latest one, not the one it replaced
  ---
  duration_ms: 0.147458
  ...
# Subtest: a join error survives the 500 ms join retry cadence without restating itself
ok 477 - a join error survives the 500 ms join retry cadence without restating itself
  ---
  duration_ms: 0.197667
  ...
# Subtest: a later notice replaces a live notice and extends the hold
ok 478 - a later notice replaces a live notice and extends the hold
  ---
  duration_ms: 0.183542
  ...
# Subtest: a notice raised before any connection status is never replaced by a silent refresh
ok 479 - a notice raised before any connection status is never replaced by a silent refresh
  ---
  duration_ms: 0.191917
  ...
# Subtest: a rejected input frame flashes without holding the line or hiding a real error
ok 480 - a rejected input frame flashes without holding the line or hiding a real error
  ---
  duration_ms: 0.150916
  ...
# Subtest: a terminal notice is never overwritten by recurring status or by later notices
ok 481 - a terminal notice is never overwritten by recurring status or by later notices
  ---
  duration_ms: 0.148916
  ...
# Subtest: target collection arms one normal-strength bomb and preserves volley upgrades
ok 482 - target collection arms one normal-strength bomb and preserves volley upgrades
  ---
  duration_ms: 9.522208
  ...
# Subtest: targeting requires pickup and clamps to the current safe field
ok 483 - targeting requires pickup and clamps to the current safe field
  ---
  duration_ms: 1.345959
  ...
# Subtest: cancel, rejected release and death clear preview without consuming; next round resets
ok 484 - cancel, rejected release and death clear preview without consuming; next round resets
  ---
  duration_ms: 1.14675
  ...
# Subtest: queued release uses its own aim rather than a later packet in the same server tick
ok 485 - queued release uses its own aim rather than a later packet in the same server tick
  ---
  duration_ms: 0.562667
  ...
# Subtest: Target detonates on the release tick, with damage and protection resolved immediately
ok 486 - Target detonates on the release tick, with damage and protection resolved immediately
  ---
  duration_ms: 1.49225
  ...
# Subtest: instant Target blast chains nearby bombs in the same tick
ok 487 - instant Target blast chains nearby bombs in the same tick
  ---
  duration_ms: 0.508
  ...
# Subtest: host clock replies are bound, single-use, bounded and invalidated at recovery
ok 488 - host clock replies are bound, single-use, bounded and invalidated at recovery
  ---
  duration_ms: 0.475542
  ...
# Subtest: trail clipping preserves contained geometry identity and timestamps
ok 489 - trail clipping preserves contained geometry identity and timestamps
  ---
  duration_ms: 0.493042
  ...
# Subtest: trail clipping trims crossings on every edge in both directions
ok 490 - trail clipping trims crossings on every edge in both directions
  ---
  duration_ms: 0.569417
  ...
# Subtest: trail clipping keeps closed tangent edges and corner contacts
ok 491 - trail clipping keeps closed tangent edges and corner contacts
  ---
  duration_ms: 0.080833
  ...
# Subtest: trail clipping removes exterior points, parallel lines and disjoint diagonal segments
ok 492 - trail clipping removes exterior points, parallel lines and disjoint diagonal segments
  ---
  duration_ms: 0.070833
  ...
# Subtest: overtime trims dead and living trails before collision and snapshot, retaining disconnected pieces
ok 493 - overtime trims dead and living trails before collision and snapshot, retaining disconnected pieces
  ---
  duration_ms: 9.311
  ...
# Subtest: star, shield and portal grace bounce trails cannot start outside the newly closed field
ok 494 - star, shield and portal grace bounce trails cannot start outside the newly closed field
  ---
  duration_ms: 1.803167
  ...
# Subtest: overtime clipping preserves portal entry and exit discontinuity
ok 495 - overtime clipping preserves portal entry and exit discontinuity
  ---
  duration_ms: 0.976583
  ...
# Subtest: Worker persists an incarnation and allocates authority to the current host connection only
ok 496 - Worker persists an incarnation and allocates authority to the current host connection only
  ---
  duration_ms: 14.960917
  ...
# Subtest: Worker fences host replacement and delayed close without overlapping lease validity
ok 497 - Worker fences host replacement and delayed close without overlapping lease validity
  ---
  duration_ms: 1.484458
  ...
# Subtest: Worker renews only an active exact grant from its current host, with authenticated clock echo
ok 498 - Worker renews only an active exact grant from its current host, with authenticated clock echo
  ---
  duration_ms: 1.020625
  ...
# Subtest: Worker routes only current authenticated endpoints and includes source connection scope
ok 499 - Worker routes only current authenticated endpoints and includes source connection scope
  ---
  duration_ms: 1.447167
  ...
# Subtest: Worker serializes simultaneous host reservations and retains fencing through hibernation state
ok 500 - Worker serializes simultaneous host reservations and retains fencing through hibernation state
  ---
  duration_ms: 0.759959
  ...
# Subtest: Worker rejects malformed clock requests and bounds six active memberships while permitting replacement
ok 501 - Worker rejects malformed clock requests and bounds six active memberships while permitting replacement
  ---
  duration_ms: 1.674292
  ...
# Subtest: Worker reserves creator capacity when invitees arrive before the host
ok 502 - Worker reserves creator capacity when invitees arrive before the host
  ---
  duration_ms: 2.30075
  ...
# Subtest: Worker rejects gameplay relay even between valid host and guest sockets
ok 503 - Worker rejects gameplay relay even between valid host and guest sockets
  ---
  duration_ms: 0.8115
  ...
# Subtest: Worker expires at90seconds without host heartbeat even while guests keep sending
ok 504 - Worker expires at90seconds without host heartbeat even while guests keep sending
  ---
  duration_ms: 0.855
  ...
# Subtest: Worker end requires host capability and code reuse clears prior authority
ok 505 - Worker end requires host capability and code reuse clears prior authority
  ---
  duration_ms: 1.107542
  ...
# Subtest: Worker current host heartbeats extend deadline while stale closes do not
ok 506 - Worker current host heartbeats extend deadline while stale closes do not
  ---
  duration_ms: 0.996791
  ...
1..506
# tests 506
# suites 0
# pass 506
# fail 0
# cancelled 0
# skipped 0
# todo 0
# duration_ms 6500.243042
--------------------------|---------|----------|---------|---------|--------------------------------
File                      | % Stmts | % Branch | % Funcs | % Lines | Uncovered Line #s              
--------------------------|---------|----------|---------|---------|--------------------------------
All files                 |   99.55 |    94.61 |   99.59 |   99.55 |                                
 client                   |     100 |    97.94 |    98.3 |     100 |                                
  audio-director.ts       |     100 |    98.38 |     100 |     100 | 77                             
  controller-keyboard.ts  |     100 |      100 |     100 |     100 |                                
  controller-pointers.ts  |     100 |    98.48 |   91.66 |     100 | 56                             
  controller-state.ts     |     100 |    98.95 |     100 |     100 | 81                             
  render-snapshot.ts      |     100 |       90 |     100 |     100 | 37-45                          
  snapshot-stream.ts      |     100 |      100 |     100 |     100 |                                
 online                   |   99.63 |    92.59 |   99.62 |   99.63 |                                
  action-replication.ts   |     100 |    89.94 |     100 |     100 | ...135,142,153,159,162,164-166 
  authority-grace.ts      |     100 |      100 |     100 |     100 |                                
  authority-status.ts     |     100 |      100 |     100 |     100 |                                
  authority.ts            |     100 |      100 |     100 |     100 |                                
  checkpoint.ts           |     100 |    91.66 |     100 |     100 | ...112,114,117-119,121,137,141 
  direct-clock.ts         |     100 |    97.67 |     100 |     100 | 68,92                          
  direct-origin.ts        |     100 |    96.77 |     100 |     100 | 50,54                          
  direct-stream.ts        |     100 |    99.24 |     100 |     100 | 42                             
  host-session.ts         |   99.49 |    89.58 |     100 |   99.49 | 41                             
  ice-config.ts           |     100 |    97.36 |     100 |     100 | 13                             
  ice-signal.ts           |     100 |       92 |     100 |     100 | 9,18                           
  keyframe-delivery.ts    |     100 |      100 |     100 |     100 |                                
  link-callback.ts        |     100 |      100 |     100 |     100 |                                
  link-diagnostics.ts     |     100 |       84 |     100 |     100 | 16,20,33,39-42                 
  link-health.ts          |     100 |      100 |     100 |     100 |                                
  link-restart.ts         |     100 |      100 |     100 |     100 |                                
  link-send-gate.ts       |     100 |      100 |     100 |     100 |                                
  local-runtime.ts        |     100 |    89.58 |     100 |     100 | 33,54,61,71-73                 
  mobile-play-policy.ts   |     100 |      100 |     100 |     100 |                                
  prediction-clock.ts     |     100 |    98.03 |     100 |     100 | 37                             
  prediction.ts           |    97.6 |    87.61 |     100 |    97.6 | 105-107                        
  recipient-ack.ts        |     100 |      100 |     100 |     100 |                                
  remote-signal.ts        |   95.34 |       95 |     100 |   95.34 | 36-37                          
  response-measurement.ts |     100 |    98.52 |     100 |     100 | 25                             
  rollback-world.ts       |   99.49 |    85.25 |     100 |   99.49 | 181                            
  room-lifecycle.ts       |     100 |      100 |     100 |     100 |                                
  room-socket-close.ts    |     100 |      100 |     100 |     100 |                                
  status-notices.ts       |     100 |      100 |     100 |     100 |                                
  world-codec.ts          |     100 |     86.4 |      90 |     100 | ...64,66,68,71-75,86,88-95,100 
 server                   |    98.2 |     92.2 |     100 |    98.2 |                                
  bomb-input.ts           |     100 |      100 |     100 |     100 |                                
  index.ts                |    97.9 |    90.95 |     100 |    97.9 | 60,74,283-286                  
 service                  |     100 |      100 |     100 |     100 |                                
  signal.ts               |     100 |      100 |     100 |     100 |                                
 shared                   |   99.59 |    96.66 |     100 |   99.59 |                                
  action-log.ts           |     100 |    95.04 |     100 |     100 | 40,44,66,75-76,113             
  avatars.ts              |     100 |      100 |     100 |     100 |                                
  blast-geometry.ts       |     100 |      100 |     100 |     100 |                                
  bomb-launch.ts          |     100 |      100 |     100 |     100 |                                
  bot-controller.ts       |     100 |      100 |     100 |     100 |                                
  deterministic-math.ts   |     100 |      100 |     100 |     100 |                                
  direct-input.ts         |     100 |      100 |     100 |     100 |                                
  drunk.ts                |     100 |      100 |     100 |     100 |                                
  duration-text.ts        |     100 |      100 |     100 |     100 |                                
  game.ts                 |   99.44 |    95.63 |     100 |   99.44 | 342-343,730-731,1154-1156      
  gun.ts                  |     100 |    88.23 |     100 |     100 | 26,31                          
  launch-modifiers.ts     |     100 |      100 |     100 |     100 |                                
  leaderboard.ts          |   96.63 |    94.33 |     100 |   96.63 | 46-47,89-90                    
  match-recap.ts          |     100 |    95.71 |     100 |     100 | 23,83,86                       
  match-stats.ts          |     100 |    98.36 |     100 |     100 | 181                            
  pickup-weights.ts       |     100 |       90 |     100 |     100 | 16                             
  portal.ts               |     100 |      100 |     100 |     100 |                                
  protocol.ts             |     100 |      100 |     100 |     100 |                                
  rider-motion.ts         |     100 |      100 |     100 |     100 |                                
  room-code.ts            |     100 |      100 |     100 |     100 |                                
  room-settings.ts        |     100 |    92.85 |     100 |     100 | 27                             
  shell.ts                |     100 |    93.47 |     100 |     100 | 15,47-50                       
  trail-clipping.ts       |     100 |      100 |     100 |     100 |                                
--------------------------|---------|----------|---------|---------|--------------------------------
